global_id,source_file,local_id,question,answer_excerpt,theme_cluster,primary_books,secondary_books,how_to_enrich,compliance_guardrail
JIM-LIT-0001,Harpian_150_Questionnaire.docx,1,1. O que é um Risk Number em linguagem simples?,"Risk Number é uma pontuação numérica entre 1 e 99 que representa a quantidade de risco que um investidor está disposto a aceitar em sua carteira. Em termos práticos, ele é derivado da maior perda tolerável em um período de 6 meses com 95% de confiança estatística. Um Risk Number 1 indica tolerância mínima ao risco; 99 indica tolerância máxima. O conceito foi popularizado pela plataforma Riskalyze (atual Nitrogen Wealth) e tem sido adotado como linguagem padronizada em contextos de planejamento f",risk_number_suitability,B10: The Most Important Thing | B04: Thinking in Bets | B07: The Misbehavior of Markets,B11: Antifragile | B05: The Mathematical Theory of Communication,"Howard Marks, em The Most Important Thing, reforça risco é mais que volatilidade; Annie Duke, em Thinking in Bets, reforça boa decisão pode ter mau resultado; Benoit Mandelbrot, em The Misbehavior of Markets, reforça retornos têm caudas gordas.",Não tratar Risk Number como recomendação; é linguagem de alinhamento de risco e deve exigir revisão humana/suitability.
JIM-LIT-0002,Harpian_150_Questionnaire.docx,2,2. Quais metodologias públicas existem para transformar risco em escala de 1 a 100?,"As principais abordagens incluem: (i) Métodos baseados em Valor em Risco (VaR), que calculam a perda máxima esperada a um dado nível de confiança; (ii) Modelos de pontuação psicométrica, como os questionários FinaMetrica e Riskalyze, que combinam dados quantitativos e comportamentais; (iii) Abordagens baseadas em volatilidade histórica anualizada, normalizadas para uma escala de 1–100; (iv) Frameworks híbridos que combinam capacidade de risco (financeira) e tolerância ao risco (psicológica), com",adversarial_failure_limits,B11: Antifragile | B07: The Misbehavior of Markets | B04: Thinking in Bets,B10: The Most Important Thing | B14: The Art of War,"Nassim Nicholas Taleb, em Antifragile, reforça sistemas frágeis quebram sob stress; Benoit Mandelbrot, em The Misbehavior of Markets, reforça retornos têm caudas gordas; Annie Duke, em Thinking in Bets, reforça boa decisão pode ter mau resultado.","Enfatizar limites, cenários de falha e ausência de garantia; escalar para humano quando envolver ação financeira."
JIM-LIT-0003,Harpian_150_Questionnaire.docx,3,3. Como o Riskalyze/Nitrogen calcula ou comunica o Risk Number?,"O Nitrogen (ex-Riskalyze) calcula o Risk Number a partir de um intervalo de confiança de 95% sobre os retornos esperados em uma janela de 6 meses. O sistema solicita ao investidor que escolha entre pares de trade-offs de ganho/perda hipotéticos (gamificação decisória baseada na Teoria da Perspectiva de Kahneman & Tversky), extraindo implicitamente a aversão à perda do usuário. Esse dado comportamental é combinado com a volatilidade histórica dos ativos da carteira para gerar o Risk Number do por",risk_number_suitability,B10: The Most Important Thing | B04: Thinking in Bets | B07: The Misbehavior of Markets,B11: Antifragile | B05: The Mathematical Theory of Communication,"Howard Marks, em The Most Important Thing, reforça risco é mais que volatilidade; Annie Duke, em Thinking in Bets, reforça boa decisão pode ter mau resultado; Benoit Mandelbrot, em The Misbehavior of Markets, reforça retornos têm caudas gordas.",Não tratar Risk Number como recomendação; é linguagem de alinhamento de risco e deve exigir revisão humana/suitability.
JIM-LIT-0004,Harpian_150_Questionnaire.docx,4,4. Qual é a diferença entre Risk Number e volatilidade?,"Volatilidade é uma medida estatística de dispersão dos retornos, usualmente expressa como desvio padrão anualizado (ex.: 18% a.a.). É simétrica e não distingue movimentos de alta de movimentos de baixa. O Risk Number, por contraste, é uma tradução comportamental e contextualizada do risco: incorpora a assimetria de aversão à perda do investidor e expressa o risco como perda tolerável em linguagem acessível. Um portfólio com 18% de volatilidade pode ter Risk Numbers muito diferentes dependendo do",performance_backtest_metrics,B06: Advances in Financial Machine Learning | B07: The Misbehavior of Markets | B10: The Most Important Thing,B11: Antifragile | B04: Thinking in Bets,"Marcos López de Prado, em Advances in Financial Machine Learning, reforça backtests sofrem risco de overfitting; Benoit Mandelbrot, em The Misbehavior of Markets, reforça retornos têm caudas gordas; Howard Marks, em The Most Important Thing, reforça risco é mais que volatilidade.","Sempre acrescentar: performance passada/backtest não garante resultado futuro; considerar custos, slippage, liquidez, impostos, overfitting e suitability."
JIM-LIT-0005,Harpian_150_Questionnaire.docx,5,5. Qual é a diferença entre Risk Number e drawdown?,"Drawdown mede a queda percentual do valor de um portfólio desde seu pico até seu vale subsequente — é uma medida realizada (ex-post) do risco observado. O Risk Number é prospectivo e probabilístico: estima a perda máxima esperada em 6 meses com 95% de confiança. Além disso, drawdown não incorpora a dimensão comportamental do investidor (sua tolerância), enquanto o Risk Number é construído para refletir justamente essa tolerância. Em termos práticos, um portfólio pode ter um max drawdown históric",performance_backtest_metrics,B06: Advances in Financial Machine Learning | B07: The Misbehavior of Markets | B10: The Most Important Thing,B11: Antifragile | B04: Thinking in Bets,"Marcos López de Prado, em Advances in Financial Machine Learning, reforça backtests sofrem risco de overfitting; Benoit Mandelbrot, em The Misbehavior of Markets, reforça retornos têm caudas gordas; Howard Marks, em The Most Important Thing, reforça risco é mais que volatilidade.","Sempre acrescentar: performance passada/backtest não garante resultado futuro; considerar custos, slippage, liquidez, impostos, overfitting e suitability."
JIM-LIT-0006,Harpian_150_Questionnaire.docx,6,6. Qual é a diferença entre Risk Number e suitability?,"Suitability (adequação) é um conceito regulatório que determina se um produto ou estratégia de investimento é apropriada para um cliente específico, considerando seu perfil financeiro, objetivos, experiência e tolerância ao risco. É obrigatório sob regulações como FINRA Rule 2111 (EUA), MiFID II (Europa) e ICVM 539 (Brasil). O Risk Number é uma ferramenta analítica — uma métrica que quantifica a tolerância ao risco. A suitability é o processo regulatório completo que pode usar o Risk Number como",risk_number_suitability,B10: The Most Important Thing | B04: Thinking in Bets | B07: The Misbehavior of Markets,B11: Antifragile,"Howard Marks, em The Most Important Thing, reforça risco é mais que volatilidade; Annie Duke, em Thinking in Bets, reforça boa decisão pode ter mau resultado; Benoit Mandelbrot, em The Misbehavior of Markets, reforça retornos têm caudas gordas.",Não tratar Risk Number como recomendação; é linguagem de alinhamento de risco e deve exigir revisão humana/suitability.
JIM-LIT-0007,Harpian_150_Questionnaire.docx,7,7. Como explicar Risk Number para um cliente leigo?,"Imagine que sua carteira de investimentos é como uma viagem de avião. O Risk Number é como o nível de turbulência que você aceita durante o voo. Nível 10 é um voo completamente suave — mas você provavelmente chega mais devagar. Nível 90 é uma experiência muito mais turbulenta — mas geralmente chega mais rápido (retorno potencial maior). O Risk Number de 1 a 99 indica: se você tem Risk Number 40, significa que você tolera uma queda de até X% em 6 meses sem vender em pânico e sair do investimento ",risk_number_suitability,B10: The Most Important Thing | B04: Thinking in Bets | B07: The Misbehavior of Markets,B11: Antifragile,"Howard Marks, em The Most Important Thing, reforça risco é mais que volatilidade; Annie Duke, em Thinking in Bets, reforça boa decisão pode ter mau resultado; Benoit Mandelbrot, em The Misbehavior of Markets, reforça retornos têm caudas gordas.",Não tratar Risk Number como recomendação; é linguagem de alinhamento de risco e deve exigir revisão humana/suitability.
JIM-LIT-0008,Harpian_150_Questionnaire.docx,8,8. Como explicar Risk Number para um Family Office?,"Para um Family Office, o Risk Number deve ser apresentado como uma métrica de alinhamento entre o mandato de investimento definido pelo Conselho/Comitê de Investimento e a exposição efetiva do portfólio. O FO geralmente possui múltiplos beneficiários com horizontes e objetivos distintos (geração atual x preservação multigeracional). O Risk Number operacionaliza essa complexidade em uma escala mensurável. Especificamente: o Risk Number do portfólio deve ser compatível com o Risk Number aprovado n",risk_number_suitability,B10: The Most Important Thing | B04: Thinking in Bets | B07: The Misbehavior of Markets,B11: Antifragile,"Howard Marks, em The Most Important Thing, reforça risco é mais que volatilidade; Annie Duke, em Thinking in Bets, reforça boa decisão pode ter mau resultado; Benoit Mandelbrot, em The Misbehavior of Markets, reforça retornos têm caudas gordas.",Não tratar Risk Number como recomendação; é linguagem de alinhamento de risco e deve exigir revisão humana/suitability.
JIM-LIT-0009,Harpian_150_Questionnaire.docx,9,9. Quais inputs mínimos são necessários para estimar Risk Number?,"Os inputs mínimos para estimar um Risk Number aproximado incluem: (i) composição da carteira atual (tickers ou classes de ativos e seus pesos); (ii) volatilidade histórica dos ativos (desvio padrão); (iii) correlações entre os ativos; (iv) horizonte de tempo de referência (padrão: 6 meses); (v) nível de confiança (padrão: 95%). Para gerar o Risk Number comportamental (de tolerância do investidor), adicionam-se: (vi) respostas a questionário de trade-off ganho/perda; (vii) patrimônio líquido e re",risk_number_suitability,B10: The Most Important Thing | B04: Thinking in Bets | B07: The Misbehavior of Markets,B11: Antifragile,"Howard Marks, em The Most Important Thing, reforça risco é mais que volatilidade; Annie Duke, em Thinking in Bets, reforça boa decisão pode ter mau resultado; Benoit Mandelbrot, em The Misbehavior of Markets, reforça retornos têm caudas gordas.",Não tratar Risk Number como recomendação; é linguagem de alinhamento de risco e deve exigir revisão humana/suitability.
JIM-LIT-0010,Harpian_150_Questionnaire.docx,10,"10. Como renda, patrimônio, horizonte e dependentes afetam capacidade de risco?","A capacidade de risco é a dimensão objetiva e financeira do perfil de risco. (i) Renda: quanto maior e mais estável a renda, maior a capacidade de absorver perdas temporárias sem comprometer o padrão de vida — aumenta a capacidade. (ii) Patrimônio: base de capital maior dilui o impacto percentual de perdas — aumenta a capacidade. (iii) Horizonte: horizontes mais longos permitem recuperação de drawdowns e exploração do prêmio de risco de longo prazo (evidenciado por Dimson, Marsh & Staunton) — au",risk_number_suitability,B10: The Most Important Thing | B04: Thinking in Bets | B07: The Misbehavior of Markets,B11: Antifragile | B14: The Art of War,"Howard Marks, em The Most Important Thing, reforça risco é mais que volatilidade; Annie Duke, em Thinking in Bets, reforça boa decisão pode ter mau resultado; Benoit Mandelbrot, em The Misbehavior of Markets, reforça retornos têm caudas gordas.",Não tratar Risk Number como recomendação; é linguagem de alinhamento de risco e deve exigir revisão humana/suitability.
JIM-LIT-0011,Harpian_150_Questionnaire.docx,11,11. Como tolerância a risco difere de capacidade de risco?,"Tolerância ao risco é a dimensão psicológica e emocional: o nível de incerteza e volatilidade que o investidor consegue suportar sem tomar decisões irracionais (como vender em pânico). É subjetiva e relativamente estável ao longo do tempo, mas pode variar com experiências de mercado. Capacidade de risco é a dimensão objetiva e financeira: o nível de perda que o investidor pode efetivamente absorver sem comprometer seus objetivos financeiros essenciais. Um investidor pode ter alta capacidade (gra",risk_number_suitability,B10: The Most Important Thing | B04: Thinking in Bets | B07: The Misbehavior of Markets,B11: Antifragile | B14: The Art of War,"Howard Marks, em The Most Important Thing, reforça risco é mais que volatilidade; Annie Duke, em Thinking in Bets, reforça boa decisão pode ter mau resultado; Benoit Mandelbrot, em The Misbehavior of Markets, reforça retornos têm caudas gordas.",Não tratar Risk Number como recomendação; é linguagem de alinhamento de risco e deve exigir revisão humana/suitability.
JIM-LIT-0012,Harpian_150_Questionnaire.docx,12,12. Como objetivo de retorno muda o risco necessário?,"O objetivo de retorno determina o risco mínimo necessário para atingir a meta financeira — o que pode ser denominado 'risco de destino'. Se um investidor precisa de retorno real de 8% a.a. para atingir sua meta em 15 anos, mas investe em instrumentos que rendem 4% a.a., ele assume risco de destino elevado (probabilidade de não atingir o objetivo) independentemente da baixa volatilidade do portfólio. Esse é um trade-off fundamental: reduzir o risco de jornada (volatilidade) frequentemente aumenta",adversarial_failure_limits,B11: Antifragile | B07: The Misbehavior of Markets | B04: Thinking in Bets,B10: The Most Important Thing | B14: The Art of War,"Nassim Nicholas Taleb, em Antifragile, reforça sistemas frágeis quebram sob stress; Benoit Mandelbrot, em The Misbehavior of Markets, reforça retornos têm caudas gordas; Annie Duke, em Thinking in Bets, reforça boa decisão pode ter mau resultado.","Enfatizar limites, cenários de falha e ausência de garantia; escalar para humano quando envolver ação financeira."
JIM-LIT-0013,Harpian_150_Questionnaire.docx,13,13. Como calcular perda potencial em 6 meses com 95% de confiança?,"Utilizando a metodologia de Valor em Risco Paramétrico (VaR Normal): Perda Potencial = Valor do Portfólio × (μ_6m − 1,645 × σ_6m), onde μ_6m é o retorno médio esperado em 6 meses (pode-se assumir zero para fins conservadores), σ_6m é o desvio padrão de 6 meses = σ_anual / √2, e 1,645 é o z-score correspondente ao percentil 5% da distribuição normal (intervalo unilateral de 95%). Exemplo: portfólio com σ anual de 20%, σ_6m = 20%/√2 ≈ 14,1%. Perda estimada = 1,645 × 14,1% ≈ 23,2%. Nota: o VaR para",performance_backtest_metrics,B06: Advances in Financial Machine Learning | B07: The Misbehavior of Markets | B10: The Most Important Thing,B11: Antifragile,"Marcos López de Prado, em Advances in Financial Machine Learning, reforça backtests sofrem risco de overfitting; Benoit Mandelbrot, em The Misbehavior of Markets, reforça retornos têm caudas gordas; Howard Marks, em The Most Important Thing, reforça risco é mais que volatilidade.","Sempre acrescentar: performance passada/backtest não garante resultado futuro; considerar custos, slippage, liquidez, impostos, overfitting e suitability."
JIM-LIT-0014,Harpian_150_Questionnaire.docx,14,14. Como explicar intervalo de confiança aplicado a portfólios?,"O intervalo de confiança no contexto de portfólios representa o range de retornos esperados dentro do qual os resultados reais devem se situar com determinada probabilidade. Um intervalo de confiança de 95% em 6 meses significa que, em 95% dos cenários simulados (ou observados historicamente), o portfólio não perderá mais do que o valor calculado. De forma intuitiva: 'em 19 de cada 20 períodos de 6 meses, a perda máxima esperada é X%'. O 5% restante representa os cenários de cauda — eventos extr",behavioral_decision,B04: Thinking in Bets | B10: The Most Important Thing | B11: Antifragile,B05: The Mathematical Theory of Communication | B06: Advances in Financial Machine Learning,"Annie Duke, em Thinking in Bets, reforça boa decisão pode ter mau resultado; Howard Marks, em The Most Important Thing, reforça risco é mais que volatilidade; Nassim Nicholas Taleb, em Antifragile, reforça sistemas frágeis quebram sob stress.","Evitar aconselhamento pessoal; reforçar processo decisório, probabilidades e adequação ao perfil."
JIM-LIT-0015,Harpian_150_Questionnaire.docx,15,15. Quais limites regulatórios existem ao usar score de risco?,"No contexto regulatório, os principais limites incluem: (i) MiFID II (Europa): exige categorização formal de cliente (Retail, Professional, Eligible Counterparty) e avaliação de adequação (suitability assessment) documentada — o score de risco por si só não cumpre o requisito; (ii) FINRA (EUA): Rule 2111 exige análise de suitability e Rule 4512 exige KYC completo — o Risk Number é ferramenta auxiliar, não substituto; (iii) CVM (Brasil): Resolução CVM 30/2021 exige classificação de investidores e",adversarial_failure_limits,B11: Antifragile | B07: The Misbehavior of Markets | B04: Thinking in Bets,B10: The Most Important Thing | B14: The Art of War,"Nassim Nicholas Taleb, em Antifragile, reforça sistemas frágeis quebram sob stress; Benoit Mandelbrot, em The Misbehavior of Markets, reforça retornos têm caudas gordas; Annie Duke, em Thinking in Bets, reforça boa decisão pode ter mau resultado.","Enfatizar limites, cenários de falha e ausência de garantia; escalar para humano quando envolver ação financeira."
JIM-LIT-0016,Harpian_150_Questionnaire.docx,16,16. Como explicar 'Approximate Risk Number' sem prometer precisão?,"O 'Approximate Risk Number' deve ser comunicado como uma estimativa orientativa baseada em dados incompletos ou simplificados, não como uma avaliação formal de perfil de risco. Linguagem adequada: 'Com base nas informações fornecidas, seu perfil de risco estimado situa-se na faixa de X a Y. Esta é uma aproximação preliminar que serve como ponto de partida para uma análise mais aprofundada. Para uma avaliação completa, seria necessário um questionário formal e análise detalhada da sua situação fi",risk_number_suitability,B10: The Most Important Thing | B04: Thinking in Bets | B07: The Misbehavior of Markets,B11: Antifragile | B14: The Art of War,"Howard Marks, em The Most Important Thing, reforça risco é mais que volatilidade; Annie Duke, em Thinking in Bets, reforça boa decisão pode ter mau resultado; Benoit Mandelbrot, em The Misbehavior of Markets, reforça retornos têm caudas gordas.",Não tratar Risk Number como recomendação; é linguagem de alinhamento de risco e deve exigir revisão humana/suitability.
JIM-LIT-0017,Harpian_150_Questionnaire.docx,17,17. Como comunicar baixa confiança no cálculo?,"Comunicar baixa confiança no cálculo requer transparência sobre suas limitações. Estratégias recomendadas: (i) indicar explicitamente o intervalo de incerteza em vez de um número único (ex.: 'seu Risk Number estimado está entre 30 e 50'); (ii) especificar os dados faltantes que limitam a precisão; (iii) usar linguagem qualificada: 'com base nos dados disponíveis, a estimativa é X, mas esta avaliação tem limitações devido a [motivo]'; (iv) oferecer caminho de refinamento: 'para aumentar a precisã",behavioral_decision,B04: Thinking in Bets | B10: The Most Important Thing | B11: Antifragile,B05: The Mathematical Theory of Communication,"Annie Duke, em Thinking in Bets, reforça boa decisão pode ter mau resultado; Howard Marks, em The Most Important Thing, reforça risco é mais que volatilidade; Nassim Nicholas Taleb, em Antifragile, reforça sistemas frágeis quebram sob stress.","Evitar aconselhamento pessoal; reforçar processo decisório, probabilidades e adequação ao perfil."
JIM-LIT-0018,Harpian_150_Questionnaire.docx,18,18. Quais frases evitar ao explicar score de risco?,"Frases a evitar rigorosamente: (i) 'Seu portfólio é seguro' — implica garantia inexistente; (ii) 'Este investimento não vai cair mais de X%' — promessa de performance proibida; (iii) 'Nosso sistema garante proteção contra perdas' — nenhum sistema garante proteção total; (iv) 'Você vai ganhar X% ao ano' — projeção de retorno como certeza; (v) 'Este score é preciso' — sem qualificação, cria expectativa de exatidão indevida; (vi) 'Você não vai perder dinheiro' — falso e potencialmente fraudulento; ",adversarial_failure_limits,B11: Antifragile | B07: The Misbehavior of Markets | B04: Thinking in Bets,B10: The Most Important Thing | B14: The Art of War,"Nassim Nicholas Taleb, em Antifragile, reforça sistemas frágeis quebram sob stress; Benoit Mandelbrot, em The Misbehavior of Markets, reforça retornos têm caudas gordas; Annie Duke, em Thinking in Bets, reforça boa decisão pode ter mau resultado.","Enfatizar limites, cenários de falha e ausência de garantia; escalar para humano quando envolver ação financeira."
JIM-LIT-0019,Harpian_150_Questionnaire.docx,19,19. Quais disclaimers usar em risk profiling?,"Disclaimers recomendados para contextos de risk profiling: (i) 'Este perfil de risco é baseado nas informações fornecidas e pode não refletir mudanças em sua situação financeira pessoal.'; (ii) 'Resultados passados não garantem resultados futuros.'; (iii) 'O Risk Number é uma estimativa e não constitui garantia de performance ou proteção contra perdas.'; (iv) 'Este documento não constitui aconselhamento jurídico, fiscal ou de investimento individualizado.'; (v) 'Investimentos envolvem riscos, in",adversarial_failure_limits,B11: Antifragile | B07: The Misbehavior of Markets | B04: Thinking in Bets,B10: The Most Important Thing | B14: The Art of War,"Nassim Nicholas Taleb, em Antifragile, reforça sistemas frágeis quebram sob stress; Benoit Mandelbrot, em The Misbehavior of Markets, reforça retornos têm caudas gordas; Annie Duke, em Thinking in Bets, reforça boa decisão pode ter mau resultado.","Enfatizar limites, cenários de falha e ausência de garantia; escalar para humano quando envolver ação financeira."
JIM-LIT-0020,Harpian_150_Questionnaire.docx,20,20. Como documentar que o cliente aceitou desalinhamento?,"A documentação do aceite de desalinhamento deve incluir: (i) registro formal (assinado ou com consentimento digital auditável) indicando que o cliente foi informado sobre a divergência entre seu Risk Number pessoal e o Risk Number do portfólio escolhido; (ii) descrição explícita da natureza do desalinhamento (ex.: 'seu perfil indica Risk Number 35, mas você optou por uma estratégia com Risk Number 58'); (iii) declaração de que os riscos adicionais foram explicados e compreendidos; (iv) data e id",risk_number_suitability,B10: The Most Important Thing | B04: Thinking in Bets | B07: The Misbehavior of Markets,B11: Antifragile,"Howard Marks, em The Most Important Thing, reforça risco é mais que volatilidade; Annie Duke, em Thinking in Bets, reforça boa decisão pode ter mau resultado; Benoit Mandelbrot, em The Misbehavior of Markets, reforça retornos têm caudas gordas.",Não tratar Risk Number como recomendação; é linguagem de alinhamento de risco e deve exigir revisão humana/suitability.
JIM-LIT-0021,Harpian_150_Questionnaire.docx,21,21. O que é volatilidade anualizada?,"Volatilidade anualizada é o desvio padrão dos retornos de um ativo ou portfólio, escalado para um período de um ano. É a medida mais utilizada de risco estatístico em finanças quantitativas. Matematicamente: σ_anual = σ_período × √(períodos por ano). Para retornos diários: σ_anual = σ_diário × √252 (utilizando convenção de 252 dias úteis por ano). Para retornos mensais: σ_anual = σ_mensal × √12. Representa a amplitude esperada de oscilação do retorno anual em torno de sua média. Por exemplo, uma",performance_backtest_metrics,B06: Advances in Financial Machine Learning | B07: The Misbehavior of Markets | B10: The Most Important Thing,B11: Antifragile,"Marcos López de Prado, em Advances in Financial Machine Learning, reforça backtests sofrem risco de overfitting; Benoit Mandelbrot, em The Misbehavior of Markets, reforça retornos têm caudas gordas; Howard Marks, em The Most Important Thing, reforça risco é mais que volatilidade.","Sempre acrescentar: performance passada/backtest não garante resultado futuro; considerar custos, slippage, liquidez, impostos, overfitting e suitability."
JIM-LIT-0022,Harpian_150_Questionnaire.docx,22,22. Como converter volatilidade diária em anualizada?,"A conversão de volatilidade diária para anualizada segue a regra da raiz quadrada do tempo (derivada da hipótese de retornos independentes e identicamente distribuídos — i.i.d.): σ_anual = σ_diário × √252. O fator 252 é a convenção padrão de dias úteis em mercados americanos. Algumas jurisdições utilizam 250 ou 260. A fórmula assume que os retornos diários são independentes — premissa que é razoável para períodos curtos mas que pode ser violada em períodos de crise, onde a autocorrelação de reto",performance_backtest_metrics,B06: Advances in Financial Machine Learning | B07: The Misbehavior of Markets | B10: The Most Important Thing,B11: Antifragile,"Marcos López de Prado, em Advances in Financial Machine Learning, reforça backtests sofrem risco de overfitting; Benoit Mandelbrot, em The Misbehavior of Markets, reforça retornos têm caudas gordas; Howard Marks, em The Most Important Thing, reforça risco é mais que volatilidade.","Sempre acrescentar: performance passada/backtest não garante resultado futuro; considerar custos, slippage, liquidez, impostos, overfitting e suitability."
JIM-LIT-0023,Harpian_150_Questionnaire.docx,23,23. O que é drawdown?,"Drawdown é a queda percentual acumulada no valor de um portfólio ou ativo, medida da diferença entre um pico de valor anterior e o valor atual (ou um vale subsequente). Formalmente: DD(t) = [P(t) − max(P(s) | s ≤ t)] / max(P(s) | s ≤ t), onde P(t) é o valor na data t e max(P(s)) é o maior valor atingido até a data t. O drawdown é zero quando o portfólio está em sua máxima histórica e se torna negativo à medida que o valor cai. É uma medida de risco assimétrica e path-dependent (depende da trajet",performance_backtest_metrics,B06: Advances in Financial Machine Learning | B07: The Misbehavior of Markets | B10: The Most Important Thing,B11: Antifragile,"Marcos López de Prado, em Advances in Financial Machine Learning, reforça backtests sofrem risco de overfitting; Benoit Mandelbrot, em The Misbehavior of Markets, reforça retornos têm caudas gordas; Howard Marks, em The Most Important Thing, reforça risco é mais que volatilidade.","Sempre acrescentar: performance passada/backtest não garante resultado futuro; considerar custos, slippage, liquidez, impostos, overfitting e suitability."
JIM-LIT-0024,Harpian_150_Questionnaire.docx,24,24. O que é max drawdown?,Max Drawdown (MDD) é a maior queda percentual registrada entre um pico e o vale subsequente ao longo de todo o histórico de um portfólio. É calculado como: MDD = min[DD(t)] ao longo de todo o período analisado. Representa o pior cenário histórico de perda que um investidor poderia ter sofrido caso tivesse investido no pico e mantido a posição até o vale mínimo. É uma das métricas de risco mais relevantes para investidores de longo prazo pois captura a magnitude máxima de destruição de capital. C,performance_backtest_metrics,B06: Advances in Financial Machine Learning | B07: The Misbehavior of Markets | B10: The Most Important Thing,B11: Antifragile,"Marcos López de Prado, em Advances in Financial Machine Learning, reforça backtests sofrem risco de overfitting; Benoit Mandelbrot, em The Misbehavior of Markets, reforça retornos têm caudas gordas; Howard Marks, em The Most Important Thing, reforça risco é mais que volatilidade.","Sempre acrescentar: performance passada/backtest não garante resultado futuro; considerar custos, slippage, liquidez, impostos, overfitting e suitability."
JIM-LIT-0025,Harpian_150_Questionnaire.docx,25,25. O que é drawdown duration?,"Drawdown Duration (ou recovery period) é o intervalo de tempo entre um pico de valor de portfólio e o momento em que esse pico é recuperado — ou seja, o tempo total que o investidor permanece 'abaixo do pico'. É uma dimensão temporal do risco de drawdown, complementar à sua magnitude. Por exemplo, o S&P 500 levou aproximadamente 4 anos para recuperar o pico de 2000 após o estouro da bolha dot-com, e cerca de 5 anos para recuperar o pico de outubro de 2007 após a crise de 2008. Drawdowns longos t",performance_backtest_metrics,B06: Advances in Financial Machine Learning | B07: The Misbehavior of Markets | B10: The Most Important Thing,B11: Antifragile | B04: Thinking in Bets,"Marcos López de Prado, em Advances in Financial Machine Learning, reforça backtests sofrem risco de overfitting; Benoit Mandelbrot, em The Misbehavior of Markets, reforça retornos têm caudas gordas; Howard Marks, em The Most Important Thing, reforça risco é mais que volatilidade.","Sempre acrescentar: performance passada/backtest não garante resultado futuro; considerar custos, slippage, liquidez, impostos, overfitting e suitability."
JIM-LIT-0026,Harpian_150_Questionnaire.docx,26,26. O que é downside deviation?,"Downside deviation (desvio negativo) é uma medida de volatilidade que considera apenas os retornos abaixo de um threshold pré-definido (usualmente zero ou a taxa livre de risco). Matematicamente: DD = √[Σ(min(r_i − threshold, 0)²) / n]. Difere do desvio padrão convencional porque ignora a volatilidade positiva (ganhos), capturando apenas a dispersão de retornos indesejados. É a base do Sortino Ratio e alinha-se melhor com a aversão à perda documentada por Kahneman & Tversky (1979), segundo a qua",performance_backtest_metrics,B06: Advances in Financial Machine Learning | B07: The Misbehavior of Markets | B10: The Most Important Thing,B11: Antifragile,"Marcos López de Prado, em Advances in Financial Machine Learning, reforça backtests sofrem risco de overfitting; Benoit Mandelbrot, em The Misbehavior of Markets, reforça retornos têm caudas gordas; Howard Marks, em The Most Important Thing, reforça risco é mais que volatilidade.","Sempre acrescentar: performance passada/backtest não garante resultado futuro; considerar custos, slippage, liquidez, impostos, overfitting e suitability."
JIM-LIT-0027,Harpian_150_Questionnaire.docx,27,27. O que é Sharpe Ratio?,"O Sharpe Ratio, desenvolvido por William F. Sharpe em 1966, mede o retorno em excesso sobre a taxa livre de risco por unidade de risco total (volatilidade): SR = (R_p − R_f) / σ_p, onde R_p é o retorno do portfólio, R_f é a taxa livre de risco e σ_p é o desvio padrão do portfólio. Um SR > 1 é geralmente considerado bom; SR > 2 é muito bom. Limitações: (i) penaliza igualmente a volatilidade positiva e negativa; (ii) assume distribuição normal dos retornos; (iii) é sensível ao período de análise; ",performance_backtest_metrics,B06: Advances in Financial Machine Learning | B07: The Misbehavior of Markets | B10: The Most Important Thing,B11: Antifragile,"Marcos López de Prado, em Advances in Financial Machine Learning, reforça backtests sofrem risco de overfitting; Benoit Mandelbrot, em The Misbehavior of Markets, reforça retornos têm caudas gordas; Howard Marks, em The Most Important Thing, reforça risco é mais que volatilidade.","Sempre acrescentar: performance passada/backtest não garante resultado futuro; considerar custos, slippage, liquidez, impostos, overfitting e suitability."
JIM-LIT-0028,Harpian_150_Questionnaire.docx,28,28. O que é Sortino Ratio?,"O Sortino Ratio, desenvolvido por Frank Sortino, é uma variação do Sharpe Ratio que substitui o desvio padrão total pelo downside deviation no denominador: SoR = (R_p − MAR) / DD, onde MAR é o minimum acceptable return (retorno mínimo aceitável, frequentemente zero ou a taxa livre de risco) e DD é o downside deviation em relação ao MAR. Ao penalizar apenas a volatilidade negativa, o Sortino Ratio é mais adequado para estratégias com distribuições assimétricas positivas — como estratégias de mome",performance_backtest_metrics,B06: Advances in Financial Machine Learning | B07: The Misbehavior of Markets | B10: The Most Important Thing,B11: Antifragile,"Marcos López de Prado, em Advances in Financial Machine Learning, reforça backtests sofrem risco de overfitting; Benoit Mandelbrot, em The Misbehavior of Markets, reforça retornos têm caudas gordas; Howard Marks, em The Most Important Thing, reforça risco é mais que volatilidade.","Sempre acrescentar: performance passada/backtest não garante resultado futuro; considerar custos, slippage, liquidez, impostos, overfitting e suitability."
JIM-LIT-0029,Harpian_150_Questionnaire.docx,29,29. Por que Sortino pode ser melhor que Sharpe?,"O Sortino Ratio pode ser superior ao Sharpe Ratio em três contextos principais: (i) Estratégias assimétricais: estratégias que reduzem ativamente a volatilidade negativa (como o StormGuard-Armor) têm retornos que não seguem distribuição normal — o Sharpe penaliza indevidamente a volatilidade positiva que essas estratégias preservam; (ii) Alinhamento com preferências reais: investidores se preocupam com perdas, não com ganhos voláteis — o Sortino capta essa assimetria de preferência de forma mais",performance_backtest_metrics,B06: Advances in Financial Machine Learning | B07: The Misbehavior of Markets | B10: The Most Important Thing,B11: Antifragile,"Marcos López de Prado, em Advances in Financial Machine Learning, reforça backtests sofrem risco de overfitting; Benoit Mandelbrot, em The Misbehavior of Markets, reforça retornos têm caudas gordas; Howard Marks, em The Most Important Thing, reforça risco é mais que volatilidade.","Sempre acrescentar: performance passada/backtest não garante resultado futuro; considerar custos, slippage, liquidez, impostos, overfitting e suitability."
JIM-LIT-0030,Harpian_150_Questionnaire.docx,30,30. O que é CAGR?,"CAGR (Compound Annual Growth Rate — Taxa de Crescimento Anual Composta) é a taxa de crescimento anualizada que produziria, se aplicada de forma constante, o mesmo resultado final observado ao longo de um período: CAGR = (Valor_Final / Valor_Inicial)^(1/n) − 1, onde n é o número de anos. Por exemplo, um portfólio que cresceu de 100 para 200 em 5 anos tem CAGR = (200/100)^(1/5) − 1 = 14,87% a.a. O CAGR é uma métrica de retorno suavizada que elimina a volatilidade do caminho e representa o retorno ",performance_backtest_metrics,B06: Advances in Financial Machine Learning | B07: The Misbehavior of Markets | B10: The Most Important Thing,B11: Antifragile,"Marcos López de Prado, em Advances in Financial Machine Learning, reforça backtests sofrem risco de overfitting; Benoit Mandelbrot, em The Misbehavior of Markets, reforça retornos têm caudas gordas; Howard Marks, em The Most Important Thing, reforça risco é mais que volatilidade.","Sempre acrescentar: performance passada/backtest não garante resultado futuro; considerar custos, slippage, liquidez, impostos, overfitting e suitability."
JIM-LIT-0031,Harpian_150_Questionnaire.docx,31,31. O que é retorno acumulado?,"Retorno acumulado é o crescimento percentual total do valor de um investimento ao longo de um período específico, sem anualização: R_acumulado = (Valor_Final − Valor_Inicial) / Valor_Inicial × 100%. É a medida mais direta de performance observada em um período definido. Pode ser convertido em CAGR para comparações entre períodos de durações diferentes. Por exemplo, retorno acumulado de 150% em 10 anos corresponde a CAGR de (2,5)^(1/10) − 1 = 9,6% a.a. Para períodos curtos ou comparações cross-es",performance_backtest_metrics,B06: Advances in Financial Machine Learning | B07: The Misbehavior of Markets | B10: The Most Important Thing,B11: Antifragile,"Marcos López de Prado, em Advances in Financial Machine Learning, reforça backtests sofrem risco de overfitting; Benoit Mandelbrot, em The Misbehavior of Markets, reforça retornos têm caudas gordas; Howard Marks, em The Most Important Thing, reforça risco é mais que volatilidade.","Sempre acrescentar: performance passada/backtest não garante resultado futuro; considerar custos, slippage, liquidez, impostos, overfitting e suitability."
JIM-LIT-0032,Harpian_150_Questionnaire.docx,32,32. O que é retorno rolling?,"Retorno rolling (ou retorno deslizante) é o cálculo de retornos para janelas temporais fixas que se movem ao longo do histórico de dados, calculando o retorno de cada janela consecutiva. Por exemplo, retornos rolling de 12 meses calculam o retorno dos últimos 12 meses para cada data do histórico — gerando uma série temporal de retornos anualizados. É uma ferramenta analítica poderosa porque: (i) elimina o viés de seleção de data de início e fim; (ii) mostra a consistência e estabilidade da perfo",performance_backtest_metrics,B06: Advances in Financial Machine Learning | B07: The Misbehavior of Markets | B10: The Most Important Thing,B11: Antifragile,"Marcos López de Prado, em Advances in Financial Machine Learning, reforça backtests sofrem risco de overfitting; Benoit Mandelbrot, em The Misbehavior of Markets, reforça retornos têm caudas gordas; Howard Marks, em The Most Important Thing, reforça risco é mais que volatilidade.","Sempre acrescentar: performance passada/backtest não garante resultado futuro; considerar custos, slippage, liquidez, impostos, overfitting e suitability."
JIM-LIT-0033,Harpian_150_Questionnaire.docx,33,33. O que é correlação?,"Correlação é uma medida estatística da relação linear entre os retornos de dois ativos, expressa pelo coeficiente de correlação de Pearson ρ ∈ [−1, 1]. ρ = +1 indica movimentos perfeitamente sincronizados na mesma direção; ρ = −1 indica movimentos perfeitamente inversamente sincronizados; ρ = 0 indica ausência de relação linear. Em teoria de portfólio (Markowitz, 1952), ativos com correlação menor que 1 geram benefício de diversificação — a combinação reduz o risco total abaixo da média ponderad",adversarial_failure_limits,B11: Antifragile | B07: The Misbehavior of Markets | B04: Thinking in Bets,B10: The Most Important Thing | B14: The Art of War,"Nassim Nicholas Taleb, em Antifragile, reforça sistemas frágeis quebram sob stress; Benoit Mandelbrot, em The Misbehavior of Markets, reforça retornos têm caudas gordas; Annie Duke, em Thinking in Bets, reforça boa decisão pode ter mau resultado.","Enfatizar limites, cenários de falha e ausência de garantia; escalar para humano quando envolver ação financeira."
JIM-LIT-0034,Harpian_150_Questionnaire.docx,34,34. O que acontece com correlações em crises?,"Em períodos de crise sistêmica, correlações entre classes de ativos convergem dramaticamente para +1 — fenômeno conhecido como 'correlation breakdown' ou 'flight to correlation'. Evidência empírica da crise de 2008 demonstra que ações, crédito high yield, REITs, commodities e moedas de países emergentes, que em condições normais apresentavam correlações distintas, passaram a cair simultaneamente. Apenas ativos de refúgio (US Treasuries, ouro, dólar americano) mantiveram correlação negativa com r",adversarial_failure_limits,B11: Antifragile | B07: The Misbehavior of Markets | B04: Thinking in Bets,B10: The Most Important Thing | B14: The Art of War,"Nassim Nicholas Taleb, em Antifragile, reforça sistemas frágeis quebram sob stress; Benoit Mandelbrot, em The Misbehavior of Markets, reforça retornos têm caudas gordas; Annie Duke, em Thinking in Bets, reforça boa decisão pode ter mau resultado.","Enfatizar limites, cenários de falha e ausência de garantia; escalar para humano quando envolver ação financeira."
JIM-LIT-0035,Harpian_150_Questionnaire.docx,35,35. O que é beta?,"Beta (β) é uma medida de sensibilidade do retorno de um ativo ou portfólio em relação aos movimentos do mercado de referência (benchmark). Formalmente: β = Cov(R_i, R_m) / Var(R_m), onde R_i é o retorno do ativo e R_m é o retorno do mercado. β = 1 indica que o ativo se move em linha com o mercado; β > 1 indica amplificação dos movimentos do mercado (ativo mais volátil que o mercado); β < 1 indica amortecimento; β < 0 indica movimentos inversamente correlacionados. No Capital Asset Pricing Model ",performance_backtest_metrics,B06: Advances in Financial Machine Learning | B07: The Misbehavior of Markets | B10: The Most Important Thing,B11: Antifragile,"Marcos López de Prado, em Advances in Financial Machine Learning, reforça backtests sofrem risco de overfitting; Benoit Mandelbrot, em The Misbehavior of Markets, reforça retornos têm caudas gordas; Howard Marks, em The Most Important Thing, reforça risco é mais que volatilidade.","Sempre acrescentar: performance passada/backtest não garante resultado futuro; considerar custos, slippage, liquidez, impostos, overfitting e suitability."
JIM-LIT-0036,Harpian_150_Questionnaire.docx,36,36. O que é alpha?,Alpha (α) é o retorno de um portfólio em excesso ao retorno explicado pela exposição ao mercado (beta). No framework CAPM: α = R_p − [R_f + β(R_m − R_f)]. Alpha positivo indica que o gestor gerou retorno superior ao que seria esperado dado o seu nível de exposição ao risco sistemático — evidência de habilidade ou informação superior. Alpha é o objetivo central da gestão ativa: provar que o diferencial de retorno não é apenas compensação por maior risco. Em modelos multifatoriais (Fama-French 3 f,performance_backtest_metrics,B06: Advances in Financial Machine Learning | B07: The Misbehavior of Markets | B10: The Most Important Thing,B11: Antifragile | B04: Thinking in Bets,"Marcos López de Prado, em Advances in Financial Machine Learning, reforça backtests sofrem risco de overfitting; Benoit Mandelbrot, em The Misbehavior of Markets, reforça retornos têm caudas gordas; Howard Marks, em The Most Important Thing, reforça risco é mais que volatilidade.","Sempre acrescentar: performance passada/backtest não garante resultado futuro; considerar custos, slippage, liquidez, impostos, overfitting e suitability."
JIM-LIT-0037,Harpian_150_Questionnaire.docx,37,37. O que é RAF — Risk Acceleration Factor?,"O Risk Acceleration Factor (RAF) é uma métrica proprietária do ecossistema Harpian que mede a velocidade com que um ativo amplifica o risco de portfólio em relação ao benchmark durante períodos de estresse. Conceitualmente, o RAF captura não apenas a magnitude da correlação com movimentos negativos do mercado (beta de baixa), mas a aceleração dessa correlação — quão rapidamente um ativo passa de comportamento diversificador para comportamento pró-risco durante transições de regime. Ativos com RA",behavioral_decision,B04: Thinking in Bets | B10: The Most Important Thing | B11: Antifragile,B05: The Mathematical Theory of Communication | B07: The Misbehavior of Markets,"Annie Duke, em Thinking in Bets, reforça boa decisão pode ter mau resultado; Howard Marks, em The Most Important Thing, reforça risco é mais que volatilidade; Nassim Nicholas Taleb, em Antifragile, reforça sistemas frágeis quebram sob stress.","Evitar aconselhamento pessoal; reforçar processo decisório, probabilidades e adequação ao perfil."
JIM-LIT-0038,Harpian_150_Questionnaire.docx,38,38. Como explicar RAF em linguagem simples?,"O RAF pode ser explicado como a 'velocidade de contágio' de um ativo quando o mercado entra em pânico. Imagine dois ativos que normalmente se comportam de forma independente. Em condições normais, ambos parecem 'defensivos'. Mas quando a crise se instala, o ativo com RAF alto rapidamente 'pega o vírus' do mercado — começa a cair junto com tudo. Já o ativo com RAF baixo mantém seu comportamento independente mesmo sob pressão sistêmica. O RAF mede, portanto, quão confiável é a proteção oferecida p",behavioral_decision,B04: Thinking in Bets | B10: The Most Important Thing | B11: Antifragile,B05: The Mathematical Theory of Communication,"Annie Duke, em Thinking in Bets, reforça boa decisão pode ter mau resultado; Howard Marks, em The Most Important Thing, reforça risco é mais que volatilidade; Nassim Nicholas Taleb, em Antifragile, reforça sistemas frágeis quebram sob stress.","Evitar aconselhamento pessoal; reforçar processo decisório, probabilidades e adequação ao perfil."
JIM-LIT-0039,Harpian_150_Questionnaire.docx,39,39. Como ativos defensivos têm RAF baixo?,"Ativos verdadeiramente defensivos mantêm baixa correlação com o mercado de ações mesmo durante períodos de estresse sistêmico. Essa característica se reflete em RAF baixo porque: (i) possuem drivers de retorno independentes do ciclo econômico (ex.: US Treasuries de curto prazo, cujo retorno é determinado por política monetária, não por lucros corporativos); (ii) são ativos de refúgio estrutural com demanda aumentada em crises (dólar americano, ouro físico em certos contextos); (iii) possuem perf",performance_backtest_metrics,B06: Advances in Financial Machine Learning | B07: The Misbehavior of Markets | B10: The Most Important Thing,B11: Antifragile | B04: Thinking in Bets,"Marcos López de Prado, em Advances in Financial Machine Learning, reforça backtests sofrem risco de overfitting; Benoit Mandelbrot, em The Misbehavior of Markets, reforça retornos têm caudas gordas; Howard Marks, em The Most Important Thing, reforça risco é mais que volatilidade.","Sempre acrescentar: performance passada/backtest não garante resultado futuro; considerar custos, slippage, liquidez, impostos, overfitting e suitability."
JIM-LIT-0040,Harpian_150_Questionnaire.docx,40,40. Como ativos cíclicos têm RAF alto?,"Ativos cíclicos — como setores de consumo discricionário, materiais, industriais, tecnologia de alto múltiplo e commodities — têm desempenho intrinsecamente ligado ao ciclo econômico. Em expansões, oferecem retornos superiores; em contrações, amplificam as quedas. O RAF alto reflete que esses ativos não apenas caem durante crises, mas que a aceleração de sua correlação com o mercado é rápida e intensa. Por exemplo, setores de tecnologia e consumo discricionário apresentaram betas realizados sign",performance_backtest_metrics,B06: Advances in Financial Machine Learning | B07: The Misbehavior of Markets | B10: The Most Important Thing,B11: Antifragile,"Marcos López de Prado, em Advances in Financial Machine Learning, reforça backtests sofrem risco de overfitting; Benoit Mandelbrot, em The Misbehavior of Markets, reforça retornos têm caudas gordas; Howard Marks, em The Most Important Thing, reforça risco é mais que volatilidade.","Sempre acrescentar: performance passada/backtest não garante resultado futuro; considerar custos, slippage, liquidez, impostos, overfitting e suitability."
JIM-LIT-0041,Harpian_150_Questionnaire.docx,41,41. O que é Temporal Portfolio Theory?,"A Teoria do Portfólio Temporal (TPT) é um framework desenvolvido por Scott Juds (SumGrowth Strategies) que trata os preços de mercado como sinais de informação contaminados por ruído aleatório, aplicando princípios da teoria de processamento de sinais eletrônicos para extrair tendências investíveis. Diferentemente da Teoria Moderna do Portfólio (MPT) de Markowitz, que opera no domínio do espaço (correlações entre ativos em um dado instante), a TPT opera no domínio temporal, identificando padrões",momentum_regime_stormguard,B01: Quantitative Momentum | B02: Chaos and Order in the Capital Markets | B06: Advances in Financial Machine Learning,B07: The Misbehavior of Markets | B03: The Man Who Solved the Market,"Wesley Gray & Jack Vogel, em Quantitative Momentum, reforça momentum como prêmio persistente porém cíclico; Edgar Peters, em Chaos and Order in the Capital Markets, reforça mercados alternam ordem e caos; Marcos López de Prado, em Advances in Financial Machine Learning, reforça backtests sofrem risco de overfitting.",Não prometer proteção ou captura de tendências; explicar sinais como leitura probabilística de regime sujeita a falso positivo/falso negativo.
JIM-LIT-0042,Harpian_150_Questionnaire.docx,42,42. Como TPT difere de Modern Portfolio Theory?,As diferenças fundamentais entre TPT e MPT são: (i) Dimensão de análise: MPT opera no domínio do espaço (correlações estáticas entre ativos); TPT opera no domínio do tempo (evolução temporal de tendências); (ii) Premissa de correlação: MPT assume correlações estáveis; TPT reconhece correlações como dinâmicas e regime-dependentes; (iii) Tratamento do risco: MPT usa variância como medida única de risco (simétrica); TPT diferencia sete faces do risco e usa ferramentas específicas para cada uma; (iv,adversarial_failure_limits,B11: Antifragile | B07: The Misbehavior of Markets | B04: Thinking in Bets,B10: The Most Important Thing | B14: The Art of War,"Nassim Nicholas Taleb, em Antifragile, reforça sistemas frágeis quebram sob stress; Benoit Mandelbrot, em The Misbehavior of Markets, reforça retornos têm caudas gordas; Annie Duke, em Thinking in Bets, reforça boa decisão pode ter mau resultado.","Enfatizar limites, cenários de falha e ausência de garantia; escalar para humano quando envolver ação financeira."
JIM-LIT-0043,Harpian_150_Questionnaire.docx,43,43. Por que MPT pode falhar em crises?,"A MPT falha em crises por três razões estruturais: (i) Colapso de correlações: a teoria assume correlações estáveis, mas em crises sistêmicas as correlações convergem para +1 — a diversificação que protegia o portfólio em condições normais desaparece quando mais é necessária (Longin & Solnik, 2001); (ii) Distribuição de retornos não-normal: a MPT assume retornos normalmente distribuídos, mas crises produzem 'fat tails' (caudas gordas) — eventos de -5σ ou mais que ocorrem com frequência muito sup",performance_backtest_metrics,B06: Advances in Financial Machine Learning | B07: The Misbehavior of Markets | B10: The Most Important Thing,B11: Antifragile | B04: Thinking in Bets,"Marcos López de Prado, em Advances in Financial Machine Learning, reforça backtests sofrem risco de overfitting; Benoit Mandelbrot, em The Misbehavior of Markets, reforça retornos têm caudas gordas; Howard Marks, em The Most Important Thing, reforça risco é mais que volatilidade.","Sempre acrescentar: performance passada/backtest não garante resultado futuro; considerar custos, slippage, liquidez, impostos, overfitting e suitability."
JIM-LIT-0044,Harpian_150_Questionnaire.docx,44,44. O que significa tratar capital como sinal?,"Tratar capital como sinal significa aplicar a estrutura matemática da teoria de processamento de sinais à análise de preços e retornos. Na teoria de comunicação (Shannon, 1948), um sinal de informação é sempre acompanhado de ruído — perturbações aleatórias que obscurecem a mensagem real. Da mesma forma, na TPT, os preços de mercado contêm um sinal de informação genuíno (tendência, momentum, mudança de regime) embutido em ruído (flutuações aleatórias diárias, ruído de high-frequency trading, reaç",momentum_regime_stormguard,B01: Quantitative Momentum | B02: Chaos and Order in the Capital Markets | B06: Advances in Financial Machine Learning,B07: The Misbehavior of Markets | B03: The Man Who Solved the Market,"Wesley Gray & Jack Vogel, em Quantitative Momentum, reforça momentum como prêmio persistente porém cíclico; Edgar Peters, em Chaos and Order in the Capital Markets, reforça mercados alternam ordem e caos; Marcos López de Prado, em Advances in Financial Machine Learning, reforça backtests sofrem risco de overfitting.",Não prometer proteção ou captura de tendências; explicar sinais como leitura probabilística de regime sujeita a falso positivo/falso negativo.
JIM-LIT-0045,Harpian_150_Questionnaire.docx,45,45. O que é signal-to-noise ratio em mercados?,"A relação sinal-ruído (Signal-to-Noise Ratio — SNR) em mercados financeiros quantifica a clareza do sinal de tendência em relação ao ruído aleatório presente nos dados de preço. Quanto maior o SNR, maior a confiança de que um movimento de preço observado reflete uma tendência genuína e não flutuação aleatória. Na TPT, o SNR é maximizado pelo uso de filtros casados (DEMA de 2ª ordem) que suprimem componentes de alta frequência (ruído) enquanto preservam os componentes de baixa frequência (tendênc",momentum_regime_stormguard,B01: Quantitative Momentum | B02: Chaos and Order in the Capital Markets | B06: Advances in Financial Machine Learning,B07: The Misbehavior of Markets | B03: The Man Who Solved the Market,"Wesley Gray & Jack Vogel, em Quantitative Momentum, reforça momentum como prêmio persistente porém cíclico; Edgar Peters, em Chaos and Order in the Capital Markets, reforça mercados alternam ordem e caos; Marcos López de Prado, em Advances in Financial Machine Learning, reforça backtests sofrem risco de overfitting.",Não prometer proteção ou captura de tendências; explicar sinais como leitura probabilística de regime sujeita a falso positivo/falso negativo.
JIM-LIT-0046,Harpian_150_Questionnaire.docx,46,46. Como ruído afeta decisões de investimento?,"Ruído em séries temporais de preços afeta decisões de investimento de três formas principais: (i) Whipsaw: o sistema entra e sai de posições com base em sinais falsos gerados por flutuações de curto prazo, gerando custos de transação e perdas recorrentes sem benefício direcional; (ii) Lag amplificado: indicadores construídos sobre dados ruidosos (como SMAs simples) introduzem atraso adicional nas respostas a mudanças de regime genuínas; (iii) Distorção de parâmetros: parâmetros otimizados em dad",performance_backtest_metrics,B06: Advances in Financial Machine Learning | B07: The Misbehavior of Markets | B10: The Most Important Thing,B11: Antifragile | B01: Quantitative Momentum,"Marcos López de Prado, em Advances in Financial Machine Learning, reforça backtests sofrem risco de overfitting; Benoit Mandelbrot, em The Misbehavior of Markets, reforça retornos têm caudas gordas; Howard Marks, em The Most Important Thing, reforça risco é mais que volatilidade.","Sempre acrescentar: performance passada/backtest não garante resultado futuro; considerar custos, slippage, liquidez, impostos, overfitting e suitability."
JIM-LIT-0047,Harpian_150_Questionnaire.docx,47,47. O que é momentum?,Momentum é o fenômeno empírico pelo qual ativos que apresentaram retorno superior (inferior) no passado recente tendem a continuar apresentando retorno superior (inferior) no futuro próximo. É um dos anomalias de mercado mais robustas e replicáveis documentadas na literatura financeira. Distingue-se em duas formas: (i) momentum de corte transversal (cross-sectional): ativos que superaram seus pares tendem a continuar superando — base da estratégia de sector rotation; (ii) momentum de séries temp,momentum_regime_stormguard,B01: Quantitative Momentum | B02: Chaos and Order in the Capital Markets | B06: Advances in Financial Machine Learning,B07: The Misbehavior of Markets | B03: The Man Who Solved the Market,"Wesley Gray & Jack Vogel, em Quantitative Momentum, reforça momentum como prêmio persistente porém cíclico; Edgar Peters, em Chaos and Order in the Capital Markets, reforça mercados alternam ordem e caos; Marcos López de Prado, em Advances in Financial Machine Learning, reforça backtests sofrem risco de overfitting.",Não prometer proteção ou captura de tendências; explicar sinais como leitura probabilística de regime sujeita a falso positivo/falso negativo.
JIM-LIT-0048,Harpian_150_Questionnaire.docx,48,48. Quais evidências acadêmicas sustentam momentum?,"O momentum é considerado um dos fatores de risco mais bem documentados na literatura acadêmica: (i) Jegadeesh & Titman (1993): primeiro estudo sistemático demonstrando que estratégias de momentum de 3–12 meses geram retornos anormais positivos no mercado americano; (ii) Carhart (1997): inclui momentum como quarto fator no modelo de 4 fatores, tornando-o componente padrão de análise de performance de fundos; (iii) Asness, Moskowitz & Pedersen (2013): demonstram que momentum funciona em múltiplas ",momentum_regime_stormguard,B01: Quantitative Momentum | B02: Chaos and Order in the Capital Markets | B06: Advances in Financial Machine Learning,B07: The Misbehavior of Markets | B03: The Man Who Solved the Market,"Wesley Gray & Jack Vogel, em Quantitative Momentum, reforça momentum como prêmio persistente porém cíclico; Edgar Peters, em Chaos and Order in the Capital Markets, reforça mercados alternam ordem e caos; Marcos López de Prado, em Advances in Financial Machine Learning, reforça backtests sofrem risco de overfitting.",Não prometer proteção ou captura de tendências; explicar sinais como leitura probabilística de regime sujeita a falso positivo/falso negativo.
JIM-LIT-0049,Harpian_150_Questionnaire.docx,49,49. O que é sector rotation?,"Sector rotation é a estratégia de alocar capital nos setores da economia que estão em fase de outperformance relativa em um dado momento do ciclo econômico, realocando continuamente conforme o ciclo avança. O modelo teórico clássico (Sam Stovall, Standard & Poor's) associa fases do ciclo econômico (expansão, pico, contração, fundo) a setores líderes correspondentes (tecnologia/consumo discricionário na expansão; energia na desaceleração; utilities/saúde na recessão). A estratégia explora o fato ",performance_backtest_metrics,B06: Advances in Financial Machine Learning | B07: The Misbehavior of Markets | B10: The Most Important Thing,B11: Antifragile,"Marcos López de Prado, em Advances in Financial Machine Learning, reforça backtests sofrem risco de overfitting; Benoit Mandelbrot, em The Misbehavior of Markets, reforça retornos têm caudas gordas; Howard Marks, em The Most Important Thing, reforça risco é mais que volatilidade.","Sempre acrescentar: performance passada/backtest não garante resultado futuro; considerar custos, slippage, liquidez, impostos, overfitting e suitability."
JIM-LIT-0050,Harpian_150_Questionnaire.docx,50,50. O que é true sector rotation?,"True Sector Rotation (Rotação de Setor Real) é o conceito proprietário da TPT que distingue a rotação real da rotação parcial. Na rotação tradicional, o portfólio pode manter múltiplos setores com pesos ajustados. Na True Sector Rotation, o sistema concentra 100% da alocação no setor líder de momentum — o único com o maior SNR de tendência — descartando integralmente os demais. Esse grau de concentração é contraintuitivo pela ótica MPT (viola a diversificação), mas é justificado pela TPT sob o p",momentum_regime_stormguard,B01: Quantitative Momentum | B02: Chaos and Order in the Capital Markets | B06: Advances in Financial Machine Learning,B07: The Misbehavior of Markets | B03: The Man Who Solved the Market,"Wesley Gray & Jack Vogel, em Quantitative Momentum, reforça momentum como prêmio persistente porém cíclico; Edgar Peters, em Chaos and Order in the Capital Markets, reforça mercados alternam ordem e caos; Marcos López de Prado, em Advances in Financial Machine Learning, reforça backtests sofrem risco de overfitting.",Não prometer proteção ou captura de tendências; explicar sinais como leitura probabilística de regime sujeita a falso positivo/falso negativo.
JIM-LIT-0051,Harpian_150_Questionnaire.docx,51,51. O que é matched filter theory?,"A Teoria do Filtro Casado (Matched Filter Theory) origina-se da engenharia de comunicações e radar, desenvolvida por North (1943) e formalizada por Turin (1960). Um filtro casado é aquele cuja resposta de impulso é a imagem espelhada no tempo do sinal que se deseja detectar — propriedade que maximiza matematicamente a relação sinal-ruído (SNR) na saída do filtro para um dado nível de ruído de entrada. Na aplicação financeira da TPT, os preços de mercado são tratados como sinais contaminados por ",momentum_regime_stormguard,B01: Quantitative Momentum | B02: Chaos and Order in the Capital Markets | B06: Advances in Financial Machine Learning,B07: The Misbehavior of Markets | B03: The Man Who Solved the Market,"Wesley Gray & Jack Vogel, em Quantitative Momentum, reforça momentum como prêmio persistente porém cíclico; Edgar Peters, em Chaos and Order in the Capital Markets, reforça mercados alternam ordem e caos; Marcos López de Prado, em Advances in Financial Machine Learning, reforça backtests sofrem risco de overfitting.",Não prometer proteção ou captura de tendências; explicar sinais como leitura probabilística de regime sujeita a falso positivo/falso negativo.
JIM-LIT-0052,Harpian_150_Questionnaire.docx,52,52. Como processamento de sinais se aplica a mercados?,"O processamento de sinais se aplica a mercados financeiros através da seguinte equivalência estrutural: (i) Sinal útil → tendência de mercado (momentum genuíno); (ii) Ruído → flutuações aleatórias, reações a notícias de curto prazo, micro-estrutura de mercado; (iii) Filtro → médias móveis, EMAs, DEMAs; (iv) Frequência de corte → período de lookback do indicador; (v) SNR → qualidade do indicador de momentum. Ferramentas de processamento de sinais diretamente aplicáveis: Análise de Fourier (decomp",momentum_regime_stormguard,B01: Quantitative Momentum | B02: Chaos and Order in the Capital Markets | B06: Advances in Financial Machine Learning,B07: The Misbehavior of Markets | B03: The Man Who Solved the Market,"Wesley Gray & Jack Vogel, em Quantitative Momentum, reforça momentum como prêmio persistente porém cíclico; Edgar Peters, em Chaos and Order in the Capital Markets, reforça mercados alternam ordem e caos; Marcos López de Prado, em Advances in Financial Machine Learning, reforça backtests sofrem risco de overfitting.",Não prometer proteção ou captura de tendências; explicar sinais como leitura probabilística de regime sujeita a falso positivo/falso negativo.
JIM-LIT-0053,Harpian_150_Questionnaire.docx,53,53. O que é Automated Polymorphic Momentum?,"O Algoritmo Polimórfico de Momentum (APM — Automated Polymorphic Momentum) é o componente central do motor quantitativo Harpian que adapta dinamicamente a forma e os parâmetros do filtro de momentum para cada ativo específico, em vez de aplicar um período fixo universal. 'Polimórfico' refere-se à capacidade do algoritmo de assumir diferentes formas funcionais dependendo das características estatísticas do ativo analisado (volatilidade, autocorrelação, frequência de oscilação). A janela ótima de ",momentum_regime_stormguard,B01: Quantitative Momentum | B02: Chaos and Order in the Capital Markets | B06: Advances in Financial Machine Learning,B07: The Misbehavior of Markets | B03: The Man Who Solved the Market,"Wesley Gray & Jack Vogel, em Quantitative Momentum, reforça momentum como prêmio persistente porém cíclico; Edgar Peters, em Chaos and Order in the Capital Markets, reforça mercados alternam ordem e caos; Marcos López de Prado, em Advances in Financial Machine Learning, reforça backtests sofrem risco de overfitting.",Não prometer proteção ou captura de tendências; explicar sinais como leitura probabilística de regime sujeita a falso positivo/falso negativo.
JIM-LIT-0054,Harpian_150_Questionnaire.docx,54,54. O que é forward-walk progressive tuning?,"Forward-Walk Progressive Tuning (FWPT) é uma metodologia de validação e otimização de parâmetros algorítmicos que combina otimização in-sample com validação out-of-sample de forma progressiva e incremental. O processo funciona assim: (i) otimiza parâmetros em uma janela histórica inicial (in-sample); (ii) testa os parâmetros otimizados no período imediatamente seguinte (out-of-sample); (iii) avança a janela progressivamente, re-otimizando e re-validando; (iv) aceita parâmetros apenas se demonstr",performance_backtest_metrics,B06: Advances in Financial Machine Learning | B07: The Misbehavior of Markets | B10: The Most Important Thing,B11: Antifragile | B04: Thinking in Bets,"Marcos López de Prado, em Advances in Financial Machine Learning, reforça backtests sofrem risco de overfitting; Benoit Mandelbrot, em The Misbehavior of Markets, reforça retornos têm caudas gordas; Howard Marks, em The Most Important Thing, reforça risco é mais que volatilidade.","Sempre acrescentar: performance passada/backtest não garante resultado futuro; considerar custos, slippage, liquidez, impostos, overfitting e suitability."
JIM-LIT-0055,Harpian_150_Questionnaire.docx,55,55. O que é hindsight bias em backtesting?,"Hindsight bias em backtesting (viés de retrospecção) é a distorção que ocorre quando parâmetros de uma estratégia são otimizados usando dados históricos completos — incorporando, sem perceber, informação que não estaria disponível no momento da decisão real. As manifestações mais comuns são: (i) Survivorship bias: testar apenas em ativos que sobreviveram até hoje, excluindo ativos que faliram ou foram retirados de índices; (ii) Look-ahead bias: usar dados futuros inadvertidamente no cálculo de i",performance_backtest_metrics,B06: Advances in Financial Machine Learning | B07: The Misbehavior of Markets | B10: The Most Important Thing,B11: Antifragile | B04: Thinking in Bets,"Marcos López de Prado, em Advances in Financial Machine Learning, reforça backtests sofrem risco de overfitting; Benoit Mandelbrot, em The Misbehavior of Markets, reforça retornos têm caudas gordas; Howard Marks, em The Most Important Thing, reforça risco é mais que volatilidade.","Sempre acrescentar: performance passada/backtest não garante resultado futuro; considerar custos, slippage, liquidez, impostos, overfitting e suitability."
JIM-LIT-0056,Harpian_150_Questionnaire.docx,56,56. Como evitar backtesting deception?,"As práticas recomendadas para evitar backtesting deception incluem: (i) Forward-Walk Progressive Tuning: validar parâmetros estritamente out-of-sample de forma sequencial; (ii) Penalização de complexidade: modelos mais complexos (mais parâmetros) requerem evidência out-of-sample proporcionalmente mais robusta; (iii) Teste em múltiplos períodos e regimes: validar explicitamente em períodos de crise, alta volatilidade, e diferentes regimes de juros; (iv) Divulgação de universo completo: incluir to",performance_backtest_metrics,B06: Advances in Financial Machine Learning | B07: The Misbehavior of Markets | B10: The Most Important Thing,B11: Antifragile | B01: Quantitative Momentum,"Marcos López de Prado, em Advances in Financial Machine Learning, reforça backtests sofrem risco de overfitting; Benoit Mandelbrot, em The Misbehavior of Markets, reforça retornos têm caudas gordas; Howard Marks, em The Most Important Thing, reforça risco é mais que volatilidade.","Sempre acrescentar: performance passada/backtest não garante resultado futuro; considerar custos, slippage, liquidez, impostos, overfitting e suitability."
JIM-LIT-0057,Harpian_150_Questionnaire.docx,57,57. O que é bear market avoidance?,"Bear Market Avoidance é a capacidade de uma estratégia de sair do risco antes que quedas severas de mercado se materializem, preservando capital durante períodos de mercado de baixa. Na TPT, isso é implementado pelo StormGuard-Armor: quando o indicador de regime detecta deterioração estrutural, o portfólio é movido para caixa ou ativos defensivos antes que as quedas se aprofundem. O conceito é matematicamente fundamental para retornos compostos: uma perda de 50% requer um ganho de 100% para ser ",momentum_regime_stormguard,B01: Quantitative Momentum | B02: Chaos and Order in the Capital Markets | B06: Advances in Financial Machine Learning,B07: The Misbehavior of Markets | B03: The Man Who Solved the Market,"Wesley Gray & Jack Vogel, em Quantitative Momentum, reforça momentum como prêmio persistente porém cíclico; Edgar Peters, em Chaos and Order in the Capital Markets, reforça mercados alternam ordem e caos; Marcos López de Prado, em Advances in Financial Machine Learning, reforça backtests sofrem risco de overfitting.",Não prometer proteção ou captura de tendências; explicar sinais como leitura probabilística de regime sujeita a falso positivo/falso negativo.
JIM-LIT-0058,Harpian_150_Questionnaire.docx,58,58. Como a TPT trata regime de mercado?,A TPT opera com um sistema explícito de classificação de regime de mercado com quatro estados: (i) Bull Trend (Estado 1): mercado em tendência de alta com alta SNR — portfólio totalmente investido no líder de momentum; (ii) Bull Correction (Estado 2): correção dentro de tendência de alta — portfólio ajustado mas mantendo posição; (iii) Bear Rally (Estado 3): recuperação técnica dentro de tendência de baixa — sistema permanece defensivo; (iv) Bear Trend (Estado 4): tendência de baixa confirmada —,momentum_regime_stormguard,B01: Quantitative Momentum | B02: Chaos and Order in the Capital Markets | B06: Advances in Financial Machine Learning,B07: The Misbehavior of Markets | B03: The Man Who Solved the Market,"Wesley Gray & Jack Vogel, em Quantitative Momentum, reforça momentum como prêmio persistente porém cíclico; Edgar Peters, em Chaos and Order in the Capital Markets, reforça mercados alternam ordem e caos; Marcos López de Prado, em Advances in Financial Machine Learning, reforça backtests sofrem risco de overfitting.",Não prometer proteção ou captura de tendências; explicar sinais como leitura probabilística de regime sujeita a falso positivo/falso negativo.
JIM-LIT-0059,Harpian_150_Questionnaire.docx,59,59. Como explicar TPT para um advisor?,"Para um advisor (consultor financeiro), a TPT pode ser apresentada como: 'A MPT nos ensinou a diversificar entre ativos — mas não nos ensinou o que fazer quando todos os ativos caem ao mesmo tempo. A TPT adiciona uma dimensão temporal: além de diversificar entre ativos, ela monitora em que fase do ciclo de mercado estamos e ajusta o portfólio proativamente. Quando o sinal de mercado indica deterioração estrutural (não apenas volatilidade normal), o portfólio move para posições defensivas antes q",performance_backtest_metrics,B06: Advances in Financial Machine Learning | B07: The Misbehavior of Markets | B10: The Most Important Thing,B11: Antifragile | B05: The Mathematical Theory of Communication,"Marcos López de Prado, em Advances in Financial Machine Learning, reforça backtests sofrem risco de overfitting; Benoit Mandelbrot, em The Misbehavior of Markets, reforça retornos têm caudas gordas; Howard Marks, em The Most Important Thing, reforça risco é mais que volatilidade.","Sempre acrescentar: performance passada/backtest não garante resultado futuro; considerar custos, slippage, liquidez, impostos, overfitting e suitability."
JIM-LIT-0060,Harpian_150_Questionnaire.docx,60,60. Como explicar TPT para um investidor institucional?,"Para um investidor institucional, a TPT deve ser apresentada com rigor técnico: 'A TPT aplica princípios de teoria de filtragem ótima (Matched Filter Theory, North 1943; Turin 1960) e teoria da informação (Shannon, 1948) ao problema de extração de sinal de momentum em séries temporais de preços. A premissa central — que os preços de mercado contêm um sinal de tendência embutido em ruído aleatório — é validada empiricamente pelo Expoente de Hurst > 0,5 em janelas temporais de médio prazo. O siste",momentum_regime_stormguard,B01: Quantitative Momentum | B02: Chaos and Order in the Capital Markets | B06: Advances in Financial Machine Learning,B07: The Misbehavior of Markets | B03: The Man Who Solved the Market,"Wesley Gray & Jack Vogel, em Quantitative Momentum, reforça momentum como prêmio persistente porém cíclico; Edgar Peters, em Chaos and Order in the Capital Markets, reforça mercados alternam ordem e caos; Marcos López de Prado, em Advances in Financial Machine Learning, reforça backtests sofrem risco de overfitting.",Não prometer proteção ou captura de tendências; explicar sinais como leitura probabilística de regime sujeita a falso positivo/falso negativo.
JIM-LIT-0061,Harpian_150_Questionnaire.docx,61,61. O que é StormGuard Armor?,"StormGuard Armor (SGA) é o protocolo de segurança de mercado proprietário do ecossistema Harpian, desenvolvido pela SumGrowth Strategies. É um indicador composto de três medidas distintas que, em conjunto, avaliam a saúde estrutural do mercado: (i) Tendência de Preço: utiliza filtros casados para detectar exaustão e reversão da tendência principal; (ii) Momentum de Mercado: integra dados de volume de negociação para inferir o comportamento dos participantes institucionais (Massa × Velocidade); (",momentum_regime_stormguard,B01: Quantitative Momentum | B02: Chaos and Order in the Capital Markets | B06: Advances in Financial Machine Learning,B07: The Misbehavior of Markets | B03: The Man Who Solved the Market,"Wesley Gray & Jack Vogel, em Quantitative Momentum, reforça momentum como prêmio persistente porém cíclico; Edgar Peters, em Chaos and Order in the Capital Markets, reforça mercados alternam ordem e caos; Marcos López de Prado, em Advances in Financial Machine Learning, reforça backtests sofrem risco de overfitting.",Não prometer proteção ou captura de tendências; explicar sinais como leitura probabilística de regime sujeita a falso positivo/falso negativo.
JIM-LIT-0062,Harpian_150_Questionnaire.docx,62,62. Quais tipos de indicadores podem compor um sistema de regime?,"Um sistema robusto de classificação de regime de mercado pode combinar: (i) Indicadores de tendência de preço: médias móveis, filtros de Kalman, DEMA, Momentum de series temporal; (ii) Indicadores de amplitude de mercado: relação avanços/declínios, porcentagem de ações acima de médias móveis (índice de amplitude Breadth); (iii) Indicadores de volume: On-Balance Volume (OBV), Chaikin Money Flow, relação volume up/down; (iv) Indicadores de sentimento: novas máximas/mínimas de 52 semanas, índice VI",momentum_regime_stormguard,B01: Quantitative Momentum | B02: Chaos and Order in the Capital Markets | B06: Advances in Financial Machine Learning,B07: The Misbehavior of Markets | B03: The Man Who Solved the Market,"Wesley Gray & Jack Vogel, em Quantitative Momentum, reforça momentum como prêmio persistente porém cíclico; Edgar Peters, em Chaos and Order in the Capital Markets, reforça mercados alternam ordem e caos; Marcos López de Prado, em Advances in Financial Machine Learning, reforça backtests sofrem risco de overfitting.",Não prometer proteção ou captura de tendências; explicar sinais como leitura probabilística de regime sujeita a falso positivo/falso negativo.
JIM-LIT-0063,Harpian_150_Questionnaire.docx,63,"63. Como tendência, volume e sentimento podem indicar risco?","Os três pilares do SGA indicam risco pelas seguintes vias: (i) Tendência de preço: uma tendência de alta saudável apresenta momentum crescente e filtros casados com inclinação positiva estável. Deterioração se manifesta como queda progressiva da SNR do sinal, reversão de filtros e perda de suporte em níveis técnicos relevantes. (ii) Volume: em mercados saudáveis, o volume amplia movimentos de alta (confirmação institucional). Divergência negativa — queda em dias de alta, aumento em dias de baixa",momentum_regime_stormguard,B01: Quantitative Momentum | B02: Chaos and Order in the Capital Markets | B06: Advances in Financial Machine Learning,B07: The Misbehavior of Markets | B03: The Man Who Solved the Market,"Wesley Gray & Jack Vogel, em Quantitative Momentum, reforça momentum como prêmio persistente porém cíclico; Edgar Peters, em Chaos and Order in the Capital Markets, reforça mercados alternam ordem e caos; Marcos López de Prado, em Advances in Financial Machine Learning, reforça backtests sofrem risco de overfitting.",Não prometer proteção ou captura de tendências; explicar sinais como leitura probabilística de regime sujeita a falso positivo/falso negativo.
JIM-LIT-0064,Harpian_150_Questionnaire.docx,64,64. O que é risk-on?,"Risk-on é o ambiente de mercado em que os investidores demonstram apetite por risco elevado, alocando capital em ativos de maior retorno potencial e maior volatilidade: ações, crédito high yield, moedas emergentes, commodities cíclicas. É caracterizado por: spreads de crédito comprimidos, VIX baixo, relação avanços/declínios positiva, fluxo de capital para mercados emergentes e pequenas capitalizações. No contexto da TPT, o regime risk-on corresponde aos Estados 1 (Bull Trend) e 2 (Bull Correcti",momentum_regime_stormguard,B01: Quantitative Momentum | B02: Chaos and Order in the Capital Markets | B06: Advances in Financial Machine Learning,B07: The Misbehavior of Markets | B03: The Man Who Solved the Market,"Wesley Gray & Jack Vogel, em Quantitative Momentum, reforça momentum como prêmio persistente porém cíclico; Edgar Peters, em Chaos and Order in the Capital Markets, reforça mercados alternam ordem e caos; Marcos López de Prado, em Advances in Financial Machine Learning, reforça backtests sofrem risco de overfitting.",Não prometer proteção ou captura de tendências; explicar sinais como leitura probabilística de regime sujeita a falso positivo/falso negativo.
JIM-LIT-0065,Harpian_150_Questionnaire.docx,65,65. O que é risk-off?,"Risk-off é o ambiente de mercado em que os investidores reduzem exposição a risco, movendo capital para ativos considerados seguros: US Treasuries, dólar americano, ouro, iene japonês, franco suíço. É caracterizado por: spreads de crédito em expansão, VIX elevado, correlações crescendo para +1 entre classes de risco, fluxo de saída de emergentes e high yield. Na TPT, o regime risk-off corresponde ao Estado 4 (Bear Trend), quando o StormGuard-Armor está abaixo de −0,6% e o portfólio é movido para",momentum_regime_stormguard,B01: Quantitative Momentum | B02: Chaos and Order in the Capital Markets | B06: Advances in Financial Machine Learning,B07: The Misbehavior of Markets | B03: The Man Who Solved the Market,"Wesley Gray & Jack Vogel, em Quantitative Momentum, reforça momentum como prêmio persistente porém cíclico; Edgar Peters, em Chaos and Order in the Capital Markets, reforça mercados alternam ordem e caos; Marcos López de Prado, em Advances in Financial Machine Learning, reforça backtests sofrem risco de overfitting.",Não prometer proteção ou captura de tendências; explicar sinais como leitura probabilística de regime sujeita a falso positivo/falso negativo.
JIM-LIT-0066,Harpian_150_Questionnaire.docx,66,66. O que é regime neutro?,"Regime neutro (ou transitório) é um estado intermediário no qual os indicadores de regime não confirmam claramente bull trend ou bear trend. Na prática, corresponde a mercados laterais (sideways), períodos de transição entre regimes ou momentos de conflito de sinais entre os diferentes componentes do indicador de regime. Na estrutura de 4 estados da TPT, o regime neutro pode ser mapeado como Estado 2 (Bull Correction) ou Estado 3 (Bear Rally) — fases em que o portfólio mantém postura cautelosa m",momentum_regime_stormguard,B01: Quantitative Momentum | B02: Chaos and Order in the Capital Markets | B06: Advances in Financial Machine Learning,B07: The Misbehavior of Markets | B03: The Man Who Solved the Market,"Wesley Gray & Jack Vogel, em Quantitative Momentum, reforça momentum como prêmio persistente porém cíclico; Edgar Peters, em Chaos and Order in the Capital Markets, reforça mercados alternam ordem e caos; Marcos López de Prado, em Advances in Financial Machine Learning, reforça backtests sofrem risco de overfitting.",Não prometer proteção ou captura de tendências; explicar sinais como leitura probabilística de regime sujeita a falso positivo/falso negativo.
JIM-LIT-0067,Harpian_150_Questionnaire.docx,67,67. Como explicar Bull / Bear / Neutral?,"Para clientes leigos: Bull (Touro): o mercado está em tendência de alta, os ativos estão subindo, o sistema está totalmente investido nos melhores setores. Bear (Urso): o mercado está em tendência de queda, o sistema está em posição defensiva (caixa ou ativos seguros) para proteger o capital. Neutral (Neutro): o mercado está sem direção clara, oscilando lateralmente — o sistema está em estado de alerta, nem totalmente investido nem totalmente defensivo. Para clientes institucionais: Bull = SNR p",momentum_regime_stormguard,B01: Quantitative Momentum | B02: Chaos and Order in the Capital Markets | B06: Advances in Financial Machine Learning,B07: The Misbehavior of Markets | B03: The Man Who Solved the Market,"Wesley Gray & Jack Vogel, em Quantitative Momentum, reforça momentum como prêmio persistente porém cíclico; Edgar Peters, em Chaos and Order in the Capital Markets, reforça mercados alternam ordem e caos; Marcos López de Prado, em Advances in Financial Machine Learning, reforça backtests sofrem risco de overfitting.",Não prometer proteção ou captura de tendências; explicar sinais como leitura probabilística de regime sujeita a falso positivo/falso negativo.
JIM-LIT-0068,Harpian_150_Questionnaire.docx,68,68. Quando um sistema defensivo vai para caixa?,"No ecossistema Harpian, a transição para caixa ocorre em duas etapas quando o SGA cruza abaixo do limiar de −0,6% mensal: (i) Liquidação imediata (dia do sinal): aproximadamente 40% do risco do portfólio é liquidado no mesmo dia da ativação do sinal, reduzindo exposição rapidamente; (ii) Liquidação completa (próximo rebalanceamento de fim de mês): os 60% restantes são liquidados no próximo rebalanceamento de fim de mês, determinado pela análise de Hurst Fingerprint. A operacionalização em duas e",momentum_regime_stormguard,B01: Quantitative Momentum | B02: Chaos and Order in the Capital Markets | B06: Advances in Financial Machine Learning,B07: The Misbehavior of Markets | B03: The Man Who Solved the Market,"Wesley Gray & Jack Vogel, em Quantitative Momentum, reforça momentum como prêmio persistente porém cíclico; Edgar Peters, em Chaos and Order in the Capital Markets, reforça mercados alternam ordem e caos; Marcos López de Prado, em Advances in Financial Machine Learning, reforça backtests sofrem risco de overfitting.",Não prometer proteção ou captura de tendências; explicar sinais como leitura probabilística de regime sujeita a falso positivo/falso negativo.
JIM-LIT-0069,Harpian_150_Questionnaire.docx,69,69. Quando um sistema defensivo volta ao risco?,"O retorno ao risco ocorre quando o StormGuard-Armor retorna a território positivo — ou seja, quando o índice composto SGA supera o limiar de 0%, indicando que a deterioração estrutural foi revertida. A entrada não é imediata no dia do cruzamento positivo: aguarda-se a confirmação no rebalanceamento de fim de mês para evitar falsos positivos (bear rallies que não configuram reversão de regime). O sistema pode permanecer defensivo por múltiplos ciclos mensais se o SGA continuar próximo de zero ou ",momentum_regime_stormguard,B01: Quantitative Momentum | B02: Chaos and Order in the Capital Markets | B06: Advances in Financial Machine Learning,B07: The Misbehavior of Markets | B03: The Man Who Solved the Market,"Wesley Gray & Jack Vogel, em Quantitative Momentum, reforça momentum como prêmio persistente porém cíclico; Edgar Peters, em Chaos and Order in the Capital Markets, reforça mercados alternam ordem e caos; Marcos López de Prado, em Advances in Financial Machine Learning, reforça backtests sofrem risco de overfitting.",Não prometer proteção ou captura de tendências; explicar sinais como leitura probabilística de regime sujeita a falso positivo/falso negativo.
JIM-LIT-0070,Harpian_150_Questionnaire.docx,70,70. Como explicar que caixa é posição ativa?,"Caixa não é ausência de estratégia — é uma posição ativa e deliberada de preservação de capital. Mathematicamente: evitar uma perda de 50% (crise 2008) é equivalente a um ganho de 100% para o patrimônio composto. Um portfólio que vai para caixa durante uma queda de 50% e re-entra na recuperação começa sua recuperação com 100% do capital intacto, enquanto um portfólio que permaneceu investido precisa dobrar o capital apenas para recuperar o patamar anterior. Além disso, caixa gera optionalidade: ",performance_backtest_metrics,B06: Advances in Financial Machine Learning | B07: The Misbehavior of Markets | B10: The Most Important Thing,B11: Antifragile,"Marcos López de Prado, em Advances in Financial Machine Learning, reforça backtests sofrem risco de overfitting; Benoit Mandelbrot, em The Misbehavior of Markets, reforça retornos têm caudas gordas; Howard Marks, em The Most Important Thing, reforça risco é mais que volatilidade.","Sempre acrescentar: performance passada/backtest não garante resultado futuro; considerar custos, slippage, liquidez, impostos, overfitting e suitability."
JIM-LIT-0071,Harpian_150_Questionnaire.docx,71,71. Como evitar prometer proteção total contra queda?,"O sistema não promete nem pode prometer proteção total contra quedas. A comunicação correta enfatiza: (i) O StormGuard-Armor é projetado para detectar deterioração estrutural de mercado, não para prever quedas pontuais ou correções de curto prazo; (ii) Podem ocorrer períodos em que o portfólio sofre perdas antes que o sinal defensivo seja ativado (especialmente em quedas abruptas); (iii) O sistema busca reduzir a exposição a Bear Markets estruturais, não eliminar toda a volatilidade; (iv) Falsos",momentum_regime_stormguard,B01: Quantitative Momentum | B02: Chaos and Order in the Capital Markets | B06: Advances in Financial Machine Learning,B07: The Misbehavior of Markets | B03: The Man Who Solved the Market,"Wesley Gray & Jack Vogel, em Quantitative Momentum, reforça momentum como prêmio persistente porém cíclico; Edgar Peters, em Chaos and Order in the Capital Markets, reforça mercados alternam ordem e caos; Marcos López de Prado, em Advances in Financial Machine Learning, reforça backtests sofrem risco de overfitting.",Não prometer proteção ou captura de tendências; explicar sinais como leitura probabilística de regime sujeita a falso positivo/falso negativo.
JIM-LIT-0072,Harpian_150_Questionnaire.docx,72,72. Quais disclaimers usar sobre mecanismos defensivos?,Disclaimers recomendados para mecanismos defensivos: (i) 'O StormGuard-Armor é um indicador de regime de mercado baseado em dados históricos e não garante proteção contra perdas em todos os cenários.'; (ii) 'O sistema pode permanecer investido durante quedas iniciais antes que o sinal defensivo seja ativado.'; (iii) 'Resultados históricos da estratégia defensiva não constituem garantia de resultados futuros.'; (iv) 'A transição para posição defensiva pode não coincidir com o pico exato do mercad,performance_backtest_metrics,B06: Advances in Financial Machine Learning | B07: The Misbehavior of Markets | B10: The Most Important Thing,B11: Antifragile | B01: Quantitative Momentum,"Marcos López de Prado, em Advances in Financial Machine Learning, reforça backtests sofrem risco de overfitting; Benoit Mandelbrot, em The Misbehavior of Markets, reforça retornos têm caudas gordas; Howard Marks, em The Most Important Thing, reforça risco é mais que volatilidade.","Sempre acrescentar: performance passada/backtest não garante resultado futuro; considerar custos, slippage, liquidez, impostos, overfitting e suitability."
JIM-LIT-0073,Harpian_150_Questionnaire.docx,73,73. O que é whipsaw?,"Whipsaw é o fenômeno de mercado em que um indicador ou sistema gera sinais de entrada e saída consecutivos em curto prazo, frequentemente em direções opostas, resultando em perdas acumuladas por custos de transação e execuções desfavoráveis. Ocorre principalmente quando: (i) o mercado oscila lateralmente sem tendência definida, gerando sinais alternados de alta e baixa; (ii) o indicador tem período de lookback muito curto, tornando-o sensível a flutuações de ruído; (iii) o threshold de ativação ",momentum_regime_stormguard,B01: Quantitative Momentum | B02: Chaos and Order in the Capital Markets | B06: Advances in Financial Machine Learning,B07: The Misbehavior of Markets | B03: The Man Who Solved the Market,"Wesley Gray & Jack Vogel, em Quantitative Momentum, reforça momentum como prêmio persistente porém cíclico; Edgar Peters, em Chaos and Order in the Capital Markets, reforça mercados alternam ordem e caos; Marcos López de Prado, em Advances in Financial Machine Learning, reforça backtests sofrem risco de overfitting.",Não prometer proteção ou captura de tendências; explicar sinais como leitura probabilística de regime sujeita a falso positivo/falso negativo.
JIM-LIT-0074,Harpian_150_Questionnaire.docx,74,74. Como explicar falso positivo de regime?,"Um falso positivo de regime ocorre quando o StormGuard indica transição para Bear Market mas o mercado retoma sua trajetória de alta — ou seja, o sistema vai para caixa desnecessariamente. Explicação para o cliente: 'Assim como um alarme de fumaça às vezes dispara sem incêndio real, o sistema defensivo pode ocasionalmente ir a caixa em períodos que se revelam como correções temporárias, não bear markets. Quando isso ocorre, o custo é perder parte do movimento de recuperação. Esse é o custo de se",momentum_regime_stormguard,B01: Quantitative Momentum | B02: Chaos and Order in the Capital Markets | B06: Advances in Financial Machine Learning,B07: The Misbehavior of Markets | B03: The Man Who Solved the Market,"Wesley Gray & Jack Vogel, em Quantitative Momentum, reforça momentum como prêmio persistente porém cíclico; Edgar Peters, em Chaos and Order in the Capital Markets, reforça mercados alternam ordem e caos; Marcos López de Prado, em Advances in Financial Machine Learning, reforça backtests sofrem risco de overfitting.",Não prometer proteção ou captura de tendências; explicar sinais como leitura probabilística de regime sujeita a falso positivo/falso negativo.
JIM-LIT-0075,Harpian_150_Questionnaire.docx,75,75. Como medir eficácia de um indicador de mercado?,A eficácia de um indicador de regime de mercado pode ser medida por: (i) Hit rate: porcentagem de sinais verdadeiros sobre total de sinais gerados (verdadeiros positivos / (verdadeiros positivos + falsos positivos)); (ii) Capture ratio: retorno capturado / retorno do benchmark em Bull Markets (upside capture) e queda sofrida / queda do benchmark em Bear Markets (downside capture); (iii) Information Coefficient (IC): correlação entre sinal e retorno subsequente; (iv) Drawdown reduction ratio: red,performance_backtest_metrics,B06: Advances in Financial Machine Learning | B07: The Misbehavior of Markets | B10: The Most Important Thing,B11: Antifragile | B01: Quantitative Momentum,"Marcos López de Prado, em Advances in Financial Machine Learning, reforça backtests sofrem risco de overfitting; Benoit Mandelbrot, em The Misbehavior of Markets, reforça retornos têm caudas gordas; Howard Marks, em The Most Important Thing, reforça risco é mais que volatilidade.","Sempre acrescentar: performance passada/backtest não garante resultado futuro; considerar custos, slippage, liquidez, impostos, overfitting e suitability."
JIM-LIT-0076,Harpian_150_Questionnaire.docx,76,76. Como comunicar ativação do StormGuard ao cliente?,"Comunicação recomendada ao ativar o StormGuard: 'Informamos que o indicador de regime de mercado do portfólio [nome] ativou sua postura defensiva em [data]. Com base em sua análise de tendência, volume e sentimento de valor, o sistema identificou sinais de deterioração estrutural no mercado. Como resultado, o portfólio está sendo reposicionado gradualmente para posição defensiva (caixa/instrumentos de baixo risco), conforme descrito na política de investimentos. Esta transição é parte integrante",momentum_regime_stormguard,B01: Quantitative Momentum | B02: Chaos and Order in the Capital Markets | B06: Advances in Financial Machine Learning,B07: The Misbehavior of Markets | B03: The Man Who Solved the Market,"Wesley Gray & Jack Vogel, em Quantitative Momentum, reforça momentum como prêmio persistente porém cíclico; Edgar Peters, em Chaos and Order in the Capital Markets, reforça mercados alternam ordem e caos; Marcos López de Prado, em Advances in Financial Machine Learning, reforça backtests sofrem risco de overfitting.",Não prometer proteção ou captura de tendências; explicar sinais como leitura probabilística de regime sujeita a falso positivo/falso negativo.
JIM-LIT-0077,Harpian_150_Questionnaire.docx,77,77. Como comunicar desativação do StormGuard?,"Comunicação recomendada ao desativar o StormGuard (retorno ao risco): 'Informamos que o indicador de regime de mercado retornou a território positivo em [data]. Os componentes de tendência, volume e sentimento de valor indicam melhora estrutural nas condições de mercado. Como resultado, o portfólio [nome] está sendo reposicionado para alocação ativa, com foco nos setores de maior momentum conforme a estratégia sistemática. Esta transição é gradual e ocorrerá no próximo ciclo de rebalanceamento. ",momentum_regime_stormguard,B01: Quantitative Momentum | B02: Chaos and Order in the Capital Markets | B06: Advances in Financial Machine Learning,B07: The Misbehavior of Markets | B03: The Man Who Solved the Market,"Wesley Gray & Jack Vogel, em Quantitative Momentum, reforça momentum como prêmio persistente porém cíclico; Edgar Peters, em Chaos and Order in the Capital Markets, reforça mercados alternam ordem e caos; Marcos López de Prado, em Advances in Financial Machine Learning, reforça backtests sofrem risco de overfitting.",Não prometer proteção ou captura de tendências; explicar sinais como leitura probabilística de regime sujeita a falso positivo/falso negativo.
JIM-LIT-0078,Harpian_150_Questionnaire.docx,78,78. Como explicar defesa sem parecer market timing especulativo?,"A distinção entre defesa sistemática e market timing especulativo está na natureza da decisão: Market timing especulativo: decisões discricionárias baseadas em opinião, previsão macroeconômica ou análise subjetiva sobre 'onde o mercado vai'. Defesa sistemática (TPT/SGA): decisões algorítmicas baseadas em critérios objetivos e pré-definidos, ativados por métricas quantitativas de deterioração estrutural observada — não prevista. A comparação adequada: 'Um termostato não prevê que a temperatura va",momentum_regime_stormguard,B01: Quantitative Momentum | B02: Chaos and Order in the Capital Markets | B06: Advances in Financial Machine Learning,B07: The Misbehavior of Markets | B03: The Man Who Solved the Market,"Wesley Gray & Jack Vogel, em Quantitative Momentum, reforça momentum como prêmio persistente porém cíclico; Edgar Peters, em Chaos and Order in the Capital Markets, reforça mercados alternam ordem e caos; Marcos López de Prado, em Advances in Financial Machine Learning, reforça backtests sofrem risco de overfitting.",Não prometer proteção ou captura de tendências; explicar sinais como leitura probabilística de regime sujeita a falso positivo/falso negativo.
JIM-LIT-0079,Harpian_150_Questionnaire.docx,79,79. Como explicar que defesa prioriza sobrevivência do capital?,"O princípio da sobrevivência do capital é matematicamente fundamental para o crescimento composto de longo prazo. A lógica: uma perda de 50% requer ganho de 100% para recuperação; uma perda de 33% requer ganho de 50%; uma perda de 20% requer ganho de 25%. Quanto maior a perda, proporcionalmente maior deve ser o ganho para recuperação — e o tempo perdido na recuperação é capital composto que nunca foi gerado. Matematicamente: [Capital × (1 − perda%) × (1 + ganho%)] < [Capital composto ininterrupt",momentum_regime_stormguard,B01: Quantitative Momentum | B02: Chaos and Order in the Capital Markets | B06: Advances in Financial Machine Learning,B07: The Misbehavior of Markets | B03: The Man Who Solved the Market,"Wesley Gray & Jack Vogel, em Quantitative Momentum, reforça momentum como prêmio persistente porém cíclico; Edgar Peters, em Chaos and Order in the Capital Markets, reforça mercados alternam ordem e caos; Marcos López de Prado, em Advances in Financial Machine Learning, reforça backtests sofrem risco de overfitting.",Não prometer proteção ou captura de tendências; explicar sinais como leitura probabilística de regime sujeita a falso positivo/falso negativo.
JIM-LIT-0080,Harpian_150_Questionnaire.docx,80,80. Quais perguntas frequentes usuários fariam sobre StormGuard?,"Perguntas frequentes esperadas: (i) 'O StormGuard garante que nunca vou perder dinheiro?' — Não. O sistema busca reduzir exposição a bear markets estruturais, mas pode sofrer perdas antes da ativação do sinal. (ii) 'Por que o sistema foi para caixa se o mercado ainda está subindo?' — A transição é preventiva, baseada em deterioração de indicadores internos antes de quedas visíveis no preço. (iii) 'Quanto tempo o sistema fica em caixa?' — Depende da duração do bear market. Pode ser semanas ou mes",momentum_regime_stormguard,B01: Quantitative Momentum | B02: Chaos and Order in the Capital Markets | B06: Advances in Financial Machine Learning,B07: The Misbehavior of Markets | B03: The Man Who Solved the Market,"Wesley Gray & Jack Vogel, em Quantitative Momentum, reforça momentum como prêmio persistente porém cíclico; Edgar Peters, em Chaos and Order in the Capital Markets, reforça mercados alternam ordem e caos; Marcos López de Prado, em Advances in Financial Machine Learning, reforça backtests sofrem risco de overfitting.",Não prometer proteção ou captura de tendências; explicar sinais como leitura probabilística de regime sujeita a falso positivo/falso negativo.
JIM-LIT-0081,Harpian_150_Questionnaire.docx,81,81. O que é HPC11?,"HPC11 (Harpian Core Level 11) é a estratégia quantitativa de menor risco do ecossistema Harpian, implementada como Exchange-Traded Product (ETP). Opera exclusivamente sobre ETFs de classes de ativos diversificadas (renda variável, renda fixa, commodities, ativos alternativos) utilizando o Algoritmo Polimórfico de Momentum para rotacionar entre ETFs conforme o líder de tendência de cada regime. O perfil de risco é conservador/moderado: Risk Number histórico aproximado de 26 (escala 0–99), retorno",performance_backtest_metrics,B06: Advances in Financial Machine Learning | B07: The Misbehavior of Markets | B10: The Most Important Thing,B11: Antifragile | B01: Quantitative Momentum,"Marcos López de Prado, em Advances in Financial Machine Learning, reforça backtests sofrem risco de overfitting; Benoit Mandelbrot, em The Misbehavior of Markets, reforça retornos têm caudas gordas; Howard Marks, em The Most Important Thing, reforça risco é mais que volatilidade.","Sempre acrescentar: performance passada/backtest não garante resultado futuro; considerar custos, slippage, liquidez, impostos, overfitting e suitability."
JIM-LIT-0082,Harpian_150_Questionnaire.docx,82,82. O que é HPC22?,"HPC22 (Harpian Core Level 22) é a estratégia quantitativa de maior retorno esperado do ecossistema Harpian, implementada como ETP. Opera sobre um universo ampliado que inclui ETFs setoriais e ações individuais de grande capitalização, aumentando o potencial de captura de momentum em setores específicos. O perfil de risco é moderado/agressivo: Risk Number histórico aproximado de 39 (escala 0–99), retorno médio anual histórico (live) de 39,0% com max drawdown histórico de −27%. Performance recente",performance_backtest_metrics,B06: Advances in Financial Machine Learning | B07: The Misbehavior of Markets | B10: The Most Important Thing,B11: Antifragile | B01: Quantitative Momentum,"Marcos López de Prado, em Advances in Financial Machine Learning, reforça backtests sofrem risco de overfitting; Benoit Mandelbrot, em The Misbehavior of Markets, reforça retornos têm caudas gordas; Howard Marks, em The Most Important Thing, reforça risco é mais que volatilidade.","Sempre acrescentar: performance passada/backtest não garante resultado futuro; considerar custos, slippage, liquidez, impostos, overfitting e suitability."
JIM-LIT-0083,Harpian_150_Questionnaire.docx,83,83. Qual é a diferença entre ETF-based e stock-based strategy?,"Uma estratégia ETF-based (base de HPC11) opera exclusivamente sobre ETFs — veículos de investimento que representam cestas de ativos (um setor inteiro, uma classe de ativo, um índice). Cada decisão de alocação move o portfólio entre ETFs com dezenas ou centenas de componentes, resultando em diversificação natural dentro de cada posição. Uma estratégia stock-based (componente de HPC22) inclui ações individuais de grande capitalização no universo investível — o que aumenta a granularidade do sinal",momentum_regime_stormguard,B01: Quantitative Momentum | B02: Chaos and Order in the Capital Markets | B06: Advances in Financial Machine Learning,B07: The Misbehavior of Markets | B03: The Man Who Solved the Market,"Wesley Gray & Jack Vogel, em Quantitative Momentum, reforça momentum como prêmio persistente porém cíclico; Edgar Peters, em Chaos and Order in the Capital Markets, reforça mercados alternam ordem e caos; Marcos López de Prado, em Advances in Financial Machine Learning, reforça backtests sofrem risco de overfitting.",Não prometer proteção ou captura de tendências; explicar sinais como leitura probabilística de regime sujeita a falso positivo/falso negativo.
JIM-LIT-0084,Harpian_150_Questionnaire.docx,84,84. Por que HPC11 tende a ter menor volatilidade?,"HPC11 apresenta menor volatilidade por três razões estruturais: (i) Universo restrito a ETFs: ETFs de classes de ativos diversificadas têm diversificação intrínseca, diluindo o risco idiossincrático de qualquer componente individual; (ii) Classes de ativos com baixa volatilidade incluídas: o universo HPC11 inclui ETFs de renda fixa e ativos defensivos que possuem volatilidade estruturalmente menor que ações; (iii) Menor amplitude de oscilação do sinal: ao operar sobre classes de ativos amplas em",performance_backtest_metrics,B06: Advances in Financial Machine Learning | B07: The Misbehavior of Markets | B10: The Most Important Thing,B11: Antifragile | B01: Quantitative Momentum,"Marcos López de Prado, em Advances in Financial Machine Learning, reforça backtests sofrem risco de overfitting; Benoit Mandelbrot, em The Misbehavior of Markets, reforça retornos têm caudas gordas; Howard Marks, em The Most Important Thing, reforça risco é mais que volatilidade.","Sempre acrescentar: performance passada/backtest não garante resultado futuro; considerar custos, slippage, liquidez, impostos, overfitting e suitability."
JIM-LIT-0085,Harpian_150_Questionnaire.docx,85,85. Por que HPC22 tende a ter maior retorno esperado?,"HPC22 apresenta maior retorno esperado por múltiplas razões: (i) Universo mais amplo: incluindo ações individuais de grande cap, o sistema pode capturar movimentos de momentum de magnitude maior que ETFs de setor (ex.: uma ação líder de setor pode subir 200% enquanto o ETF do setor sobe 40%); (ii) True Sector Rotation mais granular: a rotação entre ações individuais e ETFs setoriais permite captura do 'power stroke' — o período de máxima aceleração de momentum de cada ativo; (iii) Maior concentr",momentum_regime_stormguard,B01: Quantitative Momentum | B02: Chaos and Order in the Capital Markets | B06: Advances in Financial Machine Learning,B07: The Misbehavior of Markets | B03: The Man Who Solved the Market,"Wesley Gray & Jack Vogel, em Quantitative Momentum, reforça momentum como prêmio persistente porém cíclico; Edgar Peters, em Chaos and Order in the Capital Markets, reforça mercados alternam ordem e caos; Marcos López de Prado, em Advances in Financial Machine Learning, reforça backtests sofrem risco de overfitting.",Não prometer proteção ou captura de tendências; explicar sinais como leitura probabilística de regime sujeita a falso positivo/falso negativo.
JIM-LIT-0086,Harpian_150_Questionnaire.docx,86,86. Por que HPC22 tende a ter maior drawdown?,"HPC22 apresenta maior drawdown por razões simétricas às que explicam seu maior retorno: (i) Concentração em ações individuais: ações de grande cap em fase de momentum intenso podem sofrer correções abruptas de 20–40% antes que o sinal defensivo se consolide; (ii) Maior exposição a risco idiossincrático: notícias específicas de empresa, revisões de earnings ou eventos geopolíticos podem afetar posições concentradas; (iii) Rotações mais frequentes: o universo mais amplo gera mais transições de pos",performance_backtest_metrics,B06: Advances in Financial Machine Learning | B07: The Misbehavior of Markets | B10: The Most Important Thing,B11: Antifragile | B01: Quantitative Momentum,"Marcos López de Prado, em Advances in Financial Machine Learning, reforça backtests sofrem risco de overfitting; Benoit Mandelbrot, em The Misbehavior of Markets, reforça retornos têm caudas gordas; Howard Marks, em The Most Important Thing, reforça risco é mais que volatilidade.","Sempre acrescentar: performance passada/backtest não garante resultado futuro; considerar custos, slippage, liquidez, impostos, overfitting e suitability."
JIM-LIT-0087,Harpian_150_Questionnaire.docx,87,87. Como explicar que maior retorno exige maior oscilação?,O princípio fundamental de risco-retorno estabelece que retornos superiores à taxa livre de risco são compensação por exposição a risco adicional — não existem retornos superiores sem risco correspondente em mercados eficientes. A intuição: um portfólio que nunca oscila negativamente também não pode oscilar positivamente de forma expressiva — a 'trava' que impede quedas também impede ganhos. Matematicamente: a volatilidade é a medida da dispersão dos retornos em ambas as direções; reduzir oscila,performance_backtest_metrics,B06: Advances in Financial Machine Learning | B07: The Misbehavior of Markets | B10: The Most Important Thing,B11: Antifragile | B04: Thinking in Bets,"Marcos López de Prado, em Advances in Financial Machine Learning, reforça backtests sofrem risco de overfitting; Benoit Mandelbrot, em The Misbehavior of Markets, reforça retornos têm caudas gordas; Howard Marks, em The Most Important Thing, reforça risco é mais que volatilidade.","Sempre acrescentar: performance passada/backtest não garante resultado futuro; considerar custos, slippage, liquidez, impostos, overfitting e suitability."
JIM-LIT-0088,Harpian_150_Questionnaire.docx,88,88. Como comparar HPC11 e HPC22 sem recomendar?,"Comparação objetiva sem recomendação: HPC11 e HPC22 são duas estratégias com perfis de risco-retorno distintos, adequadas para objetivos diferentes. HPC11 tem historicamente menor retorno e menor drawdown — adequado para investidores com prioridade em preservação de capital ou menor tolerância a volatilidade. HPC22 tem historicamente maior retorno e maior drawdown — adequado para investidores com horizonte longo e maior capacidade de suportar oscilações. A alocação entre HPC11 e HPC22 deve ser d",momentum_regime_stormguard,B01: Quantitative Momentum | B02: Chaos and Order in the Capital Markets | B06: Advances in Financial Machine Learning,B07: The Misbehavior of Markets | B03: The Man Who Solved the Market,"Wesley Gray & Jack Vogel, em Quantitative Momentum, reforça momentum como prêmio persistente porém cíclico; Edgar Peters, em Chaos and Order in the Capital Markets, reforça mercados alternam ordem e caos; Marcos López de Prado, em Advances in Financial Machine Learning, reforça backtests sofrem risco de overfitting.",Não prometer proteção ou captura de tendências; explicar sinais como leitura probabilística de regime sujeita a falso positivo/falso negativo.
JIM-LIT-0089,Harpian_150_Questionnaire.docx,89,89. Como explicar mix HPC11/HPC22?,"Um portfólio que combina HPC11 e HPC22 permite calibrar o perfil de risco-retorno de forma gradual entre os dois extremos. Por exemplo: 50% HPC11 / 50% HPC22 resultaria em Risk Number aproximado de 32 e CAGR histórico esperado em torno de 24%+, com max drawdown histórico aproximado de −20%. A proporção entre os dois produtos funciona como um 'dial' de risco: aumentar exposição a HPC22 eleva retorno esperado e volatilidade; aumentar HPC11 reduz ambos. O mix ideal é determinado pelo Risk Number ta",performance_backtest_metrics,B06: Advances in Financial Machine Learning | B07: The Misbehavior of Markets | B10: The Most Important Thing,B11: Antifragile | B01: Quantitative Momentum,"Marcos López de Prado, em Advances in Financial Machine Learning, reforça backtests sofrem risco de overfitting; Benoit Mandelbrot, em The Misbehavior of Markets, reforça retornos têm caudas gordas; Howard Marks, em The Most Important Thing, reforça risco é mais que volatilidade.","Sempre acrescentar: performance passada/backtest não garante resultado futuro; considerar custos, slippage, liquidez, impostos, overfitting e suitability."
JIM-LIT-0090,Harpian_150_Questionnaire.docx,90,90. Como explicar que uma simulação não é recomendação?,"Uma simulação é um exercício analítico que demonstra como uma estratégia se comportaria em determinado cenário histórico ou projetado, com parâmetros específicos e dados de referência definidos. Não constitui recomendação de investimento pelos seguintes motivos: (i) Não considera a situação financeira individual do investidor (patrimônio, renda, obrigações, horizonte, objetivos específicos); (ii) Não avalia suitability (adequação) regulatória; (iii) Baseia-se em dados históricos que não garantem",performance_backtest_metrics,B06: Advances in Financial Machine Learning | B07: The Misbehavior of Markets | B10: The Most Important Thing,B11: Antifragile | B04: Thinking in Bets,"Marcos López de Prado, em Advances in Financial Machine Learning, reforça backtests sofrem risco de overfitting; Benoit Mandelbrot, em The Misbehavior of Markets, reforça retornos têm caudas gordas; Howard Marks, em The Most Important Thing, reforça risco é mais que volatilidade.","Sempre acrescentar: performance passada/backtest não garante resultado futuro; considerar custos, slippage, liquidez, impostos, overfitting e suitability."
JIM-LIT-0091,Harpian_150_Questionnaire.docx,91,91. Como explicar eficiência risco-retorno?,"Eficiência risco-retorno é a capacidade de uma estratégia de gerar retorno máximo para um dado nível de risco — ou equivalentemente, de minimizar o risco para um dado nível de retorno alvo. É quantificada pelo Sharpe Ratio (retorno / volatilidade) ou pelo Sortino Ratio (retorno / downside deviation). Uma estratégia é 'eficiente' quando se posiciona na fronteira eficiente de Markowitz — ou acima dela, quando incorpora gestão ativa de regime. A Harpian reivindica eficiência superior pela seguinte ",performance_backtest_metrics,B06: Advances in Financial Machine Learning | B07: The Misbehavior of Markets | B10: The Most Important Thing,B11: Antifragile,"Marcos López de Prado, em Advances in Financial Machine Learning, reforça backtests sofrem risco de overfitting; Benoit Mandelbrot, em The Misbehavior of Markets, reforça retornos têm caudas gordas; Howard Marks, em The Most Important Thing, reforça risco é mais que volatilidade.","Sempre acrescentar: performance passada/backtest não garante resultado futuro; considerar custos, slippage, liquidez, impostos, overfitting e suitability."
JIM-LIT-0092,Harpian_150_Questionnaire.docx,92,92. Como comparar HPC11/HPC22 contra S&P 500?,A comparação com o S&P 500 deve incluir múltiplas dimensões: (i) Retorno: HPC22 retornou +82% em 2025 vs. S&P 500; HPC11 retornou +38% em 2025; retornos históricos de longo prazo devem ser comparados em CAGR para períodos equivalentes; (ii) Risco: max drawdown HPC22 −27% vs. S&P 500 −56% (2008–2009) e −34% (2020); max drawdown HPC11 −14% vs. os mesmos benchmarks; (iii) Volatilidade: HPC11 e HPC22 historicamente com volatilidade menor em ciclos completos do que o S&P 500 em períodos de crise; (iv,performance_backtest_metrics,B06: Advances in Financial Machine Learning | B07: The Misbehavior of Markets | B10: The Most Important Thing,B11: Antifragile | B01: Quantitative Momentum,"Marcos López de Prado, em Advances in Financial Machine Learning, reforça backtests sofrem risco de overfitting; Benoit Mandelbrot, em The Misbehavior of Markets, reforça retornos têm caudas gordas; Howard Marks, em The Most Important Thing, reforça risco é mais que volatilidade.","Sempre acrescentar: performance passada/backtest não garante resultado futuro; considerar custos, slippage, liquidez, impostos, overfitting e suitability."
JIM-LIT-0093,Harpian_150_Questionnaire.docx,93,93. Como comparar HPC11/HPC22 contra bonds?,"A comparação com renda fixa (bonds) é relevante para investidores que consideram HPC11 como alternativa a portfólios de bonds tradicionais: (i) Retorno: HPC11 com CAGR histórico de 9,6% vs. AGG (Bloomberg Aggregate Bond Index) com retorno anualizado de aproximadamente 2–4% na última década; (ii) Risco: max drawdown HPC11 de −14% pode ser superior ao de alguns índices de bonds, mas é compensado por retorno significativamente maior; (iii) Sensibilidade a juros: bonds tradicionais sofrem em ambient",momentum_regime_stormguard,B01: Quantitative Momentum | B02: Chaos and Order in the Capital Markets | B06: Advances in Financial Machine Learning,B07: The Misbehavior of Markets | B03: The Man Who Solved the Market,"Wesley Gray & Jack Vogel, em Quantitative Momentum, reforça momentum como prêmio persistente porém cíclico; Edgar Peters, em Chaos and Order in the Capital Markets, reforça mercados alternam ordem e caos; Marcos López de Prado, em Advances in Financial Machine Learning, reforça backtests sofrem risco de overfitting.",Não prometer proteção ou captura de tendências; explicar sinais como leitura probabilística de regime sujeita a falso positivo/falso negativo.
JIM-LIT-0094,Harpian_150_Questionnaire.docx,94,94. Como comparar HPC11/HPC22 contra ouro?,"A comparação com ouro é relevante no contexto de proteção de patrimônio: (i) Retorno: ouro subiu ~28% em 2024 e ~30% em 2025 (dados históricos aproximados); HPC22 retornou +82% em 2025 — mas com risco superior; HPC11 retornou +38% em 2025; (ii) Volatilidade: ouro tem volatilidade moderada (~15–20% a.a.) mas sem mecanismo de proteção sistemática em quedas; (iii) Correlação: ouro tem correlação variável com ações — pode funcionar como hedge em crises inflacionárias, mas falha em deflações e crises",performance_backtest_metrics,B06: Advances in Financial Machine Learning | B07: The Misbehavior of Markets | B10: The Most Important Thing,B11: Antifragile | B01: Quantitative Momentum,"Marcos López de Prado, em Advances in Financial Machine Learning, reforça backtests sofrem risco de overfitting; Benoit Mandelbrot, em The Misbehavior of Markets, reforça retornos têm caudas gordas; Howard Marks, em The Most Important Thing, reforça risco é mais que volatilidade.","Sempre acrescentar: performance passada/backtest não garante resultado futuro; considerar custos, slippage, liquidez, impostos, overfitting e suitability."
JIM-LIT-0095,Harpian_150_Questionnaire.docx,95,95. Como comparar HPC11/HPC22 contra Nasdaq?,"O Nasdaq (especificamente Nasdaq-100 / QQQ) é um benchmark relevante para HPC22 dado o histórico de exposição a tecnologia: (i) Retorno: Nasdaq-100 subiu aproximadamente +55% em 2023 e +25% em 2024; HPC22 +82% em 2025 representa superperformance significativa, mas com metodologia distinta; (ii) Risco: Nasdaq sofreu −83% entre 2000–2002 e −55% em 2008; max drawdown HPC22 histórico é −27% — demonstrando proteção substancial em bear markets; (iii) Mecanismo de proteção: Nasdaq é índice passivo sem ",momentum_regime_stormguard,B01: Quantitative Momentum | B02: Chaos and Order in the Capital Markets | B06: Advances in Financial Machine Learning,B07: The Misbehavior of Markets | B03: The Man Who Solved the Market,"Wesley Gray & Jack Vogel, em Quantitative Momentum, reforça momentum como prêmio persistente porém cíclico; Edgar Peters, em Chaos and Order in the Capital Markets, reforça mercados alternam ordem e caos; Marcos López de Prado, em Advances in Financial Machine Learning, reforça backtests sofrem risco de overfitting.",Não prometer proteção ou captura de tendências; explicar sinais como leitura probabilística de regime sujeita a falso positivo/falso negativo.
JIM-LIT-0096,Harpian_150_Questionnaire.docx,96,"96. Como explicar retorno de 1, 3, 5, 10, 20 e 30 anos?",A análise de retorno em múltiplos horizontes permite avaliar a consistência e persistência da performance: (i) 1 ano: captura o desempenho do regime atual de mercado — pode ser atipicamente alto ou baixo; alta sensibilidade ao ponto de entrada; (ii) 3 anos: inclui tipicamente um ciclo completo de bull/bear — mais representativo da eficácia do mecanismo defensivo; (iii) 5 anos: cobre múltiplos regimes e reduz viés de seleção de período; (iv) 10 anos: inclui pelo menos um bear market significativo,performance_backtest_metrics,B06: Advances in Financial Machine Learning | B07: The Misbehavior of Markets | B10: The Most Important Thing,B11: Antifragile | B01: Quantitative Momentum,"Marcos López de Prado, em Advances in Financial Machine Learning, reforça backtests sofrem risco de overfitting; Benoit Mandelbrot, em The Misbehavior of Markets, reforça retornos têm caudas gordas; Howard Marks, em The Most Important Thing, reforça risco é mais que volatilidade.","Sempre acrescentar: performance passada/backtest não garante resultado futuro; considerar custos, slippage, liquidez, impostos, overfitting e suitability."
JIM-LIT-0097,Harpian_150_Questionnaire.docx,97,97. Como explicar histórico vs expectativa futura?,"Histórico e expectativa futura são dimensões radicalmente distintas. Histórico é o registro objetivo do que ocorreu — imutável e verificável. Expectativa futura é uma projeção probabilística com incerteza inerente. A distinção deve ser sempre explícita: 'Os retornos históricos apresentados refletem a performance da estratégia no passado, em condições específicas de mercado que podem não se repetir. A expectativa futura é construída sobre a premissa de que a metodologia sistemática — que gerou os",performance_backtest_metrics,B06: Advances in Financial Machine Learning | B07: The Misbehavior of Markets | B10: The Most Important Thing,B11: Antifragile,"Marcos López de Prado, em Advances in Financial Machine Learning, reforça backtests sofrem risco de overfitting; Benoit Mandelbrot, em The Misbehavior of Markets, reforça retornos têm caudas gordas; Howard Marks, em The Most Important Thing, reforça risco é mais que volatilidade.","Sempre acrescentar: performance passada/backtest não garante resultado futuro; considerar custos, slippage, liquidez, impostos, overfitting e suitability."
JIM-LIT-0098,Harpian_150_Questionnaire.docx,98,98. Como explicar baixa correlação ou correlação variável?,"Correlação entre estratégias como HPC11/HPC22 e benchmarks de mercado é dinâmica e regime-dependente. Em bull markets: HPC22 tende a ter alta correlação com o mercado (ambos sobem) — o valor é capturado via True Sector Rotation para o líder de momentum. Em bear markets: a postura defensiva reduz drasticamente a correlação com o mercado (enquanto o benchmark cai, o portfólio está em caixa) — gerando correlação baixa ou negativa realizada. Essa correlação variável é intencional e constitui a princ",momentum_regime_stormguard,B01: Quantitative Momentum | B02: Chaos and Order in the Capital Markets | B06: Advances in Financial Machine Learning,B07: The Misbehavior of Markets | B03: The Man Who Solved the Market,"Wesley Gray & Jack Vogel, em Quantitative Momentum, reforça momentum como prêmio persistente porém cíclico; Edgar Peters, em Chaos and Order in the Capital Markets, reforça mercados alternam ordem e caos; Marcos López de Prado, em Advances in Financial Machine Learning, reforça backtests sofrem risco de overfitting.",Não prometer proteção ou captura de tendências; explicar sinais como leitura probabilística de regime sujeita a falso positivo/falso negativo.
JIM-LIT-0099,Harpian_150_Questionnaire.docx,99,99. Como explicar periodicidade de rotação?,"A rotação de ativos no ecossistema Harpian ocorre ao final de cada mês — determinada pela Hurst Fingerprint Analysis, que identificou que a frequência de oscilação ótima dos mercados é mensal. Essa periodicidade tem múltiplos benefícios: (i) Evita whipsaw intraperiodo: flutuações diárias dentro do mês são ignoradas, eliminando sinais falsos de curto prazo; (ii) Alinhamento com o comportamento institucional: grandes alocadores institucionais revisam portfólios mensalmente, gerando fluxos de capit",momentum_regime_stormguard,B01: Quantitative Momentum | B02: Chaos and Order in the Capital Markets | B06: Advances in Financial Machine Learning,B07: The Misbehavior of Markets | B03: The Man Who Solved the Market,"Wesley Gray & Jack Vogel, em Quantitative Momentum, reforça momentum como prêmio persistente porém cíclico; Edgar Peters, em Chaos and Order in the Capital Markets, reforça mercados alternam ordem e caos; Marcos López de Prado, em Advances in Financial Machine Learning, reforça backtests sofrem risco de overfitting.",Não prometer proteção ou captura de tendências; explicar sinais como leitura probabilística de regime sujeita a falso positivo/falso negativo.
JIM-LIT-0100,Harpian_150_Questionnaire.docx,100,100. Como explicar por que não operar vendido?,"O ecossistema Harpian não opera vendido (short selling) por razões estratégicas e operacionais: (i) Assimetria de risco: uma posição vendida tem perda potencial ilimitada (o ativo pode subir indefinidamente) mas ganho limitado a 100% (o ativo não pode cair abaixo de zero) — perfil de risco desfavorável para preservação de capital multigeracional; (ii) Custo de carry: manter posições vendidas tem custo de taxa de empréstimo de ações, que pode ser significativo em ativos com alto demand de short; ",adversarial_failure_limits,B11: Antifragile | B07: The Misbehavior of Markets | B04: Thinking in Bets,B10: The Most Important Thing | B14: The Art of War,"Nassim Nicholas Taleb, em Antifragile, reforça sistemas frágeis quebram sob stress; Benoit Mandelbrot, em The Misbehavior of Markets, reforça retornos têm caudas gordas; Annie Duke, em Thinking in Bets, reforça boa decisão pode ter mau resultado.","Enfatizar limites, cenários de falha e ausência de garantia; escalar para humano quando envolver ação financeira."
JIM-LIT-0101,Harpian_150_Questionnaire.docx,101,101. O que é um ETP?,"Exchange-Traded Product (ETP) é a categoria genérica de instrumentos financeiros listados em bolsa que rastreiam o desempenho de um ativo subjacente, índice, estratégia ou cesta de ativos. O valor do ETP flutua em tempo real durante o pregão, sendo negociado como uma ação ordinária. ETPs incluem ETFs (Exchange-Traded Funds), ETNs (Exchange-Traded Notes) e ETCs (Exchange-Traded Commodities). No contexto Harpian, o ETP é estruturado como uma nota de dívida sênior emitida por uma Special Purpose Ve",vehicle_tax_governance,B10: The Most Important Thing | B13: The Only Game in Town | B08: Principles for Dealing with the Changing World Order,B14: The Art of War,"Howard Marks, em The Most Important Thing, reforça risco é mais que volatilidade; Mohamed El-Erian, em The Only Game in Town, reforça bancos centrais alteram preços de ativos; Ray Dalio, em Principles for Dealing with the Changing World Order, reforça ciclos de dívida e poder moldam retornos.",Não dar aconselhamento tributário/jurídico; indicar revisão por profissional qualificado conforme jurisdição.
JIM-LIT-0102,Harpian_150_Questionnaire.docx,102,"102. Qual é a diferença entre ETP, ETF, ETN e fundo?","(i) ETP: categoria guarda-chuva que inclui ETF, ETN e ETC; (ii) ETF (Exchange-Traded Fund): ETP estruturado como fundo de investimento — o investidor possui frações do fundo e tem proteção direta sobre os ativos; os ativos são propriedade do fundo; (iii) ETN (Exchange-Traded Note): ETP estruturado como nota de dívida sênior emitida por uma instituição financeira ou SPV — o investidor é credor da nota; os ativos subjacentes garantem a nota; não há propriedade direta de ativos; (iv) Fundo tradicio",vehicle_tax_governance,B10: The Most Important Thing | B13: The Only Game in Town | B08: Principles for Dealing with the Changing World Order,B14: The Art of War,"Howard Marks, em The Most Important Thing, reforça risco é mais que volatilidade; Mohamed El-Erian, em The Only Game in Town, reforça bancos centrais alteram preços de ativos; Ray Dalio, em Principles for Dealing with the Changing World Order, reforça ciclos de dívida e poder moldam retornos.",Não dar aconselhamento tributário/jurídico; indicar revisão por profissional qualificado conforme jurisdição.
JIM-LIT-0103,Harpian_150_Questionnaire.docx,103,103. Como funciona um ETP listado em bolsa?,"O funcionamento de um ETP listado em bolsa envolve os seguintes mecanismos: (i) Listagem: o ETP é admitido à negociação em uma bolsa (no caso Harpian: Bolsa de Viena / Vienna Stock Exchange), onde recebe um ticker e ISIN únicos; (ii) Negociação secundária: investidores compram e vendem o ETP no mercado secundário da bolsa, ao preço de mercado vigente; (iii) Market making: formadores de mercado (market makers) mantêm spreads bid-ask estreitos ao arbitrar entre o preço de mercado do ETP e o NAV do",vehicle_tax_governance,B10: The Most Important Thing | B13: The Only Game in Town | B08: Principles for Dealing with the Changing World Order,B14: The Art of War,"Howard Marks, em The Most Important Thing, reforça risco é mais que volatilidade; Mohamed El-Erian, em The Only Game in Town, reforça bancos centrais alteram preços de ativos; Ray Dalio, em Principles for Dealing with the Changing World Order, reforça ciclos de dívida e poder moldam retornos.",Não dar aconselhamento tributário/jurídico; indicar revisão por profissional qualificado conforme jurisdição.
JIM-LIT-0104,Harpian_150_Questionnaire.docx,104,104. O que é ISIN?,"ISIN (International Securities Identification Number) é o código de identificação padronizado globalmente para instrumentos financeiros, definido pela norma ISO 6166. É composto por 12 caracteres: 2 letras de código de país (ex.: XS para instrumentos internacionais Euroclear), seguidas de 9 dígitos numéricos de identificação e 1 dígito verificador. O ISIN é utilizado para: negociação em bolsas internacionais, liquidação via sistemas de custódia (Euroclear, Clearstream), referência em contratos d",vehicle_tax_governance,B10: The Most Important Thing | B13: The Only Game in Town | B08: Principles for Dealing with the Changing World Order,B14: The Art of War | B09: The End of the World Is Just the Beginning,"Howard Marks, em The Most Important Thing, reforça risco é mais que volatilidade; Mohamed El-Erian, em The Only Game in Town, reforça bancos centrais alteram preços de ativos; Ray Dalio, em Principles for Dealing with the Changing World Order, reforça ciclos de dívida e poder moldam retornos.",Não dar aconselhamento tributário/jurídico; indicar revisão por profissional qualificado conforme jurisdição.
JIM-LIT-0105,Harpian_150_Questionnaire.docx,105,105. O que é LEI?,"LEI (Legal Entity Identifier) é o código de identificação global único de entidades jurídicas que participam de transações financeiras, regulamentado pelo GLEIF (Global Legal Entity Identifier Foundation) e exigido internacionalmente para compliance regulatório (MiFID II na Europa, Dodd-Frank nos EUA, EMIR para derivativos). É composto por 20 caracteres alfanuméricos. O LEI é obrigatório para entidades que negociam instrumentos financeiros em jurisdições reguladas e é usado para: identificação i",macro_geopolitics,B08: Principles for Dealing with the Changing World Order | B13: The Only Game in Town | B09: The End of the World Is Just the Beginning,B12: World Order,"Ray Dalio, em Principles for Dealing with the Changing World Order, reforça ciclos de dívida e poder moldam retornos; Mohamed El-Erian, em The Only Game in Town, reforça bancos centrais alteram preços de ativos; Peter Zeihan, em The End of the World Is Just the Beginning, reforça demografia e cadeias globais afetam crescimento.","Usar macro como contexto, não como previsão determinística; evitar timing de mercado baseado em narrativa."
JIM-LIT-0106,Harpian_150_Questionnaire.docx,106,106. O que é NAV diário?,"NAV (Net Asset Value — Valor Patrimonial Líquido) diário é o valor por unidade (ou cota) de um instrumento de investimento, calculado ao final de cada dia útil como: NAV = (Valor total dos ativos − Passivos) / Número de unidades em circulação. Para um ETP, o NAV reflete o valor de mercado dos ativos subjacentes custodiados, descontadas as despesas e taxas acumuladas. O NAV diário é: (i) publicado via terminais Bloomberg e Reuters; (ii) calculado pelo administrador independente de NAV (no caso Ha",vehicle_tax_governance,B10: The Most Important Thing | B13: The Only Game in Town | B08: Principles for Dealing with the Changing World Order,B14: The Art of War,"Howard Marks, em The Most Important Thing, reforça risco é mais que volatilidade; Mohamed El-Erian, em The Only Game in Town, reforça bancos centrais alteram preços de ativos; Ray Dalio, em Principles for Dealing with the Changing World Order, reforça ciclos de dívida e poder moldam retornos.",Não dar aconselhamento tributário/jurídico; indicar revisão por profissional qualificado conforme jurisdição.
JIM-LIT-0107,Harpian_150_Questionnaire.docx,107,107. O que é Bloomberg ticker?,"Bloomberg ticker é o código de identificação exclusivo de um instrumento financeiro na plataforma Bloomberg Terminal — o principal sistema de informações financeiras utilizado por investidores institucionais globalmente. Permite acesso a: cotações em tempo real, histórico de preços, dados fundamentais, notícias relevantes, análise de risco e documentos regulatórios do instrumento. Para um ETP, o ticker Bloomberg é a identidade do produto no ecossistema institucional: sem ticker Bloomberg, o prod",vehicle_tax_governance,B10: The Most Important Thing | B13: The Only Game in Town | B08: Principles for Dealing with the Changing World Order,B14: The Art of War,"Howard Marks, em The Most Important Thing, reforça risco é mais que volatilidade; Mohamed El-Erian, em The Only Game in Town, reforça bancos centrais alteram preços de ativos; Ray Dalio, em Principles for Dealing with the Changing World Order, reforça ciclos de dívida e poder moldam retornos.",Não dar aconselhamento tributário/jurídico; indicar revisão por profissional qualificado conforme jurisdição.
JIM-LIT-0108,Harpian_150_Questionnaire.docx,108,108. Como um investidor acessa um ETP pela Bloomberg?,"Para acessar um ETP pela Bloomberg Terminal: (i) Busca por ticker: digitar o Bloomberg ticker seguido de [EQUITY] [GO]; (ii) Busca por ISIN: digitar o ISIN (ex.: XS2998773373) diretamente e selecionar o instrumento correto; (iii) DES (Description): comando para visualizar todas as informações do instrumento — emissor, estrutura, termos, documentação legal; (iv) HP (Historical Price): histórico de preços e NAV; (v) GPC (Graph): gráfico de performance; (vi) RELS (Related Securities): documentos re",vehicle_tax_governance,B10: The Most Important Thing | B13: The Only Game in Town | B08: Principles for Dealing with the Changing World Order,B14: The Art of War,"Howard Marks, em The Most Important Thing, reforça risco é mais que volatilidade; Mohamed El-Erian, em The Only Game in Town, reforça bancos centrais alteram preços de ativos; Ray Dalio, em Principles for Dealing with the Changing World Order, reforça ciclos de dívida e poder moldam retornos.",Não dar aconselhamento tributário/jurídico; indicar revisão por profissional qualificado conforme jurisdição.
JIM-LIT-0109,Harpian_150_Questionnaire.docx,109,109. Como explicar liquidez D+5?,"Liquidez D+5 significa que, a partir da solicitação de resgate, o investidor recebe os recursos em sua conta em até 5 dias úteis (D = dia do pedido; +5 = cinco dias úteis após). Este prazo reflete o ciclo de liquidação padrão do Euroclear para ETPs internacionais: (i) D+0: solicitação de resgate submetida ao agente pagador (Bank of New York Mellon); (ii) D+1 a D+3: liquidação da posição nos ativos subjacentes no mercado; (iii) D+4 a D+5: transferência e liquidação via Euroclear. D+5 é considerad",vehicle_tax_governance,B10: The Most Important Thing | B13: The Only Game in Town | B08: Principles for Dealing with the Changing World Order,B14: The Art of War | B01: Quantitative Momentum,"Howard Marks, em The Most Important Thing, reforça risco é mais que volatilidade; Mohamed El-Erian, em The Only Game in Town, reforça bancos centrais alteram preços de ativos; Ray Dalio, em Principles for Dealing with the Changing World Order, reforça ciclos de dívida e poder moldam retornos.",Não dar aconselhamento tributário/jurídico; indicar revisão por profissional qualificado conforme jurisdição.
JIM-LIT-0110,Harpian_150_Questionnaire.docx,110,110. O que significa possibilidade de liquidez antes de D+5?,"A possibilidade de liquidez antes de D+5 refere-se à negociação no mercado secundário da Bolsa de Viena. O ETP Harpian é negociado em pregão na bolsa, o que significa que investidores podem comprar e vender unidades no mercado secundário a qualquer momento durante o horário de negociação, com liquidação padrão da bolsa (geralmente D+2 para mercados europeus). O valor recebido no mercado secundário pode diferir levemente do NAV (spread bid-ask mantido por market makers). Para volumes menores, a l",vehicle_tax_governance,B10: The Most Important Thing | B13: The Only Game in Town | B08: Principles for Dealing with the Changing World Order,B14: The Art of War | B01: Quantitative Momentum,"Howard Marks, em The Most Important Thing, reforça risco é mais que volatilidade; Mohamed El-Erian, em The Only Game in Town, reforça bancos centrais alteram preços de ativos; Ray Dalio, em Principles for Dealing with the Changing World Order, reforça ciclos de dívida e poder moldam retornos.",Não dar aconselhamento tributário/jurídico; indicar revisão por profissional qualificado conforme jurisdição.
JIM-LIT-0111,Harpian_150_Questionnaire.docx,111,111. O que é custódia?,"Custódia é o serviço de guarda, proteção e administração de ativos financeiros em nome de um investidor, prestado por uma instituição financeira licenciada (custodiante). O custodiante mantém os ativos de forma segregada das responsabilidades da gestora, garantindo que o patrimônio do investidor esteja protegido mesmo em caso de insolvência da gestora. As funções do custodiante incluem: guarda física/contábil dos ativos; liquidação e liquidação de operações; coleta de dividendos e juros; process",vehicle_tax_governance,B10: The Most Important Thing | B13: The Only Game in Town | B08: Principles for Dealing with the Changing World Order,B14: The Art of War | B04: Thinking in Bets,"Howard Marks, em The Most Important Thing, reforça risco é mais que volatilidade; Mohamed El-Erian, em The Only Game in Town, reforça bancos centrais alteram preços de ativos; Ray Dalio, em Principles for Dealing with the Changing World Order, reforça ciclos de dívida e poder moldam retornos.",Não dar aconselhamento tributário/jurídico; indicar revisão por profissional qualificado conforme jurisdição.
JIM-LIT-0112,Harpian_150_Questionnaire.docx,112,112. O que faz um custodiante?,"As funções operacionais de um custodiante incluem: (i) Guarda de ativos: manutenção dos registros de propriedade e posições em nome do investidor; (ii) Liquidação de operações: processamento de compra e venda de ativos, garantindo entrega versus pagamento (DVP) em tempo hábil; (iii) Coleta de rendimentos: dividendos, juros e outros proventos são coletados e creditados à conta do investidor; (iv) Processamento de eventos corporativos: bonificações, splits, subscrições, ofertas públicas; (v) Marca",risk_number_suitability,B10: The Most Important Thing | B04: Thinking in Bets | B07: The Misbehavior of Markets,B11: Antifragile | B05: The Mathematical Theory of Communication,"Howard Marks, em The Most Important Thing, reforça risco é mais que volatilidade; Annie Duke, em Thinking in Bets, reforça boa decisão pode ter mau resultado; Benoit Mandelbrot, em The Misbehavior of Markets, reforça retornos têm caudas gordas.",Não tratar Risk Number como recomendação; é linguagem de alinhamento de risco e deve exigir revisão humana/suitability.
JIM-LIT-0113,Harpian_150_Questionnaire.docx,113,113. Como explicar que HARPIAN não toca no dinheiro?,"A estrutura do ETP Harpian foi concebida com segregação total de funções, onde a Harpian LLC detém exclusivamente a autoridade de gestão de portfólio (trading authority), sem jamais ter acesso ou controle sobre os recursos dos investidores. O fluxo de capital funciona assim: (i) O investidor transfere recursos diretamente ao Bank of New York Mellon (custódia independente); (ii) O custodiante recebe e guarda os recursos; (iii) A Harpian instrui a Interactive Brokers (broker de execução) a comprar",behavioral_decision,B04: Thinking in Bets | B10: The Most Important Thing | B11: Antifragile,B05: The Mathematical Theory of Communication | B13: The Only Game in Town,"Annie Duke, em Thinking in Bets, reforça boa decisão pode ter mau resultado; Howard Marks, em The Most Important Thing, reforça risco é mais que volatilidade; Nassim Nicholas Taleb, em Antifragile, reforça sistemas frágeis quebram sob stress.","Evitar aconselhamento pessoal; reforçar processo decisório, probabilidades e adequação ao perfil."
JIM-LIT-0114,Harpian_150_Questionnaire.docx,114,114. Como funciona auditoria Deloitte em estrutura de produto?,"A auditoria estatutária por firma de auditoria de primeira linha (Big 4, como Deloitte ou RSM) em uma estrutura ETP/SPV irlandesa funciona da seguinte forma: (i) Escopo: a auditoria cobre as demonstrações financeiras anuais da SPV emissora (Lseries DAC), incluindo verificação do NAV reportado, adequação dos controles internos e compliance com as Companies Act 2014 da Irlanda; (ii) Verificação de ativos: a Deloitte confirma independentemente que os ativos custodiados existem e correspondem aos re",vehicle_tax_governance,B10: The Most Important Thing | B13: The Only Game in Town | B08: Principles for Dealing with the Changing World Order,B14: The Art of War,"Howard Marks, em The Most Important Thing, reforça risco é mais que volatilidade; Mohamed El-Erian, em The Only Game in Town, reforça bancos centrais alteram preços de ativos; Ray Dalio, em Principles for Dealing with the Changing World Order, reforça ciclos de dívida e poder moldam retornos.",Não dar aconselhamento tributário/jurídico; indicar revisão por profissional qualificado conforme jurisdição.
JIM-LIT-0115,Harpian_150_Questionnaire.docx,115,115. Qual é o papel de Lynk / L-Series / Vienna Stock Exchange?,"(i) Lynk Capital Markets Ltd: é o Programme Administrator — empresa especializada em estruturação e administração de programas ETP. Responsável pela manutenção legal e operacional do programa de emissão de ETPs, incluindo documentação do prospecto, atualizações regulatórias, relacionamento com a bolsa e custodiante, e compliance contínuo do veículo; (ii) Lseries DAC: é a Special Purpose Vehicle (SPV) emissora, entidade jurídica de propósito específico registrada na Irlanda. É o emissor legal dos",vehicle_tax_governance,B10: The Most Important Thing | B13: The Only Game in Town | B08: Principles for Dealing with the Changing World Order,B14: The Art of War,"Howard Marks, em The Most Important Thing, reforça risco é mais que volatilidade; Mohamed El-Erian, em The Only Game in Town, reforça bancos centrais alteram preços de ativos; Ray Dalio, em Principles for Dealing with the Changing World Order, reforça ciclos de dívida e poder moldam retornos.",Não dar aconselhamento tributário/jurídico; indicar revisão por profissional qualificado conforme jurisdição.
JIM-LIT-0116,Harpian_150_Questionnaire.docx,116,116. Como explicar fluxo de subscrição?,"O fluxo de subscrição primária do ETP Harpian funciona da seguinte forma: (i) O investidor assina o subscription agreement (acordo de subscrição) com a Lseries DAC (SPV emissora), via Lynk Capital Markets como administrador; (ii) O investidor transfere os recursos em USD (ou moeda aplicável) para a conta de liquidação do Bank of New York Mellon (Settlement & Paying Agent); (iii) O BoNY Mellon confirma o recebimento dos recursos e notifica o administrador de NAV; (iv) Unidades do ETP são criadas ",vehicle_tax_governance,B10: The Most Important Thing | B13: The Only Game in Town | B08: Principles for Dealing with the Changing World Order,B14: The Art of War | B04: Thinking in Bets,"Howard Marks, em The Most Important Thing, reforça risco é mais que volatilidade; Mohamed El-Erian, em The Only Game in Town, reforça bancos centrais alteram preços de ativos; Ray Dalio, em Principles for Dealing with the Changing World Order, reforça ciclos de dívida e poder moldam retornos.",Não dar aconselhamento tributário/jurídico; indicar revisão por profissional qualificado conforme jurisdição.
JIM-LIT-0117,Harpian_150_Questionnaire.docx,117,117. Como explicar fluxo de resgate?,"O fluxo de resgate funciona inversamente ao de subscrição: (i) O investidor submete solicitação de resgate ao Settlement & Paying Agent (BoNY Mellon), especificando número de unidades e instruções de transferência; (ii) O administrador de NAV calcula o valor de resgate ao NAV do dia da solicitação (ou próximo dia útil, conforme termos do produto); (iii) A Harpian LLC recebe instrução do custodiante para liquidar os ativos correspondentes no mercado; (iv) Os recursos são liquidados via Euroclear;",vehicle_tax_governance,B10: The Most Important Thing | B13: The Only Game in Town | B08: Principles for Dealing with the Changing World Order,B14: The Art of War | B01: Quantitative Momentum,"Howard Marks, em The Most Important Thing, reforça risco é mais que volatilidade; Mohamed El-Erian, em The Only Game in Town, reforça bancos centrais alteram preços de ativos; Ray Dalio, em Principles for Dealing with the Changing World Order, reforça ciclos de dívida e poder moldam retornos.",Não dar aconselhamento tributário/jurídico; indicar revisão por profissional qualificado conforme jurisdição.
JIM-LIT-0118,Harpian_150_Questionnaire.docx,118,118. Como explicar taxa de administração?,"A taxa de administração (management fee) é a remuneração anual paga ao gestor (Harpian LLC) pela gestão contínua do portfólio, calculada como percentual anual sobre o patrimônio líquido sob gestão. No ETP Harpian, a taxa de administração é cobrada de forma implícita no cálculo diário do NAV — o valor por unidade já reflete a dedução diária proporcional da taxa. Por exemplo, uma taxa de 2% a.a. equivale a uma dedução diária de aproximadamente 0,0079% (2% / 252). A taxa de administração remunera: ",vehicle_tax_governance,B10: The Most Important Thing | B13: The Only Game in Town | B08: Principles for Dealing with the Changing World Order,B14: The Art of War | B06: Advances in Financial Machine Learning,"Howard Marks, em The Most Important Thing, reforça risco é mais que volatilidade; Mohamed El-Erian, em The Only Game in Town, reforça bancos centrais alteram preços de ativos; Ray Dalio, em Principles for Dealing with the Changing World Order, reforça ciclos de dívida e poder moldam retornos.",Não dar aconselhamento tributário/jurídico; indicar revisão por profissional qualificado conforme jurisdição.
JIM-LIT-0119,Harpian_150_Questionnaire.docx,119,119. Como explicar taxa de performance?,"A taxa de performance é uma remuneração adicional cobrada pelo gestor como percentual dos ganhos que excedem um benchmark ou hurdle rate pré-definido, alinhando os interesses do gestor com o do investidor ('só ganho mais se você ganhar'). No ecossistema Harpian, a estrutura de taxa de performance é: 10% sobre ganhos quando AUM < USD 10M; 20% sobre ganhos acima de USD 10M. Geralmente aplicada com high-water mark: a taxa só é cobrada sobre ganhos acima do máximo patrimonial histórico, evitando que",performance_backtest_metrics,B06: Advances in Financial Machine Learning | B07: The Misbehavior of Markets | B10: The Most Important Thing,B11: Antifragile,"Marcos López de Prado, em Advances in Financial Machine Learning, reforça backtests sofrem risco de overfitting; Benoit Mandelbrot, em The Misbehavior of Markets, reforça retornos têm caudas gordas; Howard Marks, em The Most Important Thing, reforça risco é mais que volatilidade.","Sempre acrescentar: performance passada/backtest não garante resultado futuro; considerar custos, slippage, liquidez, impostos, overfitting e suitability."
JIM-LIT-0120,Harpian_150_Questionnaire.docx,120,120. Como explicar spread ou custos operacionais?,"Além das taxas de administração e performance, os custos operacionais de um ETP incluem: (i) Spread bid-ask: diferença entre o preço de compra e venda no mercado secundário, mantida pelo market maker. Para ETPs líquidos e bem gerenciados, o spread é tipicamente de 0,05–0,3%; (ii) Custos de transação internos: custos de corretagem pagos à Interactive Brokers na execução das rotações mensais de portfólio — já incorporados no NAV; (iii) Despesas da SPV: custos legais, de auditoria, administração do",vehicle_tax_governance,B10: The Most Important Thing | B13: The Only Game in Town | B08: Principles for Dealing with the Changing World Order,B14: The Art of War,"Howard Marks, em The Most Important Thing, reforça risco é mais que volatilidade; Mohamed El-Erian, em The Only Game in Town, reforça bancos centrais alteram preços de ativos; Ray Dalio, em Principles for Dealing with the Changing World Order, reforça ciclos de dívida e poder moldam retornos.",Não dar aconselhamento tributário/jurídico; indicar revisão por profissional qualificado conforme jurisdição.
JIM-LIT-0121,Harpian_150_Questionnaire.docx,121,121. Por que investidores US podem ter caminho diferente de Non-US?,"Investidores norte-americanos (US Persons) enfrentam um arcabouço regulatório substancialmente mais restritivo na oferta de produtos financeiros internacionais, por três razões principais: (i) Securities Act de 1933 e Exchange Act de 1934: qualquer oferta pública de valores mobiliários a US Persons requer registro na SEC ou isenção expressamente prevista (Regulation D para ofertas privadas; Regulation S para ofertas offshore exclusivamente a non-US Persons); (ii) Investment Advisers Act de 1940:",behavioral_decision,B04: Thinking in Bets | B10: The Most Important Thing | B11: Antifragile,B05: The Mathematical Theory of Communication | B13: The Only Game in Town,"Annie Duke, em Thinking in Bets, reforça boa decisão pode ter mau resultado; Howard Marks, em The Most Important Thing, reforça risco é mais que volatilidade; Nassim Nicholas Taleb, em Antifragile, reforça sistemas frágeis quebram sob stress.","Evitar aconselhamento pessoal; reforçar processo decisório, probabilidades e adequação ao perfil."
JIM-LIT-0122,Harpian_150_Questionnaire.docx,122,122. Quais cuidados existem ao oferecer ETP para US persons?,"Os cuidados para oferta a US Persons incluem: (i) Nunca oferecer o ETP Harpian (estruturado como Regulation S) diretamente a US Persons — constitui violação do Securities Act; (ii) Verificação rigorosa de status (US Person check): residência, cidadania, Green Card, empresas controladas por US Persons são todos classificados como US Persons pela definição da SEC; (iii) Restrições de transferência: documentar que unidades adquiridas por non-US Persons não podem ser transferidas a US Persons no mer",vehicle_tax_governance,B10: The Most Important Thing | B13: The Only Game in Town | B08: Principles for Dealing with the Changing World Order,B14: The Art of War,"Howard Marks, em The Most Important Thing, reforça risco é mais que volatilidade; Mohamed El-Erian, em The Only Game in Town, reforça bancos centrais alteram preços de ativos; Ray Dalio, em Principles for Dealing with the Changing World Order, reforça ciclos de dívida e poder moldam retornos.",Não dar aconselhamento tributário/jurídico; indicar revisão por profissional qualificado conforme jurisdição.
JIM-LIT-0123,Harpian_150_Questionnaire.docx,123,123. Qual alternativa para investidor americano?,"Para investidores norte-americanos (US Persons), a alternativa ao ETP Harpian é o acesso via Managed Account administrada pelo broker Plurar. Nesta estrutura: (i) O investidor abre uma conta individual diretamente com a Interactive Brokers via Plurar; (ii) A Harpian LLC atua como gestor discricionário (Investment Manager) sob trading authority, sem custodiar os recursos; (iii) A estratégia implementada (HPC11 ou HPC22) é a mesma do ETP, replicada diretamente na conta do investidor; (iv) A estrut",behavioral_decision,B04: Thinking in Bets | B10: The Most Important Thing | B11: Antifragile,B05: The Mathematical Theory of Communication,"Annie Duke, em Thinking in Bets, reforça boa decisão pode ter mau resultado; Howard Marks, em The Most Important Thing, reforça risco é mais que volatilidade; Nassim Nicholas Taleb, em Antifragile, reforça sistemas frágeis quebram sob stress.","Evitar aconselhamento pessoal; reforçar processo decisório, probabilidades e adequação ao perfil."
JIM-LIT-0124,Harpian_150_Questionnaire.docx,124,124. Como explicar managed account para investidor americano?,"Uma Managed Account é uma conta de investimento individual onde o investidor mantém a propriedade legal e custódia dos ativos, mas delega as decisões de gestão a um profissional qualificado via acordo de gestão discricionária (Discretionary Investment Management Agreement). Para o investidor americano via Harpian/Plurar: 'Você abre uma conta diretamente com Interactive Brokers via Plurar. Seus recursos permanecem custodiados em seu nome na IB — você pode visualizar e acessar sua conta a qualquer",behavioral_decision,B04: Thinking in Bets | B10: The Most Important Thing | B11: Antifragile,B05: The Mathematical Theory of Communication | B13: The Only Game in Town,"Annie Duke, em Thinking in Bets, reforça boa decisão pode ter mau resultado; Howard Marks, em The Most Important Thing, reforça risco é mais que volatilidade; Nassim Nicholas Taleb, em Antifragile, reforça sistemas frágeis quebram sob stress.","Evitar aconselhamento pessoal; reforçar processo decisório, probabilidades e adequação ao perfil."
JIM-LIT-0125,Harpian_150_Questionnaire.docx,125,125. Como explicar ETP para investidor Non-US?,"Para investidores não americanos (Non-US Persons), o ETP Harpian oferece um veículo de acesso à estratégia quantitativa em formato institucional padronizado. Comunicação recomendada: 'O ETP Harpian é um instrumento financeiro listado na Bolsa de Viena, com ISIN XS2998773373, acessível via seu banco custodiante ou broker internacional. Ao adquirir unidades do ETP, você tem exposição à estratégia quantitativa Harpian (HPC11 ou HPC22), com seus recursos custodiados de forma segregada no Bank of New",vehicle_tax_governance,B10: The Most Important Thing | B13: The Only Game in Town | B08: Principles for Dealing with the Changing World Order,B14: The Art of War,"Howard Marks, em The Most Important Thing, reforça risco é mais que volatilidade; Mohamed El-Erian, em The Only Game in Town, reforça bancos centrais alteram preços de ativos; Ray Dalio, em Principles for Dealing with the Changing World Order, reforça ciclos de dívida e poder moldam retornos.",Não dar aconselhamento tributário/jurídico; indicar revisão por profissional qualificado conforme jurisdição.
JIM-LIT-0126,Harpian_150_Questionnaire.docx,126,126. Quais benefícios operacionais de ETP para Non-US?,"Benefícios operacionais do ETP para investidores não americanos: (i) Acesso via infraestrutura existente: investidores com contas em custódias internacionais (Euroclear, Swiss custodians, Singapore, Hong Kong) acessam o ETP sem necessidade de abrir contas adicionais; (ii) Transparência de NAV: NAV diário publicado via Bloomberg elimina a opacidade de fundos com reporting mensal; (iii) Sem lock-up: liquidez em D+5 sem restrições de carência — diferencial vs. hedge funds e fundos alternativos; (iv",vehicle_tax_governance,B10: The Most Important Thing | B13: The Only Game in Town | B08: Principles for Dealing with the Changing World Order,B14: The Art of War,"Howard Marks, em The Most Important Thing, reforça risco é mais que volatilidade; Mohamed El-Erian, em The Only Game in Town, reforça bancos centrais alteram preços de ativos; Ray Dalio, em Principles for Dealing with the Changing World Order, reforça ciclos de dívida e poder moldam retornos.",Não dar aconselhamento tributário/jurídico; indicar revisão por profissional qualificado conforme jurisdição.
JIM-LIT-0127,Harpian_150_Questionnaire.docx,127,127. Quais benefícios sucessórios ou fiscais podem existir sem dar tax advice?,"Sem constituir aconselhamento jurídico ou fiscal, é possível mencionar aspectos estruturais potencialmente relevantes que o investidor deve avaliar com seus assessores especializados: (i) Diferimento de tributação: em muitas jurisdições, instrumentos internacionais como ETPs são tributados apenas no momento do resgate, não em cada rebalanceamento interno — potencial vantagem vs. fundos domésticos com tributação periódica. (ii) Segregação patrimonial: a estrutura SPV/custódia internacional pode t",vehicle_tax_governance,B10: The Most Important Thing | B13: The Only Game in Town | B08: Principles for Dealing with the Changing World Order,B14: The Art of War,"Howard Marks, em The Most Important Thing, reforça risco é mais que volatilidade; Mohamed El-Erian, em The Only Game in Town, reforça bancos centrais alteram preços de ativos; Ray Dalio, em Principles for Dealing with the Changing World Order, reforça ciclos de dívida e poder moldam retornos.",Não dar aconselhamento tributário/jurídico; indicar revisão por profissional qualificado conforme jurisdição.
JIM-LIT-0128,Harpian_150_Questionnaire.docx,128,128. Quais disclaimers usar para temas fiscais?,"Disclaimers obrigatórios para temas fiscais: (i) 'Este documento não constitui aconselhamento fiscal ou jurídico. As informações aqui apresentadas têm caráter meramente informativo e educacional.'; (ii) 'A legislação tributária varia entre jurisdições e está sujeita a alterações. O tratamento fiscal de seu investimento depende de sua residência fiscal, situação individual e das leis aplicáveis em sua jurisdição.'; (iii) 'Recomendamos que você consulte um assessor fiscal qualificado e licenciado ",vehicle_tax_governance,B10: The Most Important Thing | B13: The Only Game in Town | B08: Principles for Dealing with the Changing World Order,B14: The Art of War | B04: Thinking in Bets,"Howard Marks, em The Most Important Thing, reforça risco é mais que volatilidade; Mohamed El-Erian, em The Only Game in Town, reforça bancos centrais alteram preços de ativos; Ray Dalio, em Principles for Dealing with the Changing World Order, reforça ciclos de dívida e poder moldam retornos.",Não dar aconselhamento tributário/jurídico; indicar revisão por profissional qualificado conforme jurisdição.
JIM-LIT-0129,Harpian_150_Questionnaire.docx,129,129. Como explicar abertura de conta?,"O processo de abertura de conta para acesso ao ETP Harpian ocorre em duas etapas: (i) Conta de custódia internacional: o investidor deve ter ou abrir uma conta em uma instituição custodiante com acesso ao Euroclear (ex.: banco private internacional, corretora com custódia global). Essa conta permite receber, custodiar e negociar o ETP por seu ISIN. (ii) Processo de onboarding com Harpian: o investidor preenche documentação de KYC/AML e suitability; assina o subscription agreement; confirma statu",vehicle_tax_governance,B10: The Most Important Thing | B13: The Only Game in Town | B08: Principles for Dealing with the Changing World Order,B14: The Art of War,"Howard Marks, em The Most Important Thing, reforça risco é mais que volatilidade; Mohamed El-Erian, em The Only Game in Town, reforça bancos centrais alteram preços de ativos; Ray Dalio, em Principles for Dealing with the Changing World Order, reforça ciclos de dívida e poder moldam retornos.",Não dar aconselhamento tributário/jurídico; indicar revisão por profissional qualificado conforme jurisdição.
JIM-LIT-0130,Harpian_150_Questionnaire.docx,130,130. Como explicar KYC/AML?,"KYC (Know Your Customer — Conheça Seu Cliente) e AML (Anti-Money Laundering — Prevenção à Lavagem de Dinheiro) são obrigações regulatórias globais que exigem que instituições financeiras identifiquem e verifiquem a identidade de seus clientes e monitorem transações para detectar atividades suspeitas. Para o onboarding Harpian: (i) KYC inclui: documento de identidade com foto (passaporte), comprovante de residência atualizado, declaração de renda/patrimônio, informações sobre origem dos recursos,",risk_number_suitability,B10: The Most Important Thing | B04: Thinking in Bets | B07: The Misbehavior of Markets,B11: Antifragile,"Howard Marks, em The Most Important Thing, reforça risco é mais que volatilidade; Annie Duke, em Thinking in Bets, reforça boa decisão pode ter mau resultado; Benoit Mandelbrot, em The Misbehavior of Markets, reforça retornos têm caudas gordas.",Não tratar Risk Number como recomendação; é linguagem de alinhamento de risco e deve exigir revisão humana/suitability.
JIM-LIT-0131,Harpian_150_Questionnaire.docx,131,131. Como explicar documentação necessária?,"A documentação típica exigida para onboarding inclui: Para pessoas físicas: (i) Passaporte ou documento de identidade válido com foto; (ii) Comprovante de residência recente (até 3 meses); (iii) Declaração de patrimônio e renda (wealth statement); (iv) Declaração de origem dos recursos; (v) Formulário W-8BEN (para não-US persons — certifica status fiscal perante o IRS americano); (vi) Questionário de suitability e risk profiling. Para entidades (Family Office, empresa, trust): (i) Documentos con",risk_number_suitability,B10: The Most Important Thing | B04: Thinking in Bets | B07: The Misbehavior of Markets,B11: Antifragile,"Howard Marks, em The Most Important Thing, reforça risco é mais que volatilidade; Annie Duke, em Thinking in Bets, reforça boa decisão pode ter mau resultado; Benoit Mandelbrot, em The Misbehavior of Markets, reforça retornos têm caudas gordas.",Não tratar Risk Number como recomendação; é linguagem de alinhamento de risco e deve exigir revisão humana/suitability.
JIM-LIT-0132,Harpian_150_Questionnaire.docx,132,132. Como explicar suitability?,"Suitability (adequação) é o processo regulatório de verificar que um produto ou estratégia de investimento é apropriado para um cliente específico, considerando o conjunto de sua situação financeira. No contexto Harpian, o processo de suitability avalia: (i) Objetivos de investimento: crescimento, preservação de capital, renda, horizonte temporal; (ii) Situação financeira: patrimônio total, renda, obrigações, liquidez necessária; (iii) Experiência e conhecimento de investimentos: histórico com p",risk_number_suitability,B10: The Most Important Thing | B04: Thinking in Bets | B07: The Misbehavior of Markets,B11: Antifragile,"Howard Marks, em The Most Important Thing, reforça risco é mais que volatilidade; Annie Duke, em Thinking in Bets, reforça boa decisão pode ter mau resultado; Benoit Mandelbrot, em The Misbehavior of Markets, reforça retornos têm caudas gordas.",Não tratar Risk Number como recomendação; é linguagem de alinhamento de risco e deve exigir revisão humana/suitability.
JIM-LIT-0133,Harpian_150_Questionnaire.docx,133,133. Como explicar perfil de investidor?,"O perfil de investidor é a caracterização completa de um investidor para fins de alocação e gestão de portfólio. Inclui dimensões complementares: (i) Perfil de risco: tolerância e capacidade de risco, Risk Number — o quanto de volatilidade e perda o investidor pode e quer suportar; (ii) Objetivos: crescimento de capital, preservação multigeracional, geração de renda, proteção inflacionária; (iii) Horizonte temporal: prazo até necessidade dos recursos (3, 5, 10, 20+ anos); (iv) Liquidez: necessid",risk_number_suitability,B10: The Most Important Thing | B04: Thinking in Bets | B07: The Misbehavior of Markets,B11: Antifragile | B05: The Mathematical Theory of Communication,"Howard Marks, em The Most Important Thing, reforça risco é mais que volatilidade; Annie Duke, em Thinking in Bets, reforça boa decisão pode ter mau resultado; Benoit Mandelbrot, em The Misbehavior of Markets, reforça retornos têm caudas gordas.",Não tratar Risk Number como recomendação; é linguagem de alinhamento de risco e deve exigir revisão humana/suitability.
JIM-LIT-0134,Harpian_150_Questionnaire.docx,134,134. Como explicar mandato do Family Office?,"O mandato do Family Office é o documento formal que define os objetivos, restrições, parâmetros de risco e governança dos investimentos da família. É o equivalente de uma Política de Investimentos (IPS — Investment Policy Statement) para um Family Office. Elementos típicos de um mandato: (i) Objetivos de retorno: ex.: 'preservar poder de compra acima da inflação + 5% a.a.'; (ii) Constraints de risco: volatilidade máxima, max drawdown tolerado, limites de concentração por ativo/setor/gestor; (iii",performance_backtest_metrics,B06: Advances in Financial Machine Learning | B07: The Misbehavior of Markets | B10: The Most Important Thing,B11: Antifragile | B13: The Only Game in Town,"Marcos López de Prado, em Advances in Financial Machine Learning, reforça backtests sofrem risco de overfitting; Benoit Mandelbrot, em The Misbehavior of Markets, reforça retornos têm caudas gordas; Howard Marks, em The Most Important Thing, reforça risco é mais que volatilidade.","Sempre acrescentar: performance passada/backtest não garante resultado futuro; considerar custos, slippage, liquidez, impostos, overfitting e suitability."
JIM-LIT-0135,Harpian_150_Questionnaire.docx,135,135. Como explicar aceite de desalinhamento?,"O aceite de desalinhamento é um documento formal pelo qual o investidor declara ter sido informado de que o produto ou estratégia recomendado não se alinha perfeitamente com seu perfil de risco avaliado, e que decide prosseguir com o investimento assumindo conscientemente a discrepância. No contexto regulatório brasileiro (CVM Resolução 30/2021), é obrigatório para produtos fora do perfil do investidor. O documento deve conter: (i) Identificação clara do desalinhamento: ex., 'Seu perfil indica R",risk_number_suitability,B10: The Most Important Thing | B04: Thinking in Bets | B07: The Misbehavior of Markets,B11: Antifragile | B05: The Mathematical Theory of Communication,"Howard Marks, em The Most Important Thing, reforça risco é mais que volatilidade; Annie Duke, em Thinking in Bets, reforça boa decisão pode ter mau resultado; Benoit Mandelbrot, em The Misbehavior of Markets, reforça retornos têm caudas gordas.",Não tratar Risk Number como recomendação; é linguagem de alinhamento de risco e deve exigir revisão humana/suitability.
JIM-LIT-0136,Harpian_150_Questionnaire.docx,136,136. O que é DIME?,"DIME (Digital Investment Model Engine) é o motor de execução de modelos quantitativos do ecossistema Harpian, responsável pela implementação em tempo real dos algoritmos da Teoria do Portfólio Temporal. Suas funções primárias incluem: (i) Execução do Algoritmo Polimórfico de Momentum (APM) sobre o universo de ativos monitorados; (ii) Cálculo dos indicadores do StormGuard-Armor em tempo real; (iii) Determinação das posições de portfólio para o próximo ciclo de rebalanceamento mensal; (iv) Geração",momentum_regime_stormguard,B01: Quantitative Momentum | B02: Chaos and Order in the Capital Markets | B06: Advances in Financial Machine Learning,B07: The Misbehavior of Markets | B03: The Man Who Solved the Market,"Wesley Gray & Jack Vogel, em Quantitative Momentum, reforça momentum como prêmio persistente porém cíclico; Edgar Peters, em Chaos and Order in the Capital Markets, reforça mercados alternam ordem e caos; Marcos López de Prado, em Advances in Financial Machine Learning, reforça backtests sofrem risco de overfitting.",Não prometer proteção ou captura de tendências; explicar sinais como leitura probabilística de regime sujeita a falso positivo/falso negativo.
JIM-LIT-0137,Harpian_150_Questionnaire.docx,137,137. O que é Social Media Intelligence?,"O módulo de Social Media Intelligence é uma ferramenta de análise de sentimento que monitora fluxos de dados de redes sociais, fóruns financeiros, publicações institucionais e outras fontes de conteúdo não estruturado para extrair sinais de sentimento e narrativa que possam antecipar ou confirmar movimentos de mercado. Em contexto financeiro institucional, esse módulo processa dados de plataformas como X/Twitter, Reddit, Bloomberg News e publicações de gestores de referência para: (i) identifica",performance_backtest_metrics,B06: Advances in Financial Machine Learning | B07: The Misbehavior of Markets | B10: The Most Important Thing,B11: Antifragile,"Marcos López de Prado, em Advances in Financial Machine Learning, reforça backtests sofrem risco de overfitting; Benoit Mandelbrot, em The Misbehavior of Markets, reforça retornos têm caudas gordas; Howard Marks, em The Most Important Thing, reforça risco é mais que volatilidade.","Sempre acrescentar: performance passada/backtest não garante resultado futuro; considerar custos, slippage, liquidez, impostos, overfitting e suitability."
JIM-LIT-0138,Harpian_150_Questionnaire.docx,138,138. O que é Market Trend?,"O módulo Market Trend é a ferramenta de visualização e análise de tendências de mercado dentro do terminal DIMA. Apresenta o estado atual dos filtros de tendência aplicados ao mercado geral e aos setores do universo de investimento, incluindo: (i) Direção e intensidade das tendências filtradas para os principais índices (S&P 500, Nasdaq, setores SPDRs); (ii) Posição relativa dos filtros casados (EMA, DEMA) vs. preços atuais; (iii) Estado atual do StormGuard-Armor (positivo/negativo/limiar); (iv)",momentum_regime_stormguard,B01: Quantitative Momentum | B02: Chaos and Order in the Capital Markets | B06: Advances in Financial Machine Learning,B07: The Misbehavior of Markets | B03: The Man Who Solved the Market,"Wesley Gray & Jack Vogel, em Quantitative Momentum, reforça momentum como prêmio persistente porém cíclico; Edgar Peters, em Chaos and Order in the Capital Markets, reforça mercados alternam ordem e caos; Marcos López de Prado, em Advances in Financial Machine Learning, reforça backtests sofrem risco de overfitting.",Não prometer proteção ou captura de tendências; explicar sinais como leitura probabilística de regime sujeita a falso positivo/falso negativo.
JIM-LIT-0139,Harpian_150_Questionnaire.docx,139,139. O que é Momentum (módulo)?,"O módulo Momentum é a ferramenta de análise quantitativa do sinal de momentum individual de cada ativo no universo monitorado. Para cada ativo, apresenta: (i) Ranking de momentum relativo (cross-sectional): posição do ativo vs. todos os outros no universo pela métrica de momentum filtrado; (ii) Momentum de séries temporais: tendência do próprio ativo em relação ao seu histórico; (iii) SNR atual: qualidade do sinal de momentum (elevada vs. baixa); (iv) Posição relativa ao filtro casado: o ativo e",momentum_regime_stormguard,B01: Quantitative Momentum | B02: Chaos and Order in the Capital Markets | B06: Advances in Financial Machine Learning,B07: The Misbehavior of Markets | B03: The Man Who Solved the Market,"Wesley Gray & Jack Vogel, em Quantitative Momentum, reforça momentum como prêmio persistente porém cíclico; Edgar Peters, em Chaos and Order in the Capital Markets, reforça mercados alternam ordem e caos; Marcos López de Prado, em Advances in Financial Machine Learning, reforça backtests sofrem risco de overfitting.",Não prometer proteção ou captura de tendências; explicar sinais como leitura probabilística de regime sujeita a falso positivo/falso negativo.
JIM-LIT-0140,Harpian_150_Questionnaire.docx,140,140. O que é Sector Momentum?,"O módulo Sector Momentum é a visualização especializada do ranking de momentum por setor de mercado, construída sobre os dados do módulo Momentum mas agregada por setor (ETFs setoriais SPDR: XLK, XLY, XLF, XLE, XLV, XLI, XLB, XLP, XLU, XLRE + setores internacionais). Apresenta: (i) Ranking de momentum setorial atual filtrado (DEMA); (ii) Evolução histórica do ranking por setor; (iii) Identificação do setor líder atual; (iv) Setores em fase de aceleração vs. desaceleração de momentum; (v) Sobrepo",momentum_regime_stormguard,B01: Quantitative Momentum | B02: Chaos and Order in the Capital Markets | B06: Advances in Financial Machine Learning,B07: The Misbehavior of Markets | B03: The Man Who Solved the Market,"Wesley Gray & Jack Vogel, em Quantitative Momentum, reforça momentum como prêmio persistente porém cíclico; Edgar Peters, em Chaos and Order in the Capital Markets, reforça mercados alternam ordem e caos; Marcos López de Prado, em Advances in Financial Machine Learning, reforça backtests sofrem risco de overfitting.",Não prometer proteção ou captura de tendências; explicar sinais como leitura probabilística de regime sujeita a falso positivo/falso negativo.
JIM-LIT-0141,Harpian_150_Questionnaire.docx,141,141. O que é Not Touch List?,"A Not Touch List (NTL) é o registro de ativos que são explicitamente excluídos do universo de investimento do ecossistema Harpian, independentemente de qualquer sinal de momentum. A exclusão ocorre por critérios objetivos que incluem: (i) Risco idiossincrático excessivo: small caps, micro caps e IPOs recentes com histórico de preço insuficiente para análise confiável de SNR; (ii) Liquidez insuficiente: ativos com volume de negociação diário que impossibilita execução institucional sem impacto de",performance_backtest_metrics,B06: Advances in Financial Machine Learning | B07: The Misbehavior of Markets | B10: The Most Important Thing,B11: Antifragile | B04: Thinking in Bets,"Marcos López de Prado, em Advances in Financial Machine Learning, reforça backtests sofrem risco de overfitting; Benoit Mandelbrot, em The Misbehavior of Markets, reforça retornos têm caudas gordas; Howard Marks, em The Most Important Thing, reforça risco é mais que volatilidade.","Sempre acrescentar: performance passada/backtest não garante resultado futuro; considerar custos, slippage, liquidez, impostos, overfitting e suitability."
JIM-LIT-0142,Harpian_150_Questionnaire.docx,142,142. O que é Planning Intelligence?,"O módulo Planning Intelligence é a ferramenta de planejamento financeiro integrada ao terminal DIMA, que conecta a performance da estratégia de investimento com os objetivos financeiros de longo prazo do cliente. Suas funcionalidades incluem: (i) Mapeamento de metas financeiras: aposentadoria, legado, educação, liquidez de curto prazo; (ii) Cálculo de safe withdrawal rate: taxa máxima de retirada sustentável dado o patrimônio, horizonte e estratégia de investimento; (iii) Projeção de portfólio: ",performance_backtest_metrics,B06: Advances in Financial Machine Learning | B07: The Misbehavior of Markets | B10: The Most Important Thing,B11: Antifragile | B04: Thinking in Bets,"Marcos López de Prado, em Advances in Financial Machine Learning, reforça backtests sofrem risco de overfitting; Benoit Mandelbrot, em The Misbehavior of Markets, reforça retornos têm caudas gordas; Howard Marks, em The Most Important Thing, reforça risco é mais que volatilidade.","Sempre acrescentar: performance passada/backtest não garante resultado futuro; considerar custos, slippage, liquidez, impostos, overfitting e suitability."
JIM-LIT-0143,Harpian_150_Questionnaire.docx,143,143. O que é Client Dashboard?,"O Client Dashboard é o painel de visualização personalizada do portfólio para o investidor final. Projetado para clareza e acessibilidade sem sacrificar rigor informacional, apresenta: (i) Valor atual da carteira e variação diária/mensal/anual; (ii) Risk Number atual do portfólio vs. Risk Number target do investidor; (iii) Performance acumulada vs. benchmark de referência; (iv) Composição atual do portfólio (alocação por ativo e classe); (v) Estado atual do StormGuard-Armor (regime de mercado at",performance_backtest_metrics,B06: Advances in Financial Machine Learning | B07: The Misbehavior of Markets | B10: The Most Important Thing,B11: Antifragile,"Marcos López de Prado, em Advances in Financial Machine Learning, reforça backtests sofrem risco de overfitting; Benoit Mandelbrot, em The Misbehavior of Markets, reforça retornos têm caudas gordas; Howard Marks, em The Most Important Thing, reforça risco é mais que volatilidade.","Sempre acrescentar: performance passada/backtest não garante resultado futuro; considerar custos, slippage, liquidez, impostos, overfitting e suitability."
JIM-LIT-0144,Harpian_150_Questionnaire.docx,144,144. O que é Portfolio Analysis?,"O módulo Portfolio Analysis é a ferramenta de diagnóstico quantitativo de portfólio existente do cliente, com capacidade de: (i) Analisar qualquer portfólio inserido (por ticker e peso) e calcular seu Risk Number; (ii) Decompor o risco por ativo e classe de ativo (risk contribution analysis); (iii) Calcular e visualizar métricas: volatilidade anualizada, max drawdown histórico, CAGR, Sharpe e Sortino; (iv) Analisar correlações entre componentes e vs. mercado (beta, correlação com S&P 500); (v) S",performance_backtest_metrics,B06: Advances in Financial Machine Learning | B07: The Misbehavior of Markets | B10: The Most Important Thing,B11: Antifragile | B04: Thinking in Bets,"Marcos López de Prado, em Advances in Financial Machine Learning, reforça backtests sofrem risco de overfitting; Benoit Mandelbrot, em The Misbehavior of Markets, reforça retornos têm caudas gordas; Howard Marks, em The Most Important Thing, reforça risco é mais que volatilidade.","Sempre acrescentar: performance passada/backtest não garante resultado futuro; considerar custos, slippage, liquidez, impostos, overfitting e suitability."
JIM-LIT-0145,Harpian_150_Questionnaire.docx,145,145. O que é Alignment Simulator?,"O Alignment Simulator é a ferramenta de modelagem de alocação que permite testar e visualizar combinações de estratégias (HPC11, HPC22, portfólio existente, caixa) para encontrar o mix que melhor se alinha ao Risk Number target e objetivos do investidor. Funcionalidades: (i) Simulação de alocação variável: o advisor desloca sliders de alocação entre componentes e visualiza em tempo real o Risk Number resultante, drawdown esperado e CAGR histórico; (ii) Comparação de cenários: múltiplos cenários ",performance_backtest_metrics,B06: Advances in Financial Machine Learning | B07: The Misbehavior of Markets | B10: The Most Important Thing,B11: Antifragile,"Marcos López de Prado, em Advances in Financial Machine Learning, reforça backtests sofrem risco de overfitting; Benoit Mandelbrot, em The Misbehavior of Markets, reforça retornos têm caudas gordas; Howard Marks, em The Most Important Thing, reforça risco é mais que volatilidade.","Sempre acrescentar: performance passada/backtest não garante resultado futuro; considerar custos, slippage, liquidez, impostos, overfitting e suitability."
JIM-LIT-0146,Harpian_150_Questionnaire.docx,146,146. O que é Risk Gap?,Risk Gap é a métrica que quantifica a divergência entre o Risk Number do portfólio atual do cliente e seu Risk Number target (tolerância real do investidor). Formalmente: Risk Gap = Risk Number do portfólio − Risk Number target do investidor. Um Risk Gap positivo indica que o portfólio está mais arriscado do que o perfil do investidor suporta — risco de panic selling em momentos de stress. Um Risk Gap negativo indica portfólio excessivamente conservador para o objetivo de retorno do cliente — ri,risk_number_suitability,B10: The Most Important Thing | B04: Thinking in Bets | B07: The Misbehavior of Markets,B11: Antifragile,"Howard Marks, em The Most Important Thing, reforça risco é mais que volatilidade; Annie Duke, em Thinking in Bets, reforça boa decisão pode ter mau resultado; Benoit Mandelbrot, em The Misbehavior of Markets, reforça retornos têm caudas gordas.",Não tratar Risk Number como recomendação; é linguagem de alinhamento de risco e deve exigir revisão humana/suitability.
JIM-LIT-0147,Harpian_150_Questionnaire.docx,147,147. O que é Confidence Level?,O módulo Confidence Level quantifica a convicção do sistema no sinal de momentum atual antes de executar uma decisão de alocação. É uma meta-métrica que avalia a qualidade do sinal: (i) SNR atual vs. SNR histórico médio para aquele ativo: sinal acima da média histórica indica alta confiança; (ii) Consistência do sinal across múltiplos timeframes: sinal confirmado em diferentes janelas temporais aumenta a confiança; (iii) Proximidade ao threshold de regime: sinais no meio do range (longe dos thre,behavioral_decision,B04: Thinking in Bets | B10: The Most Important Thing | B11: Antifragile,B05: The Mathematical Theory of Communication | B01: Quantitative Momentum,"Annie Duke, em Thinking in Bets, reforça boa decisão pode ter mau resultado; Howard Marks, em The Most Important Thing, reforça risco é mais que volatilidade; Nassim Nicholas Taleb, em Antifragile, reforça sistemas frágeis quebram sob stress.","Evitar aconselhamento pessoal; reforçar processo decisório, probabilidades e adequação ao perfil."
JIM-LIT-0148,Harpian_150_Questionnaire.docx,148,148. O que é Admin Terminal?,"O Admin Terminal é o painel de gerenciamento backoffice do ecossistema Harpian, destinado à equipe interna e advisors parceiros (não ao investidor final). Funcionalidades: (i) Gestão de clientes: cadastro, documentação KYC/AML, status de onboarding, suitability assessment; (ii) Visão consolidada de carteiras: todos os portfólios gerenciados em uma interface centralizada; (iii) Gestão de riscos: monitoramento de Risk Gaps, alertas de desalinhamento, revisão periódica de perfis; (iv) Reporting: ge",risk_number_suitability,B10: The Most Important Thing | B04: Thinking in Bets | B07: The Misbehavior of Markets,B11: Antifragile | B05: The Mathematical Theory of Communication,"Howard Marks, em The Most Important Thing, reforça risco é mais que volatilidade; Annie Duke, em Thinking in Bets, reforça boa decisão pode ter mau resultado; Benoit Mandelbrot, em The Misbehavior of Markets, reforça retornos têm caudas gordas.",Não tratar Risk Number como recomendação; é linguagem de alinhamento de risco e deve exigir revisão humana/suitability.
JIM-LIT-0149,Harpian_150_Questionnaire.docx,149,149. Como o DIMA deve responder quando não souber?,"Protocolo recomendado para o DIMA quando não tiver informação suficiente para responder: (i) Reconhecer a limitação de forma direta e honesta: 'Não tenho informação suficiente para responder a essa pergunta com a precisão necessária.'; (ii) Especificar o que está faltando: 'Para responder adequadamente, precisaria de [informação específica].'; (iii) Oferecer alternativa construtiva: 'Posso oferecer informação relacionada sobre [tema próximo], ou posso encaminhar sua pergunta para [recurso especí",jim_architecture_communication,B05: The Mathematical Theory of Communication | B14: The Art of War | B04: Thinking in Bets,B06: Advances in Financial Machine Learning,"Claude Shannon & Warren Weaver, em The Mathematical Theory of Communication, reforça separar sinal de ruído; Sun Tzu, em The Art of War, reforça conhecer terreno e adversário; Annie Duke, em Thinking in Bets, reforça boa decisão pode ter mau resultado.",JIM é assistente analítico/educacional; não é advisor autônomo nem substitui aprovação humana.
JIM-LIT-0150,Harpian_150_Questionnaire.docx,150,150. Como o DIMA deve encaminhar para advisor quando o usuário entra em loop?,"Quando um usuário entra em loop — fazendo a mesma pergunta de formas diferentes sem obter satisfação, ou quando a conversa indica necessidade de orientação personalizada além da capacidade do sistema — o DIMA deve: (i) Reconhecer o loop: 'Percebo que minha resposta sobre [tema] não está atendendo completamente sua necessidade.'; (ii) Diagnosticar a necessidade real: distinguir se é falta de clareza na resposta (resolver), falta de informação do sistema (pesquisar), ou necessidade de análise pers",jim_architecture_communication,B05: The Mathematical Theory of Communication | B14: The Art of War | B04: Thinking in Bets,B06: Advances in Financial Machine Learning,"Claude Shannon & Warren Weaver, em The Mathematical Theory of Communication, reforça separar sinal de ruído; Sun Tzu, em The Art of War, reforça conhecer terreno e adversário; Annie Duke, em Thinking in Bets, reforça boa decisão pode ter mau resultado.",JIM é assistente analítico/educacional; não é advisor autônomo nem substitui aprovação humana.
JIM-LIT-0151,Harpian_JIM_GM.docx,G1,G1. Qual a vantagem tributária de investir via ETP offshore?,"A vantagem tributária central de um ETP offshore estruturado como veículo de propósito específico (SPV irlandesa) reside no diferimento fiscal: os rebalanceamentos internos do portfólio — que ocorrem mensalmente no AlphaDroid — não geram evento tributário para o investidor. Cada rotação de ativo dentro do ETP (venda de ETF A, compra de ETF B) é uma transação interna do veículo, não um evento de ganho de capital do cotista. O investidor só é tributado no momento do resgate efetivo de suas unidade",vehicle_tax_governance,B10: The Most Important Thing | B13: The Only Game in Town | B08: Principles for Dealing with the Changing World Order,B14: The Art of War,"Howard Marks, em The Most Important Thing, reforça risco é mais que volatilidade; Mohamed El-Erian, em The Only Game in Town, reforça bancos centrais alteram preços de ativos; Ray Dalio, em Principles for Dealing with the Changing World Order, reforça ciclos de dívida e poder moldam retornos.",Não dar aconselhamento tributário/jurídico; indicar revisão por profissional qualificado conforme jurisdição.
JIM-LIT-0152,Harpian_JIM_GM.docx,G2,G2. Qual a diferença entre investir direto vs via veículo?,"A distinção entre investimento direto (managed account) e via veículo (ETP) impacta tributação, segregação de risco, acesso e governança: (i) Tributação: no investimento direto, cada operação de venda é evento tributável; no ETP, apenas o resgate final gera tributação para o cotista — diferimento integral; (ii) Segregação de risco: no investimento direto, o risco de contraparte do broker existe; no ETP via SPV com custódia independente (BoNY Mellon), os ativos estão segregados com bankruptcy rem",vehicle_tax_governance,B10: The Most Important Thing | B13: The Only Game in Town | B08: Principles for Dealing with the Changing World Order,B14: The Art of War,"Howard Marks, em The Most Important Thing, reforça risco é mais que volatilidade; Mohamed El-Erian, em The Only Game in Town, reforça bancos centrais alteram preços de ativos; Ray Dalio, em Principles for Dealing with the Changing World Order, reforça ciclos de dívida e poder moldam retornos.",Não dar aconselhamento tributário/jurídico; indicar revisão por profissional qualificado conforme jurisdição.
JIM-LIT-0153,Harpian_JIM_GM.docx,G3,G3. Como funciona a tributação de ganho de capital em ETP?,"Para investidores brasileiros (residentes fiscais no Brasil), a tributação de ganho de capital em ETP estrangeiro funciona da seguinte forma — sem constituir aconselhamento fiscal, e sujeito a alterações legislativas: (i) Evento tributável: o ganho de capital ocorre no momento do resgate (venda) das unidades do ETP. Não há tributação sobre os rebalanceamentos internos do veículo; (ii) Base de cálculo: ganho = valor de resgate − custo de aquisição das unidades, em moeda estrangeira, convertido pa",vehicle_tax_governance,B10: The Most Important Thing | B13: The Only Game in Town | B08: Principles for Dealing with the Changing World Order,B14: The Art of War,"Howard Marks, em The Most Important Thing, reforça risco é mais que volatilidade; Mohamed El-Erian, em The Only Game in Town, reforça bancos centrais alteram preços de ativos; Ray Dalio, em Principles for Dealing with the Changing World Order, reforça ciclos de dívida e poder moldam retornos.",Não dar aconselhamento tributário/jurídico; indicar revisão por profissional qualificado conforme jurisdição.
JIM-LIT-0154,Harpian_JIM_GM.docx,G4,G4. Existe diferimento fiscal?,"Sim — o diferimento fiscal é um dos pilares da vantagem estrutural do ETP sobre gestão direta, e opera em dois níveis: (i) Diferimento de rebalanceamento: como detalhado em G1, cada rotação mensal do AlphaDroid dentro do ETP não gera evento tributário — o imposto que seria pago a cada rotação permanece investido, compondo juros. Para 12 rotações anuais com ganho médio de 5% por rotação e alíquota de 20%, o diferimento anual equivale a ~1% a.a. de capital extra composto; (ii) Diferimento de recon",momentum_regime_stormguard,B01: Quantitative Momentum | B02: Chaos and Order in the Capital Markets | B06: Advances in Financial Machine Learning,B07: The Misbehavior of Markets | B03: The Man Who Solved the Market,"Wesley Gray & Jack Vogel, em Quantitative Momentum, reforça momentum como prêmio persistente porém cíclico; Edgar Peters, em Chaos and Order in the Capital Markets, reforça mercados alternam ordem e caos; Marcos López de Prado, em Advances in Financial Machine Learning, reforça backtests sofrem risco de overfitting.",Não prometer proteção ou captura de tendências; explicar sinais como leitura probabilística de regime sujeita a falso positivo/falso negativo.
JIM-LIT-0155,Harpian_JIM_GM.docx,G5,G5. Como funciona o efeito de juros compostos sem tributação intermediária?,"O efeito matemático do diferimento fiscal sobre juros compostos é demonstrado pelo princípio do 'compound interest on deferred tax'. A equação comparativa: Sem diferimento: Capital_Final = Capital_Inicial × [(1 + r × (1 − t))^n], onde r é o retorno bruto e t é a alíquota anual sobre os ganhos. Com diferimento total: Capital_Final = Capital_Inicial × [(1 + r)^n × (1 − t) + t], onde a tributação ocorre apenas ao final sobre o ganho líquido acumulado. Exemplo numérico: $1M, CAGR bruto 20%, alíquota",performance_backtest_metrics,B06: Advances in Financial Machine Learning | B07: The Misbehavior of Markets | B10: The Most Important Thing,B11: Antifragile | B08: Principles for Dealing with the Changing World Order,"Marcos López de Prado, em Advances in Financial Machine Learning, reforça backtests sofrem risco de overfitting; Benoit Mandelbrot, em The Misbehavior of Markets, reforça retornos têm caudas gordas; Howard Marks, em The Most Important Thing, reforça risco é mais que volatilidade.","Sempre acrescentar: performance passada/backtest não garante resultado futuro; considerar custos, slippage, liquidez, impostos, overfitting e suitability."
JIM-LIT-0156,Harpian_JIM_GM.docx,G6,G6. Qual impacto de imposto no longo prazo?,"O impacto cumulativo da tributação sobre retornos de longo prazo é um dos fatores mais subestimados em planejamento de portfólio. As vias de impacto incluem: (i) Tax drag de rebalanceamento: em estratégias de alta rotatividade como AlphaDroid (12 rotações/ano), o imposto sobre cada ganho realizado reduz o capital base para o próximo ciclo de composição; (ii) Drag inflacionário: em países com alta inflação (como o Brasil), parte substancial do ganho nominal tributado é ilusória — é apenas preserv",vehicle_tax_governance,B10: The Most Important Thing | B13: The Only Game in Town | B08: Principles for Dealing with the Changing World Order,B14: The Art of War,"Howard Marks, em The Most Important Thing, reforça risco é mais que volatilidade; Mohamed El-Erian, em The Only Game in Town, reforça bancos centrais alteram preços de ativos; Ray Dalio, em Principles for Dealing with the Changing World Order, reforça ciclos de dívida e poder moldam retornos.",Não dar aconselhamento tributário/jurídico; indicar revisão por profissional qualificado conforme jurisdição.
JIM-LIT-0157,Harpian_JIM_GM.docx,G7,G7. Como funciona sucessão patrimonial (herança)?,"Sem constituir aconselhamento jurídico ou de planejamento sucessório, e sujeito às leis específicas de cada jurisdição: (i) ETPs como instrumentos de herança: unidades de ETP listado são ativos financeiros com título definido que podem integrar inventário. A transferência por herança ocorre conforme as leis de sucessão da jurisdição do investidor (para brasileiros: legislação civil brasileira); (ii) Vantagem de estrutura offshore: ativos em veículos internacionais podem, dependendo da estrutura ",vehicle_tax_governance,B10: The Most Important Thing | B13: The Only Game in Town | B08: Principles for Dealing with the Changing World Order,B14: The Art of War,"Howard Marks, em The Most Important Thing, reforça risco é mais que volatilidade; Mohamed El-Erian, em The Only Game in Town, reforça bancos centrais alteram preços de ativos; Ray Dalio, em Principles for Dealing with the Changing World Order, reforça ciclos de dívida e poder moldam retornos.",Não dar aconselhamento tributário/jurídico; indicar revisão por profissional qualificado conforme jurisdição.
JIM-LIT-0158,Harpian_JIM_GM.docx,G8,G8. ETP pode ser comparado a eurobond?,A comparação entre ETP e eurobond (nota de dívida emitida em mercado internacional) tem elementos de similaridade e diferenças estruturais fundamentais: Similaridades: (i) Ambos são emitidos no mercado internacional (fora da jurisdição doméstica do investidor); (ii) Ambos são liquidáveis via Euroclear; (iii) Ambos possuem ISIN e são negociáveis em mercado secundário; (iv) Ambos têm emissão primária via SPV ou banco emissor. Diferenças fundamentais: (i) Natureza do retorno: eurobond tem retorno f,vehicle_tax_governance,B10: The Most Important Thing | B13: The Only Game in Town | B08: Principles for Dealing with the Changing World Order,B14: The Art of War,"Howard Marks, em The Most Important Thing, reforça risco é mais que volatilidade; Mohamed El-Erian, em The Only Game in Town, reforça bancos centrais alteram preços de ativos; Ray Dalio, em Principles for Dealing with the Changing World Order, reforça ciclos de dívida e poder moldam retornos.",Não dar aconselhamento tributário/jurídico; indicar revisão por profissional qualificado conforme jurisdição.
JIM-LIT-0159,Harpian_JIM_GM.docx,G9,G9. Existe risco de bitributação?,"O risco de bitributação existe em estruturas internacionais e deve ser avaliado especificamente para cada combinação de jurisdições — novamente, sem constituir aconselhamento fiscal. Para investidores brasileiros em ETP irlandês: (i) Tratado BR-Irlanda: o Brasil não possui tratado de bitributação com a Irlanda (diferente de países como Portugal, Japão, EUA). Isso significa que eventual tributação na Irlanda sobre rendimentos do ETP pode não ser creditável contra o imposto brasileiro; (ii) Tribut",vehicle_tax_governance,B10: The Most Important Thing | B13: The Only Game in Town | B08: Principles for Dealing with the Changing World Order,B14: The Art of War,"Howard Marks, em The Most Important Thing, reforça risco é mais que volatilidade; Mohamed El-Erian, em The Only Game in Town, reforça bancos centrais alteram preços de ativos; Ray Dalio, em Principles for Dealing with the Changing World Order, reforça ciclos de dívida e poder moldam retornos.",Não dar aconselhamento tributário/jurídico; indicar revisão por profissional qualificado conforme jurisdição.
JIM-LIT-0160,Harpian_JIM_GM.docx,G10,G10. Como isso se encaixa para residente fiscal brasileiro?,"Para residente fiscal brasileiro, o investimento no ETP Harpian se encaixa no seguinte arcabouço regulatório e operacional: (i) CBE (Capitais Brasileiros no Exterior): o investimento deve ser declarado anualmente ao Banco Central via formulário CBE, independentemente do valor (obrigatório acima de USD 1 milhão; voluntário abaixo). A falta de declaração configura infração cambial; (ii) Declaração de IR: os ativos offshore devem ser declarados na ficha 'Bens e Direitos' do IRPF (código específico ",vehicle_tax_governance,B10: The Most Important Thing | B13: The Only Game in Town | B08: Principles for Dealing with the Changing World Order,B14: The Art of War,"Howard Marks, em The Most Important Thing, reforça risco é mais que volatilidade; Mohamed El-Erian, em The Only Game in Town, reforça bancos centrais alteram preços de ativos; Ray Dalio, em Principles for Dealing with the Changing World Order, reforça ciclos de dívida e poder moldam retornos.",Não dar aconselhamento tributário/jurídico; indicar revisão por profissional qualificado conforme jurisdição.
JIM-LIT-0161,Harpian_JIM_GM.docx,H1,H1. Quem pode investir em ETP?,"O ETP Harpian (estruturado sob Regulation S da SEC e lei irlandesa) é elegível para investidores não-americanos (non-US Persons) que satisfaçam critérios de qualificação que variam por jurisdição: (i) No Brasil: Investidor Qualificado (patrimônio financeiro superior a R$1 milhão, conforme CVM Resolução 30/2021) ou Investidor Profissional (patrimônio > R$10M ou certificações profissionais específicas); (ii) Na Europa (MiFID II): Professional Client ou Eligible Counterparty — instituições financei",behavioral_decision,B04: Thinking in Bets | B10: The Most Important Thing | B11: Antifragile,B05: The Mathematical Theory of Communication | B13: The Only Game in Town,"Annie Duke, em Thinking in Bets, reforça boa decisão pode ter mau resultado; Howard Marks, em The Most Important Thing, reforça risco é mais que volatilidade; Nassim Nicholas Taleb, em Antifragile, reforça sistemas frágeis quebram sob stress.","Evitar aconselhamento pessoal; reforçar processo decisório, probabilidades e adequação ao perfil."
JIM-LIT-0162,Harpian_JIM_GM.docx,H2,H2. Por que americanos não podem investir?,"Investidores americanos (US Persons) não podem investir no ETP Harpian porque o produto foi estruturado ao abrigo da Regulation S do Securities Act de 1933, que isenta o registro na SEC para ofertas realizadas fora dos Estados Unidos e exclusivamente a não-americanos. Oferecer ou vender o ETP a US Persons violaria o Securities Act e poderia invalidar a isenção de registro, expondo a Harpian e o emissor a responsabilidade civil e criminal. As razões estruturais: (i) Custo regulatório: registrar o",vehicle_tax_governance,B10: The Most Important Thing | B13: The Only Game in Town | B08: Principles for Dealing with the Changing World Order,B14: The Art of War,"Howard Marks, em The Most Important Thing, reforça risco é mais que volatilidade; Mohamed El-Erian, em The Only Game in Town, reforça bancos centrais alteram preços de ativos; Ray Dalio, em Principles for Dealing with the Changing World Order, reforça ciclos de dívida e poder moldam retornos.",Não dar aconselhamento tributário/jurídico; indicar revisão por profissional qualificado conforme jurisdição.
JIM-LIT-0163,Harpian_JIM_GM.docx,H3,H3. Qual a diferença entre US Person e non-US?,"A definição de US Person sob a Regulation S da SEC é ampla e vai além de cidadania: US Person inclui: (i) Cidadãos americanos (independentemente de onde residem); (ii) Residentes permanentes dos EUA (Green Card holders); (iii) Qualquer pessoa residente nos EUA; (iv) Sociedades, trusts ou outros veículos constituídos sob as leis americanas ou com endereço nos EUA; (v) Contas gerenciadas por US persons; (vi) Fundos de pensão de funcionários americanos; (vii) Agências ou filiais de entidades estran",vehicle_tax_governance,B10: The Most Important Thing | B13: The Only Game in Town | B08: Principles for Dealing with the Changing World Order,B14: The Art of War,"Howard Marks, em The Most Important Thing, reforça risco é mais que volatilidade; Mohamed El-Erian, em The Only Game in Town, reforça bancos centrais alteram preços de ativos; Ray Dalio, em Principles for Dealing with the Changing World Order, reforça ciclos de dívida e poder moldam retornos.",Não dar aconselhamento tributário/jurídico; indicar revisão por profissional qualificado conforme jurisdição.
JIM-LIT-0164,Harpian_JIM_GM.docx,H4,H4. Por que usamos conta administrada para americanos?,"A managed account (conta administrada) via Plurar/Interactive Brokers é a estrutura adequada para US Persons pelas seguintes razões: (i) Compatibilidade regulatória: a managed account opera sob o Investment Advisers Act de 1940 e as regras da FINRA — arcabouço regulatório americano completo, sem necessidade de isenção Regulation S; (ii) Transparência de custódia: o investidor americano mantém seus ativos custodiados diretamente em sua conta na Interactive Brokers — visibilidade total e familiar ",risk_number_suitability,B10: The Most Important Thing | B04: Thinking in Bets | B07: The Misbehavior of Markets,B11: Antifragile | B05: The Mathematical Theory of Communication,"Howard Marks, em The Most Important Thing, reforça risco é mais que volatilidade; Annie Duke, em Thinking in Bets, reforça boa decisão pode ter mau resultado; Benoit Mandelbrot, em The Misbehavior of Markets, reforça retornos têm caudas gordas.",Não tratar Risk Number como recomendação; é linguagem de alinhamento de risco e deve exigir revisão humana/suitability.
JIM-LIT-0165,Harpian_JIM_GM.docx,H5,H5. Qual o papel da RIA?,"RIA (Registered Investment Adviser) é uma entidade registrada junto à SEC (para AUM > $110M) ou reguladores estaduais, autorizada a fornecer aconselhamento de investimento e gerir recursos de forma discricionária em troca de remuneração. No contexto Harpian: (i) Plurar como RIA ou parceiro: Plurar atua como RIA (ou broker-dealer afiliado) que fornece a infraestrutura regulatória para gestão das managed accounts de clientes americanos; (ii) Harpian como sub-adviser: a Harpian LLC pode atuar como ",risk_number_suitability,B10: The Most Important Thing | B04: Thinking in Bets | B07: The Misbehavior of Markets,B11: Antifragile,"Howard Marks, em The Most Important Thing, reforça risco é mais que volatilidade; Annie Duke, em Thinking in Bets, reforça boa decisão pode ter mau resultado; Benoit Mandelbrot, em The Misbehavior of Markets, reforça retornos têm caudas gordas.",Não tratar Risk Number como recomendação; é linguagem de alinhamento de risco e deve exigir revisão humana/suitability.
JIM-LIT-0166,Harpian_JIM_GM.docx,H6,H6. Como funciona Reg BI nesse contexto?,"O Regulation Best Interest (Reg BI), implementado pela SEC em 2020, aplica-se a recomendações de broker-dealers (não de RIAs) a clientes de varejo americanos. No contexto Harpian/Plurar: (i) Aplicabilidade: se Plurar ou seu broker-dealer parceiro fizer 'recomendações' formais de investimento a clientes de varejo americanos, o Reg BI exige que a recomendação seja no 'melhor interesse' do cliente, com disclosure de conflitos de interesse e consideração de custos; (ii) Form CRS: broker-dealers e RI",risk_number_suitability,B10: The Most Important Thing | B04: Thinking in Bets | B07: The Misbehavior of Markets,B11: Antifragile | B14: The Art of War,"Howard Marks, em The Most Important Thing, reforça risco é mais que volatilidade; Annie Duke, em Thinking in Bets, reforça boa decisão pode ter mau resultado; Benoit Mandelbrot, em The Misbehavior of Markets, reforça retornos têm caudas gordas.",Não tratar Risk Number como recomendação; é linguagem de alinhamento de risco e deve exigir revisão humana/suitability.
JIM-LIT-0167,Harpian_JIM_GM.docx,H7,H7. Qual a diferença entre advisory vs execution?,"A distinção entre advisory e execution é fundamental para definir responsabilidades regulatórias e fiduciárias: Advisory (aconselhamento): envolve análise do perfil do cliente, recomendação de produtos específicos como adequados para aquele cliente, e acompanhamento contínuo. Cria obrigações fiduciárias (para RIAs) ou de suitability (para broker-dealers). Está sujeito a registro como advisor. É remunerado por taxa fixa, percentual de AUM ou taxa de performance. Execution-only: envolve apenas a e",jim_architecture_communication,B05: The Mathematical Theory of Communication | B14: The Art of War | B04: Thinking in Bets,B06: Advances in Financial Machine Learning | B10: The Most Important Thing,"Claude Shannon & Warren Weaver, em The Mathematical Theory of Communication, reforça separar sinal de ruído; Sun Tzu, em The Art of War, reforça conhecer terreno e adversário; Annie Duke, em Thinking in Bets, reforça boa decisão pode ter mau resultado.",JIM é assistente analítico/educacional; não é advisor autônomo nem substitui aprovação humana.
JIM-LIT-0168,Harpian_JIM_GM.docx,H8,H8. Como funciona suitability vs simulation?,"Suitability e simulation são etapas sequenciais e complementares, não substitutos: Suitability: é o processo regulatório formal que determina se um produto específico é adequado para um cliente específico. Requer: questionário formal de perfil de investidor, análise da situação financeira completa, documentação, assinatura e arquivo regulatório. É uma declaração de adequação — com responsabilidade legal do advisor. Simulation: é a ferramenta analítica que modela o comportamento esperado de uma c",risk_number_suitability,B10: The Most Important Thing | B04: Thinking in Bets | B07: The Misbehavior of Markets,B11: Antifragile,"Howard Marks, em The Most Important Thing, reforça risco é mais que volatilidade; Annie Duke, em Thinking in Bets, reforça boa decisão pode ter mau resultado; Benoit Mandelbrot, em The Misbehavior of Markets, reforça retornos têm caudas gordas.",Não tratar Risk Number como recomendação; é linguagem de alinhamento de risco e deve exigir revisão humana/suitability.
JIM-LIT-0169,Harpian_JIM_GM.docx,H9,H9. O JIM pode ser considerado advisor?,"O JIM (e o HRD Engine por extensão) não é um advisor — é uma ferramenta de diagnóstico e suporte à decisão. A distinção técnica é crítica: O JIM pode: apresentar diagnósticos quantitativos (Risk Number do portfólio, Alignment Score, Return Gap), executar simulações de cenários, gerar análises de risco comparativas, e formular perguntas que ajudem o advisor humano e o cliente a entender o portfólio. O JIM não pode: recomendar formalmente que o cliente adquira produto específico, declarar que um p",jim_architecture_communication,B05: The Mathematical Theory of Communication | B14: The Art of War | B04: Thinking in Bets,B06: Advances in Financial Machine Learning,"Claude Shannon & Warren Weaver, em The Mathematical Theory of Communication, reforça separar sinal de ruído; Sun Tzu, em The Art of War, reforça conhecer terreno e adversário; Annie Duke, em Thinking in Bets, reforça boa decisão pode ter mau resultado.",JIM é assistente analítico/educacional; não é advisor autônomo nem substitui aprovação humana.
JIM-LIT-0170,Harpian_JIM_GM.docx,H10,H10. Qual limite legal da plataforma?,"Os limites legais da plataforma HRD Engine/DIMA devem ser definidos explicitamente para proteger a Harpian e seus clientes: (i) Não constitui recomendação de investimento: todo output do sistema deve incluir disclaimer explícito de que não constitui aconselhamento de investimento regulado; (ii) Não garante performance: nenhuma simulação, projeção ou análise histórica pode ser apresentada como garantia ou promessa de resultado futuro; (iii) Não substitui suitability formal: a análise do sistema n",adversarial_failure_limits,B11: Antifragile | B07: The Misbehavior of Markets | B04: Thinking in Bets,B10: The Most Important Thing | B14: The Art of War,"Nassim Nicholas Taleb, em Antifragile, reforça sistemas frágeis quebram sob stress; Benoit Mandelbrot, em The Misbehavior of Markets, reforça retornos têm caudas gordas; Annie Duke, em Thinking in Bets, reforça boa decisão pode ter mau resultado.","Enfatizar limites, cenários de falha e ausência de garantia; escalar para humano quando envolver ação financeira."
JIM-LIT-0171,Harpian_JIM_GM.docx,I1,I1. Por que não investir em ETF passivo?,"ETFs passivos (como SPY, QQQ, IVV) oferecem exposição de baixo custo a índices de mercado — mas carregam uma limitação estrutural irremovível: participação total em bear markets. O S&P 500 sofreu −49% em 2000–2002, −56% em 2008–2009, −34% em março 2020 e −25% em 2022. Um investidor em SPY participou integralmente de cada uma dessas quedas. A vantagem dos ETFs passivos — baixo custo (0,03–0,20% a.a.) e tracking perfeito do índice — é real em bull markets prolongados. A desvantagem estrutural é ig",momentum_regime_stormguard,B01: Quantitative Momentum | B02: Chaos and Order in the Capital Markets | B06: Advances in Financial Machine Learning,B07: The Misbehavior of Markets | B03: The Man Who Solved the Market,"Wesley Gray & Jack Vogel, em Quantitative Momentum, reforça momentum como prêmio persistente porém cíclico; Edgar Peters, em Chaos and Order in the Capital Markets, reforça mercados alternam ordem e caos; Marcos López de Prado, em Advances in Financial Machine Learning, reforça backtests sofrem risco de overfitting.",Não prometer proteção ou captura de tendências; explicar sinais como leitura probabilística de regime sujeita a falso positivo/falso negativo.
JIM-LIT-0172,Harpian_JIM_GM.docx,I2,I2. Qual diferença vs hedge fund?,A comparação com hedge funds é relevante pois ambos oferecem gestão ativa com possibilidade de desempenho superior ao mercado. As diferenças fundamentais são: (i) Acesso e mínimo: hedge funds tipicamente exigem $1–5M de investimento mínimo e são restritos a Qualified Purchasers (patrimônio > $5M nos EUA); ETPs Harpian têm mínimo de $100K; (ii) Liquidez: hedge funds frequentemente têm lock-up de 1–3 anos e gates de resgate (limitação de saques simultâneos); ETP Harpian tem liquidez em D+5 sem loc,competitors_hedge_funds,B03: The Man Who Solved the Market | B06: Advances in Financial Machine Learning | B01: Quantitative Momentum,B10: The Most Important Thing | B13: The Only Game in Town,"Gregory Zuckerman, em The Man Who Solved the Market, reforça vantagem quantitativa nasce de dados, pesquisa e disciplina operacional; Marcos López de Prado, em Advances in Financial Machine Learning, reforça backtests sofrem risco de overfitting; Wesley Gray & Jack Vogel, em Quantitative Momentum, reforça momentum como prêmio persistente porém cíclico.","Usar peers/concorrentes como contexto comparativo, sem afirmar superioridade ou prometer performance."
JIM-LIT-0173,Harpian_JIM_GM.docx,I3,I3. Qual diferença vs asset manager tradicional?,"Asset managers tradicionais (gestoras de fundos mútuos, carteiras administradas) têm estrutura bem estabelecida com as seguintes diferenças vs. Harpian: (i) Filosofia de gestão: asset managers tradicionais são majoritariamente buy-and-hold ou tactical com viés de diversificação estática (MPT); Harpian é momentum adaptativo com mecanismo defensivo ativo (TPT); (ii) Modelo de risco: gestoras tradicionais medem risco como volatilidade/tracking error vs. benchmark; Harpian mede risco como probabilid",adversarial_failure_limits,B11: Antifragile | B07: The Misbehavior of Markets | B04: Thinking in Bets,B10: The Most Important Thing | B14: The Art of War,"Nassim Nicholas Taleb, em Antifragile, reforça sistemas frágeis quebram sob stress; Benoit Mandelbrot, em The Misbehavior of Markets, reforça retornos têm caudas gordas; Annie Duke, em Thinking in Bets, reforça boa decisão pode ter mau resultado.","Enfatizar limites, cenários de falha e ausência de garantia; escalar para humano quando envolver ação financeira."
JIM-LIT-0174,Harpian_JIM_GM.docx,I4,I4. Qual diferença vs quant funds?,"Quant funds (como Renaissance Technologies, Two Sigma, Citadel) são os competidores mais próximos em filosofia de modelagem quantitativa — mas diferem em múltiplas dimensões críticas: (i) Acesso: quant funds de elite são fechados para novos investidores ou têm mínimo de $50–100M+; Harpian é acessível a partir de $100K; (ii) Estratégia: quant funds de alta frequência exploram microestrutura de mercado, arbitragem estatística e sinais proprietários de curtíssimo prazo; AlphaDroid opera em baixa fr",momentum_regime_stormguard,B01: Quantitative Momentum | B02: Chaos and Order in the Capital Markets | B06: Advances in Financial Machine Learning,B07: The Misbehavior of Markets | B03: The Man Who Solved the Market,"Wesley Gray & Jack Vogel, em Quantitative Momentum, reforça momentum como prêmio persistente porém cíclico; Edgar Peters, em Chaos and Order in the Capital Markets, reforça mercados alternam ordem e caos; Marcos López de Prado, em Advances in Financial Machine Learning, reforça backtests sofrem risco de overfitting.",Não prometer proteção ou captura de tendências; explicar sinais como leitura probabilística de regime sujeita a falso positivo/falso negativo.
JIM-LIT-0175,Harpian_JIM_GM.docx,I5,I5. Por que não usar portfolio 60/40?,"O portfólio 60/40 (60% ações / 40% bonds) foi o portfólio padrão de 'balanceado' por décadas — baseado na correlação historicamente negativa entre ações e bonds que fornecia amortecimento em crises. Esse modelo enfrenta limitações estruturais documentadas: (i) Colapso da correlação ação-bond: em ambientes de inflação alta e juros crescentes (2022 foi o exemplo mais recente), ações E bonds caem simultaneamente — o 60/40 sofreu −16% em 2022, um de seus piores anos históricos; (ii) Rendimento atual",momentum_regime_stormguard,B01: Quantitative Momentum | B02: Chaos and Order in the Capital Markets | B06: Advances in Financial Machine Learning,B07: The Misbehavior of Markets | B03: The Man Who Solved the Market,"Wesley Gray & Jack Vogel, em Quantitative Momentum, reforça momentum como prêmio persistente porém cíclico; Edgar Peters, em Chaos and Order in the Capital Markets, reforça mercados alternam ordem e caos; Marcos López de Prado, em Advances in Financial Machine Learning, reforça backtests sofrem risco de overfitting.",Não prometer proteção ou captura de tendências; explicar sinais como leitura probabilística de regime sujeita a falso positivo/falso negativo.
JIM-LIT-0176,Harpian_JIM_GM.docx,I6,I6. Como isso se compara ao S&P?,A comparação com o S&P 500 Total Return deve ser feita em múltiplas dimensões para ser justa e completa: Retorno: HPC22 historicamente supera o S&P 500 em retorno absoluto (+82% em 2025 vs. S&P; CAGR live de ~39% vs. ~11% de longo prazo do S&P). Risco: max drawdown HPC22 histórico de −27% vs. −56% do S&P em 2008 e −49% em 2000–2002. A superioridade de retorno de HPC22 é obtida com drawdown máximo significativamente menor. Métricas ajustadas: Sortino Ratio HPC22 historicamente superior ao S&P 500,performance_backtest_metrics,B06: Advances in Financial Machine Learning | B07: The Misbehavior of Markets | B10: The Most Important Thing,B11: Antifragile | B01: Quantitative Momentum,"Marcos López de Prado, em Advances in Financial Machine Learning, reforça backtests sofrem risco de overfitting; Benoit Mandelbrot, em The Misbehavior of Markets, reforça retornos têm caudas gordas; Howard Marks, em The Most Important Thing, reforça risco é mais que volatilidade.","Sempre acrescentar: performance passada/backtest não garante resultado futuro; considerar custos, slippage, liquidez, impostos, overfitting e suitability."
JIM-LIT-0177,Harpian_JIM_GM.docx,I7,I7. Como isso se comporta em crise?,"O comportamento em crise é o teste definitivo de qualquer estratégia de preservação de capital. A análise histórica do ecossistema Harpian em crises documentadas: (i) 2000–2002 (Dotcom Crash, S&P −49%): o StormGuard (ou antecessor metodológico nas simulações de Scott Juds) teria ativado proteção antes da queda se aprofundar — portfólio em caixa durante a maior parte do bear market; (ii) 2008–2009 (Financial Crisis, S&P −56%): dados live da metodologia AlphaDroid mostram performance significativa",momentum_regime_stormguard,B01: Quantitative Momentum | B02: Chaos and Order in the Capital Markets | B06: Advances in Financial Machine Learning,B07: The Misbehavior of Markets | B03: The Man Who Solved the Market,"Wesley Gray & Jack Vogel, em Quantitative Momentum, reforça momentum como prêmio persistente porém cíclico; Edgar Peters, em Chaos and Order in the Capital Markets, reforça mercados alternam ordem e caos; Marcos López de Prado, em Advances in Financial Machine Learning, reforça backtests sofrem risco de overfitting.",Não prometer proteção ou captura de tendências; explicar sinais como leitura probabilística de regime sujeita a falso positivo/falso negativo.
JIM-LIT-0178,Harpian_JIM_GM.docx,I8,I8. Qual diferencial real do StormGuard?,"O diferencial real do StormGuard-Armor em relação a outras abordagens de proteção de mercado reside em três propriedades: (i) Composição multi-dimensional: a maioria dos sistemas de proteção de mercado usa uma única métrica (ex.: SMA de 200 dias no Pacer Trendpilot). O StormGuard combina três métricas ortogonais — preço, volume e breadth — reduzindo a probabilidade de falsos positivos isolados. Um falso sinal em preço é contrabalançado por confirmação em volume e breadth; (ii) Assimetria de thre",momentum_regime_stormguard,B01: Quantitative Momentum | B02: Chaos and Order in the Capital Markets | B06: Advances in Financial Machine Learning,B07: The Misbehavior of Markets | B03: The Man Who Solved the Market,"Wesley Gray & Jack Vogel, em Quantitative Momentum, reforça momentum como prêmio persistente porém cíclico; Edgar Peters, em Chaos and Order in the Capital Markets, reforça mercados alternam ordem e caos; Marcos López de Prado, em Advances in Financial Machine Learning, reforça backtests sofrem risco de overfitting.",Não prometer proteção ou captura de tendências; explicar sinais como leitura probabilística de regime sujeita a falso positivo/falso negativo.
JIM-LIT-0179,Harpian_JIM_GM.docx,I9,I9. Qual diferencial do AlphaDroid?,"O AlphaDroid (Automated Polymorphic Momentum) se diferencia de outros sistemas de momentum por três propriedades técnicas fundamentais: (i) Filtro casado adaptativo: enquanto sistemas convencionais usam período fixo de momentum (ex.: 12 meses, popularizado por Jegadeesh & Titman), o AlphaDroid calibra o período ótimo para cada ativo via Matched Filter Theory — maximizando SNR especificamente para a frequência de oscilação daquele ativo; (ii) Polimorfismo: o algoritmo adapta a forma do filtro (nã",momentum_regime_stormguard,B01: Quantitative Momentum | B02: Chaos and Order in the Capital Markets | B06: Advances in Financial Machine Learning,B07: The Misbehavior of Markets | B03: The Man Who Solved the Market,"Wesley Gray & Jack Vogel, em Quantitative Momentum, reforça momentum como prêmio persistente porém cíclico; Edgar Peters, em Chaos and Order in the Capital Markets, reforça mercados alternam ordem e caos; Marcos López de Prado, em Advances in Financial Machine Learning, reforça backtests sofrem risco de overfitting.",Não prometer proteção ou captura de tendências; explicar sinais como leitura probabilística de regime sujeita a falso positivo/falso negativo.
JIM-LIT-0180,Harpian_JIM_GM.docx,I10,I10. Isso é replicável por outro gestor?,"A replicabilidade da estratégia Harpian por terceiros enfrenta múltiplas barreiras: (i) Know-how proprietário do AlphaDroid: os parâmetros específicos do filtro casado para cada ativo, os critérios de seleção do universo e as regras exatas do FWPT são propriedade intelectual da SumGrowth Strategies — protegidos por contrato de confidencialidade e trade secret; (ii) Experiência de calibração: Scott Juds e a equipe SumGrowth passaram 30+ anos refinando os parâmetros via FWPT em dados históricos re",momentum_regime_stormguard,B01: Quantitative Momentum | B02: Chaos and Order in the Capital Markets | B06: Advances in Financial Machine Learning,B07: The Misbehavior of Markets | B03: The Man Who Solved the Market,"Wesley Gray & Jack Vogel, em Quantitative Momentum, reforça momentum como prêmio persistente porém cíclico; Edgar Peters, em Chaos and Order in the Capital Markets, reforça mercados alternam ordem e caos; Marcos López de Prado, em Advances in Financial Machine Learning, reforça backtests sofrem risco de overfitting.",Não prometer proteção ou captura de tendências; explicar sinais como leitura probabilística de regime sujeita a falso positivo/falso negativo.
JIM-LIT-0181,Harpian_JIM_GM.docx,J1,J1. O que é um portfólio conservative?,"Um portfólio conservative no framework Harpian é definido por Risk Number na faixa de 1–30, com as seguintes características: (i) Alocação: predominantemente HPC11 (ETF-based, Risk Number ~26) e/ou instrumentos de renda fixa de alta qualidade. A exposição a HPC22 é zero ou mínima (< 10%); (ii) Objetivo primário: preservação de capital acima da inflação, com crescimento real moderado de 3–8% a.a. Em termos nominais (incluindo inflação histórica americana de ~3%): CAGR alvo de 6–10% a.a.; (iii) Ma",risk_number_suitability,B10: The Most Important Thing | B04: Thinking in Bets | B07: The Misbehavior of Markets,B11: Antifragile | B06: Advances in Financial Machine Learning,"Howard Marks, em The Most Important Thing, reforça risco é mais que volatilidade; Annie Duke, em Thinking in Bets, reforça boa decisão pode ter mau resultado; Benoit Mandelbrot, em The Misbehavior of Markets, reforça retornos têm caudas gordas.",Não tratar Risk Number como recomendação; é linguagem de alinhamento de risco e deve exigir revisão humana/suitability.
JIM-LIT-0182,Harpian_JIM_GM.docx,J2,J2. O que é balanced?,"Um portfólio balanced no framework Harpian corresponde a Risk Number na faixa de 30–55, com: (i) Alocação: mix entre HPC11 e HPC22 — tipicamente 40–70% HPC11 / 30–60% HPC22. O mix exato é calibrado para atingir o Risk Number target dentro da faixa; (ii) Objetivo primário: crescimento de capital com proteção de drawdown. CAGR alvo de 10–20% a.a. com max drawdown tolerado de 15–25%; (iii) Equilíbrio risco-retorno: o portfólio balanced busca posição próxima à fronteira eficiente — maximizar retorno",risk_number_suitability,B10: The Most Important Thing | B04: Thinking in Bets | B07: The Misbehavior of Markets,B11: Antifragile | B06: Advances in Financial Machine Learning,"Howard Marks, em The Most Important Thing, reforça risco é mais que volatilidade; Annie Duke, em Thinking in Bets, reforça boa decisão pode ter mau resultado; Benoit Mandelbrot, em The Misbehavior of Markets, reforça retornos têm caudas gordas.",Não tratar Risk Number como recomendação; é linguagem de alinhamento de risco e deve exigir revisão humana/suitability.
JIM-LIT-0183,Harpian_JIM_GM.docx,J3,J3. O que é growth?,"Um portfólio growth no framework Harpian corresponde a Risk Number na faixa de 55–80, com: (i) Alocação: predominantemente HPC22 (Risk Number ~39 por si só, mas em portfólio concentrado pode contribuir para RN mais alto dependendo da alavancagem implícita de volatilidade do mercado no período). Exposição mínima ou zero a HPC11 como componente separado; (ii) Objetivo primário: maximização de crescimento de capital no longo prazo. CAGR alvo de 20–35%+ a.a. em ciclos favoráveis, com aceitação de dr",performance_backtest_metrics,B06: Advances in Financial Machine Learning | B07: The Misbehavior of Markets | B10: The Most Important Thing,B11: Antifragile | B01: Quantitative Momentum,"Marcos López de Prado, em Advances in Financial Machine Learning, reforça backtests sofrem risco de overfitting; Benoit Mandelbrot, em The Misbehavior of Markets, reforça retornos têm caudas gordas; Howard Marks, em The Most Important Thing, reforça risco é mais que volatilidade.","Sempre acrescentar: performance passada/backtest não garante resultado futuro; considerar custos, slippage, liquidez, impostos, overfitting e suitability."
JIM-LIT-0184,Harpian_JIM_GM.docx,J4,J4. Como o Risk Number define isso?,"O Risk Number funciona como o 'dial' de calibração entre os perfis de portfólio, operando em dois níveis: (i) Risk Number do investidor (tolerância + capacidade): derivado do questionário comportamental e da análise financeira. Define o Range de Risk Number aceitável para o portfólio — o target; (ii) Risk Number do portfólio (risco efetivo): calculado pela variância ponderada dos componentes e suas correlações. É o que o portfólio realmente é, independente da intenção. A classificação em conserv",risk_number_suitability,B10: The Most Important Thing | B04: Thinking in Bets | B07: The Misbehavior of Markets,B11: Antifragile,"Howard Marks, em The Most Important Thing, reforça risco é mais que volatilidade; Annie Duke, em Thinking in Bets, reforça boa decisão pode ter mau resultado; Benoit Mandelbrot, em The Misbehavior of Markets, reforça retornos têm caudas gordas.",Não tratar Risk Number como recomendação; é linguagem de alinhamento de risco e deve exigir revisão humana/suitability.
JIM-LIT-0185,Harpian_JIM_GM.docx,J5,J5. Qual diferença entre income vs growth?,"Income e growth representam objetivos primários distintos que condicionam toda a construção de portfólio: Income (Renda): objetivo principal é geração de fluxo de caixa regular — dividendos, juros, distribuições. O horizonte é perpetuidade (patrimônio deve durar indefinidamente). A taxa de retirada sustentável (safe withdrawal rate) é o constraint central. A TPT é menos diretamente aplicável a portfólios de income puro porque o AlphaDroid não é otimizado para geração de rendimentos — é otimizado",momentum_regime_stormguard,B01: Quantitative Momentum | B02: Chaos and Order in the Capital Markets | B06: Advances in Financial Machine Learning,B07: The Misbehavior of Markets | B03: The Man Who Solved the Market,"Wesley Gray & Jack Vogel, em Quantitative Momentum, reforça momentum como prêmio persistente porém cíclico; Edgar Peters, em Chaos and Order in the Capital Markets, reforça mercados alternam ordem e caos; Marcos López de Prado, em Advances in Financial Machine Learning, reforça backtests sofrem risco de overfitting.",Não prometer proteção ou captura de tendências; explicar sinais como leitura probabilística de regime sujeita a falso positivo/falso negativo.
JIM-LIT-0186,Harpian_JIM_GM.docx,J6,J6. Como escolher modelo adequado?,"A escolha do modelo de portfólio adequado segue uma hierarquia de decisão: (i) Etapa 1 — Definir o objetivo: o portfólio existe para crescer (growth), distribuir renda (income) ou preservar (conservative)? Essa é a pergunta de governança primária; (ii) Etapa 2 — Avaliar horizonte e liquidez: qual o prazo até a necessidade dos recursos? Existe necessidade de liquidez periódica (distribuições anuais ao FO)? Horizonte < 5 anos → conservative, independente da tolerância ao risco; (iii) Etapa 3 — Det",risk_number_suitability,B10: The Most Important Thing | B04: Thinking in Bets | B07: The Misbehavior of Markets,B11: Antifragile | B06: Advances in Financial Machine Learning,"Howard Marks, em The Most Important Thing, reforça risco é mais que volatilidade; Annie Duke, em Thinking in Bets, reforça boa decisão pode ter mau resultado; Benoit Mandelbrot, em The Misbehavior of Markets, reforça retornos têm caudas gordas.",Não tratar Risk Number como recomendação; é linguagem de alinhamento de risco e deve exigir revisão humana/suitability.
JIM-LIT-0187,Harpian_JIM_GM.docx,J7,J7. Qual drawdown esperado por perfil?,"Os drawdowns esperados por perfil de portfólio no ecossistema Harpian, baseados em dados históricos: Conservative (100% HPC11): max drawdown histórico de −14%. Em stress tests históricos: 2008 (−8% vs. S&P −56%), 2020 (−6% vs. S&P −34%), 2022 (−5% vs. S&P −25%). Balanced (50% HPC11 / 50% HPC22): max drawdown esperado aproximado de −20% em cenário histórico adverso, por combinação linear ponderada (correlação não-unitária reduz o drawdown combinado abaixo da média aritmética). Growth (100% HPC22)",performance_backtest_metrics,B06: Advances in Financial Machine Learning | B07: The Misbehavior of Markets | B10: The Most Important Thing,B11: Antifragile,"Marcos López de Prado, em Advances in Financial Machine Learning, reforça backtests sofrem risco de overfitting; Benoit Mandelbrot, em The Misbehavior of Markets, reforça retornos têm caudas gordas; Howard Marks, em The Most Important Thing, reforça risco é mais que volatilidade.","Sempre acrescentar: performance passada/backtest não garante resultado futuro; considerar custos, slippage, liquidez, impostos, overfitting e suitability."
JIM-LIT-0188,Harpian_JIM_GM.docx,J8,J8. Qual CAGR esperado por perfil?,"Os CAGRs históricos por perfil de portfólio no ecossistema Harpian: Conservative (HPC11): CAGR histórico live de +9,6% a.a. Performance recente: +38% em 2025; +4% YTD 2026. Em contexto: S&P 500 CAGR de longo prazo (100 anos) de ~10,5% a.a. — HPC11 entrega retorno próximo ao S&P com drawdown de −14% vs. −56% do S&P. Balanced (50/50): CAGR histórico estimado aproximado de ~24% a.a. em períodos bull market completos (interpolação linear entre HPC11 e HPC22 com correlação). Growth (HPC22): CAGR hist",performance_backtest_metrics,B06: Advances in Financial Machine Learning | B07: The Misbehavior of Markets | B10: The Most Important Thing,B11: Antifragile,"Marcos López de Prado, em Advances in Financial Machine Learning, reforça backtests sofrem risco de overfitting; Benoit Mandelbrot, em The Misbehavior of Markets, reforça retornos têm caudas gordas; Howard Marks, em The Most Important Thing, reforça risco é mais que volatilidade.","Sempre acrescentar: performance passada/backtest não garante resultado futuro; considerar custos, slippage, liquidez, impostos, overfitting e suitability."
JIM-LIT-0189,Harpian_JIM_GM.docx,J9,J9. Qual horizonte ideal por perfil?,"O horizonte ideal por perfil é determinado pelo drawdown duration esperado multiplicado por um fator de segurança: Conservative (HPC11): horizonte mínimo recomendado de 2–3 anos. Drawdown duration histórico máximo < 18 meses. Fator de segurança 1,5x: 27 meses. Adequado para: investidores com necessidade de liquidez em 3–5 anos, compartimento de renda ou reserva de liquidez dentro de estrutura de FO. Balanced (50/50): horizonte mínimo recomendado de 5–7 anos. Drawdown duration estimado de 18–30 m",performance_backtest_metrics,B06: Advances in Financial Machine Learning | B07: The Misbehavior of Markets | B10: The Most Important Thing,B11: Antifragile,"Marcos López de Prado, em Advances in Financial Machine Learning, reforça backtests sofrem risco de overfitting; Benoit Mandelbrot, em The Misbehavior of Markets, reforça retornos têm caudas gordas; Howard Marks, em The Most Important Thing, reforça risco é mais que volatilidade.","Sempre acrescentar: performance passada/backtest não garante resultado futuro; considerar custos, slippage, liquidez, impostos, overfitting e suitability."
JIM-LIT-0190,Harpian_JIM_GM.docx,J10,J10. Como migrar entre perfis?,"A migração entre perfis de portfólio (ex.: growth → balanced por aproximação da aposentadoria) deve ser executada de forma estruturada: (i) Trigger de revisão: a migração deve ser planejada com 2–3 anos de antecedência, não executada em resposta a eventos de mercado; (ii) Glide path: redução gradual e programada da exposição a HPC22 e aumento de HPC11, ao longo de 12–24 meses, em tranches mensais (ex.: −5% HPC22 / +5% HPC11 por trimestre); (iii) Timing considerado: idealmente, migrar de growth p",momentum_regime_stormguard,B01: Quantitative Momentum | B02: Chaos and Order in the Capital Markets | B06: Advances in Financial Machine Learning,B07: The Misbehavior of Markets | B03: The Man Who Solved the Market,"Wesley Gray & Jack Vogel, em Quantitative Momentum, reforça momentum como prêmio persistente porém cíclico; Edgar Peters, em Chaos and Order in the Capital Markets, reforça mercados alternam ordem e caos; Marcos López de Prado, em Advances in Financial Machine Learning, reforça backtests sofrem risco de overfitting.",Não prometer proteção ou captura de tendências; explicar sinais como leitura probabilística de regime sujeita a falso positivo/falso negativo.
JIM-LIT-0191,Harpian_JIM_GM.docx,K1,K1. O sistema usa alavancagem?,"Não. O ecossistema Harpian opera exclusivamente sem alavancagem — a exposição máxima ao risco em qualquer momento é de 100% do capital investido. Essa é uma escolha estratégica explícita e não apenas uma limitação operacional. As razões: (i) Assimetria de risco da alavancagem: alavancagem amplifica tanto ganhos quanto perdas de forma linear, mas a matemática da recuperação de perdas é assimétrica. Com alavancagem 2x, uma perda de 50% do ativo subjacente destrói 100% do capital alavancado; (ii) I",performance_backtest_metrics,B06: Advances in Financial Machine Learning | B07: The Misbehavior of Markets | B10: The Most Important Thing,B11: Antifragile | B04: Thinking in Bets,"Marcos López de Prado, em Advances in Financial Machine Learning, reforça backtests sofrem risco de overfitting; Benoit Mandelbrot, em The Misbehavior of Markets, reforça retornos têm caudas gordas; Howard Marks, em The Most Important Thing, reforça risco é mais que volatilidade.","Sempre acrescentar: performance passada/backtest não garante resultado futuro; considerar custos, slippage, liquidez, impostos, overfitting e suitability."
JIM-LIT-0192,Harpian_JIM_GM.docx,K2,K2. O sistema faz short?,"Não. O ecossistema Harpian opera exclusivamente comprado (long-only). Em ambientes de mercado adversos, a postura defensiva é migrar para caixa — não para posições vendidas. As razões estratégicas: (i) Assimetria de risco irredutível: uma posição vendida tem perda potencial ilimitada (o ativo pode teoricamente valorizar para infinito) e ganho limitado a 100% (o ativo não pode cair abaixo de zero); (ii) Custo de empréstimo: posições vendidas requerem empréstimo de ações com custo variável — em at",adversarial_failure_limits,B11: Antifragile | B07: The Misbehavior of Markets | B04: Thinking in Bets,B10: The Most Important Thing | B14: The Art of War,"Nassim Nicholas Taleb, em Antifragile, reforça sistemas frágeis quebram sob stress; Benoit Mandelbrot, em The Misbehavior of Markets, reforça retornos têm caudas gordas; Annie Duke, em Thinking in Bets, reforça boa decisão pode ter mau resultado.","Enfatizar limites, cenários de falha e ausência de garantia; escalar para humano quando envolver ação financeira."
JIM-LIT-0193,Harpian_JIM_GM.docx,K3,K3. Usa derivativos?,"Não, o ecossistema Harpian não utiliza derivativos (opções, futuros, swaps, contratos a termo) como parte da estratégia de investimento padrão. A exclusão é deliberada: (i) Complexidade de pricing: derivativos requerem modelos de precificação (Black-Scholes, etc.) que introduzem fontes adicionais de erro de modelo e risco de mark-to-model; (ii) Risco de theta (time decay): opções compradas perdem valor com o tempo independentemente da direção do mercado — custo contínuo de proteção; (iii) Risco ",adversarial_failure_limits,B11: Antifragile | B07: The Misbehavior of Markets | B04: Thinking in Bets,B10: The Most Important Thing | B14: The Art of War,"Nassim Nicholas Taleb, em Antifragile, reforça sistemas frágeis quebram sob stress; Benoit Mandelbrot, em The Misbehavior of Markets, reforça retornos têm caudas gordas; Annie Duke, em Thinking in Bets, reforça boa decisão pode ter mau resultado.","Enfatizar limites, cenários de falha e ausência de garantia; escalar para humano quando envolver ação financeira."
JIM-LIT-0194,Harpian_JIM_GM.docx,K4,K4. Usa opções?,"Não, por todas as razões descritas em K3. Adicionalmente, opções são incompatíveis com a lógica de custo de proteção do ecossistema Harpian: o custo de comprar puts (opções de venda como seguro) sistematicamente sobre toda a posição é estimado em 2–5% a.a. do valor do portfólio em volatilidade implícita — custo que deteriora o CAGR de longo prazo de forma persistente. O StormGuard-Armor oferece 'seguro' sem custo de prêmio — a única penalidade é o custo de oportunidade dos falsos positivos, que ",performance_backtest_metrics,B06: Advances in Financial Machine Learning | B07: The Misbehavior of Markets | B10: The Most Important Thing,B11: Antifragile | B04: Thinking in Bets,"Marcos López de Prado, em Advances in Financial Machine Learning, reforça backtests sofrem risco de overfitting; Benoit Mandelbrot, em The Misbehavior of Markets, reforça retornos têm caudas gordas; Howard Marks, em The Most Important Thing, reforça risco é mais que volatilidade.","Sempre acrescentar: performance passada/backtest não garante resultado futuro; considerar custos, slippage, liquidez, impostos, overfitting e suitability."
JIM-LIT-0195,Harpian_JIM_GM.docx,K5,K5. Opera intraday?,"Não. Todas as operações do ecossistema Harpian são executadas ao final do mês, em linha com o ciclo de rebalanceamento mensal determinado pela Hurst Fingerprint Analysis. A única exceção parcial é a liquidação imediata de 40% do risco quando o StormGuard ativa o sinal defensivo — que pode ocorrer em qualquer dia do mês. Mas mesmo essa liquidação parcial é executada em preços de fechamento ou abertura do dia seguinte, não como operação de alta frequência intraday. A ausência de operação intraday ",momentum_regime_stormguard,B01: Quantitative Momentum | B02: Chaos and Order in the Capital Markets | B06: Advances in Financial Machine Learning,B07: The Misbehavior of Markets | B03: The Man Who Solved the Market,"Wesley Gray & Jack Vogel, em Quantitative Momentum, reforça momentum como prêmio persistente porém cíclico; Edgar Peters, em Chaos and Order in the Capital Markets, reforça mercados alternam ordem e caos; Marcos López de Prado, em Advances in Financial Machine Learning, reforça backtests sofrem risco de overfitting.",Não prometer proteção ou captura de tendências; explicar sinais como leitura probabilística de regime sujeita a falso positivo/falso negativo.
JIM-LIT-0196,Harpian_JIM_GM.docx,K6,K6. Qual frequência de trade?,"A frequência de trade é determinada por dois ciclos: (i) Ciclo de rebalanceamento regular (mensal): em cada fim de mês, o AlphaDroid avalia o ranking de momentum do universo e executa a rotação necessária — substituição do ativo líder atual pelo novo líder se o ranking mudou. Em portfólios estáveis (bull market com liderança consistente), pode haver zero trades em múltiplos meses consecutivos se o mesmo ativo permanece líder; (ii) Ciclo defensivo (evento-driven): quando o SGA cruza o threshold d",momentum_regime_stormguard,B01: Quantitative Momentum | B02: Chaos and Order in the Capital Markets | B06: Advances in Financial Machine Learning,B07: The Misbehavior of Markets | B03: The Man Who Solved the Market,"Wesley Gray & Jack Vogel, em Quantitative Momentum, reforça momentum como prêmio persistente porém cíclico; Edgar Peters, em Chaos and Order in the Capital Markets, reforça mercados alternam ordem e caos; Marcos López de Prado, em Advances in Financial Machine Learning, reforça backtests sofrem risco de overfitting.",Não prometer proteção ou captura de tendências; explicar sinais como leitura probabilística de regime sujeita a falso positivo/falso negativo.
JIM-LIT-0197,Harpian_JIM_GM.docx,K7,K7. Existe market timing?,"O sistema realiza market timing no sentido técnico — toma decisões de aumentar ou reduzir exposição ao mercado baseadas em sinais de regime. A distinção crucial é entre market timing especulativo (baseado em previsão ou opinião) e market timing sistemático (baseado em critérios objetivos pré-definidos): Market timing especulativo: 'acredito que o mercado vai cair, então vou reduzir'. Depende de previsão — intrinsecamente falível e não replicável. Market timing sistemático (TPT/SGA): 'o indicador",momentum_regime_stormguard,B01: Quantitative Momentum | B02: Chaos and Order in the Capital Markets | B06: Advances in Financial Machine Learning,B07: The Misbehavior of Markets | B03: The Man Who Solved the Market,"Wesley Gray & Jack Vogel, em Quantitative Momentum, reforça momentum como prêmio persistente porém cíclico; Edgar Peters, em Chaos and Order in the Capital Markets, reforça mercados alternam ordem e caos; Marcos López de Prado, em Advances in Financial Machine Learning, reforça backtests sofrem risco de overfitting.",Não prometer proteção ou captura de tendências; explicar sinais como leitura probabilística de regime sujeita a falso positivo/falso negativo.
JIM-LIT-0198,Harpian_JIM_GM.docx,K8,K8. Existe discretionary override?,"Por design, o sistema AlphaDroid é não-discricionário: as regras de rotação e as condições de ativação/desativação do StormGuard são determinísticas e não podem ser anuladas por julgamento humano subjetivo no processo regular de gestão. Essa é uma feature, não uma limitação — elimina o principal risco comportamental documentado em gestão de portfólio: o viés humano de sobrevivência, aversão à perda e overconfidence que levam gestores a 'segurar' ativos perdedores e 'vender' ativos vencedores. Ex",momentum_regime_stormguard,B01: Quantitative Momentum | B02: Chaos and Order in the Capital Markets | B06: Advances in Financial Machine Learning,B07: The Misbehavior of Markets | B03: The Man Who Solved the Market,"Wesley Gray & Jack Vogel, em Quantitative Momentum, reforça momentum como prêmio persistente porém cíclico; Edgar Peters, em Chaos and Order in the Capital Markets, reforça mercados alternam ordem e caos; Marcos López de Prado, em Advances in Financial Machine Learning, reforça backtests sofrem risco de overfitting.",Não prometer proteção ou captura de tendências; explicar sinais como leitura probabilística de regime sujeita a falso positivo/falso negativo.
JIM-LIT-0199,Harpian_JIM_GM.docx,K9,K9. Existe risco de liquidez?,"O risco de liquidez no ecossistema Harpian existe mas é gerenciado através de critérios de seleção do universo: (i) Liquidez dos ativos subjacentes: o AlphaDroid investe exclusivamente em instrumentos de liquidez profunda — ETFs como SPY, QQQ, AGG com volume diário de bilhões de dólares e ações de grande capitalização com volume diário > $500M. A liquidação mensal do portfólio é executada sem impacto mensurável de mercado para volumes institucionais razoáveis (< $500M AUM); (ii) Liquidez do ETP ",adversarial_failure_limits,B11: Antifragile | B07: The Misbehavior of Markets | B04: Thinking in Bets,B10: The Most Important Thing | B14: The Art of War,"Nassim Nicholas Taleb, em Antifragile, reforça sistemas frágeis quebram sob stress; Benoit Mandelbrot, em The Misbehavior of Markets, reforça retornos têm caudas gordas; Annie Duke, em Thinking in Bets, reforça boa decisão pode ter mau resultado.","Enfatizar limites, cenários de falha e ausência de garantia; escalar para humano quando envolver ação financeira."
JIM-LIT-0200,Harpian_JIM_GM.docx,K10,K10. Existe risco de execução?,"Risco de execução — a diferença entre o preço teórico de decisão e o preço efetivo de execução — existe e é gerenciado: (i) Slippage: para o volume atual de AUM e a liquidez dos ativos investidos, o slippage estimado por operação é de 0,01–0,05% por trade — negligenciável sobre o retorno anual; (ii) Timing de execução: as ordens são tipicamente executadas em preços de fechamento do último dia útil do mês ou abertura do dia seguinte. Variações de preço entre o fechamento e a abertura são o princi",adversarial_failure_limits,B11: Antifragile | B07: The Misbehavior of Markets | B04: Thinking in Bets,B10: The Most Important Thing | B14: The Art of War,"Nassim Nicholas Taleb, em Antifragile, reforça sistemas frágeis quebram sob stress; Benoit Mandelbrot, em The Misbehavior of Markets, reforça retornos têm caudas gordas; Annie Duke, em Thinking in Bets, reforça boa decisão pode ter mau resultado.","Enfatizar limites, cenários de falha e ausência de garantia; escalar para humano quando envolver ação financeira."
JIM-LIT-0201,Harpian_JIM_GM.docx,L1,L1. A plataforma inclui cripto?,"No estado atual (2026), o ecossistema Harpian não inclui ativos de criptomoeda nas estratégias HPC11 e HPC22. A exclusão é baseada em critérios objetivos de qualidade de sinal: (i) Histórico limitado: Bitcoin existe desde 2009; Ethereum desde 2015. Para calibração via FWPT com janelas de validação out-of-sample robustas (idealmente 20+ anos de dados), o histórico de cripto é insuficiente para validação estatisticamente confiável dos parâmetros de filtro casado; (ii) RAF extremo: criptoativos apr",performance_backtest_metrics,B06: Advances in Financial Machine Learning | B07: The Misbehavior of Markets | B10: The Most Important Thing,B11: Antifragile | B01: Quantitative Momentum,"Marcos López de Prado, em Advances in Financial Machine Learning, reforça backtests sofrem risco de overfitting; Benoit Mandelbrot, em The Misbehavior of Markets, reforça retornos têm caudas gordas; Howard Marks, em The Most Important Thing, reforça risco é mais que volatilidade.","Sempre acrescentar: performance passada/backtest não garante resultado futuro; considerar custos, slippage, liquidez, impostos, overfitting e suitability."
JIM-LIT-0202,Harpian_JIM_GM.docx,L2,L2. Cripto entra no AlphaDroid?,"Tecnicamente, o AlphaDroid é um framework agnóstico à classe de ativo — pode processar qualquer série temporal de preços com histórico suficiente. A questão não é se pode, mas se deve e quando: Para cripto entrar no AlphaDroid, os pré-requisitos seriam: (i) Histórico mínimo de 15 anos de dados limpos e verificáveis — Bitcoin atingirá esse critério por volta de 2024–2026 para janelas de validação robustas; (ii) Estabilidade regulatória: a incerteza regulatória sobre cripto em múltiplas jurisdiçõe",performance_backtest_metrics,B06: Advances in Financial Machine Learning | B07: The Misbehavior of Markets | B10: The Most Important Thing,B11: Antifragile | B01: Quantitative Momentum,"Marcos López de Prado, em Advances in Financial Machine Learning, reforça backtests sofrem risco de overfitting; Benoit Mandelbrot, em The Misbehavior of Markets, reforça retornos têm caudas gordas; Howard Marks, em The Most Important Thing, reforça risco é mais que volatilidade.","Sempre acrescentar: performance passada/backtest não garante resultado futuro; considerar custos, slippage, liquidez, impostos, overfitting e suitability."
JIM-LIT-0203,Harpian_JIM_GM.docx,L3,L3. Como tratar volatilidade extrema?,"A volatilidade extrema de ativos de cripto (Bitcoin: volatilidade anualizada de 60–100% vs. S&P 500: 15–20%) requer adaptações metodológicas específicas ao framework TPT: (i) Normalização de escala de volatilidade: os filtros casados calibrados para ativos de 15–25% de volatilidade anualizada precisariam de recalibração completa para operar em ativos de 60–100% de volatilidade; (ii) Thresholds de SGA adaptados: o limiar de −0,6% mensal que caracteriza bear market no S&P 500 é ruído normal intrad",performance_backtest_metrics,B06: Advances in Financial Machine Learning | B07: The Misbehavior of Markets | B10: The Most Important Thing,B11: Antifragile,"Marcos López de Prado, em Advances in Financial Machine Learning, reforça backtests sofrem risco de overfitting; Benoit Mandelbrot, em The Misbehavior of Markets, reforça retornos têm caudas gordas; Howard Marks, em The Most Important Thing, reforça risco é mais que volatilidade.","Sempre acrescentar: performance passada/backtest não garante resultado futuro; considerar custos, slippage, liquidez, impostos, overfitting e suitability."
JIM-LIT-0204,Harpian_JIM_GM.docx,L4,L4. Cripto altera Risk Number?,"Sim, significativamente. A adição de qualquer percentual de cripto ao portfólio eleva o Risk Number de forma desproporcional à sua alocação percentual: (i) Efeito na variância do portfólio: Contribuição_risco_Bitcoin = w_BTC² × σ²_BTC + 2 × w_BTC × (1-w_BTC) × σ_BTC × σ_portfolio × ρ. Com σ_BTC = 80% a.a. vs. σ_portfolio = 15% a.a., mesmo uma alocação de 5% em Bitcoin aumentaria a volatilidade total do portfólio em ~3–4%, dependendo da correlação; (ii) Efeito no VaR: o VaR de 6 meses com 95% de ",risk_number_suitability,B10: The Most Important Thing | B04: Thinking in Bets | B07: The Misbehavior of Markets,B11: Antifragile,"Howard Marks, em The Most Important Thing, reforça risco é mais que volatilidade; Annie Duke, em Thinking in Bets, reforça boa decisão pode ter mau resultado; Benoit Mandelbrot, em The Misbehavior of Markets, reforça retornos têm caudas gordas.",Não tratar Risk Number como recomendação; é linguagem de alinhamento de risco e deve exigir revisão humana/suitability.
JIM-LIT-0205,Harpian_JIM_GM.docx,L5,L5. Pode entrar em HPC?,"A questão de incluir cripto nas estratégias HPC11 ou HPC22 é distinta de incluí-lo como classe de ativo no portfólio do investidor: Na estrutura atual: não. HPC11 e HPC22 têm universo investível definido (ETFs de classes de ativos tradicionais e ações de grande capitalização). A inclusão de cripto exigiria revisão do prospecto do ETP, aprovação do Programme Administrator (Lynk), e potencialmente nova aprovação regulatória da FMA (Áustria). Em estratégia HPC futura (ex.: HPC33): um terceiro ETP, ",momentum_regime_stormguard,B01: Quantitative Momentum | B02: Chaos and Order in the Capital Markets | B06: Advances in Financial Machine Learning,B07: The Misbehavior of Markets | B03: The Man Who Solved the Market,"Wesley Gray & Jack Vogel, em Quantitative Momentum, reforça momentum como prêmio persistente porém cíclico; Edgar Peters, em Chaos and Order in the Capital Markets, reforça mercados alternam ordem e caos; Marcos López de Prado, em Advances in Financial Machine Learning, reforça backtests sofrem risco de overfitting.",Não prometer proteção ou captura de tendências; explicar sinais como leitura probabilística de regime sujeita a falso positivo/falso negativo.
JIM-LIT-0206,Harpian_JIM_GM.docx,L6,L6. Existe estratégia específica para cripto?,"Uma estratégia de momentum específica para cripto, operando dentro do framework TPT, teria as seguintes características hipotéticas de design: (i) Universo: Bitcoin ETFs (IBIT, FBTC), Ethereum ETFs, ETFs de empresas de blockchain/mineração (BITO, WGMI). Sem criptomoedas diretas — apenas ETFs regulados com custódia convencional; (ii) Filtros adaptados: DEMA calibrado para volatilidade de 60–100% com período de lookback shorter (15–25 dias vs. 50 dias para ações). A frequência de oscilação dominan",momentum_regime_stormguard,B01: Quantitative Momentum | B02: Chaos and Order in the Capital Markets | B06: Advances in Financial Machine Learning,B07: The Misbehavior of Markets | B03: The Man Who Solved the Market,"Wesley Gray & Jack Vogel, em Quantitative Momentum, reforça momentum como prêmio persistente porém cíclico; Edgar Peters, em Chaos and Order in the Capital Markets, reforça mercados alternam ordem e caos; Marcos López de Prado, em Advances in Financial Machine Learning, reforça backtests sofrem risco de overfitting.",Não prometer proteção ou captura de tendências; explicar sinais como leitura probabilística de regime sujeita a falso positivo/falso negativo.
JIM-LIT-0207,Harpian_JIM_GM.docx,L7,L7. Como integrar com regime?,"A integração de cripto com o framework de regime do ecossistema Harpian requer tratamento de regime duplo: (i) Regime de mercado tradicional (SGA): o StormGuard-Armor monitora condições do mercado de ações. Em bear market de ações (SGA < −0,6%), cripto historicamente cai simultaneamente — a correlação entre S&P e Bitcoin em stress foi de +0,7–0,85 nos episódios de 2020, 2022; (ii) Regime específico de cripto: Bitcoin tem seu próprio ciclo de halving (~4 anos) e dinâmica de momentum independente ",momentum_regime_stormguard,B01: Quantitative Momentum | B02: Chaos and Order in the Capital Markets | B06: Advances in Financial Machine Learning,B07: The Misbehavior of Markets | B03: The Man Who Solved the Market,"Wesley Gray & Jack Vogel, em Quantitative Momentum, reforça momentum como prêmio persistente porém cíclico; Edgar Peters, em Chaos and Order in the Capital Markets, reforça mercados alternam ordem e caos; Marcos López de Prado, em Advances in Financial Machine Learning, reforça backtests sofrem risco de overfitting.",Não prometer proteção ou captura de tendências; explicar sinais como leitura probabilística de regime sujeita a falso positivo/falso negativo.
JIM-LIT-0208,Harpian_JIM_GM.docx,L8,L8. Existe hedge para cripto?,"As opções de hedge para posições em cripto no contexto institucional são: (i) Hedge via futuros de Bitcoin (CME BTC Futures): a CME oferece futuros regulados sobre Bitcoin que podem ser usados para hedge de posições longas em Bitcoin ETFs. Contudo, isso introduz derivativos no portfólio — incompatível com a filosofia atual da Harpian; (ii) Hedge via migração para caixa: a abordagem do sistema — simplesmente sair da posição quando o regime detecta deterioração. É o hedge mais limpo, sem custo de ",momentum_regime_stormguard,B01: Quantitative Momentum | B02: Chaos and Order in the Capital Markets | B06: Advances in Financial Machine Learning,B07: The Misbehavior of Markets | B03: The Man Who Solved the Market,"Wesley Gray & Jack Vogel, em Quantitative Momentum, reforça momentum como prêmio persistente porém cíclico; Edgar Peters, em Chaos and Order in the Capital Markets, reforça mercados alternam ordem e caos; Marcos López de Prado, em Advances in Financial Machine Learning, reforça backtests sofrem risco de overfitting.",Não prometer proteção ou captura de tendências; explicar sinais como leitura probabilística de regime sujeita a falso positivo/falso negativo.
JIM-LIT-0209,Harpian_JIM_GM.docx,L9,L9. Qual papel de cripto no portfólio?,"Se integrado ao portfólio de um Family Office, cripto (via ETFs regulados) poderia cumprir um papel específico e limitado: (i) Componente de retorno de alta convexidade: pequena alocação (3–7% do portfólio) em Bitcoin ETF que pode oferecer retorno assimétrico positivo em ciclos de bull market de cripto — sem o risco de perda total que investimento direto em cripto carrega; (ii) Hedge de 'debasement': correlação negativa com moedas fiduciárias em cenários de expansão monetária extrema — hedge hip",adversarial_failure_limits,B11: Antifragile | B07: The Misbehavior of Markets | B04: Thinking in Bets,B10: The Most Important Thing | B14: The Art of War,"Nassim Nicholas Taleb, em Antifragile, reforça sistemas frágeis quebram sob stress; Benoit Mandelbrot, em The Misbehavior of Markets, reforça retornos têm caudas gordas; Annie Duke, em Thinking in Bets, reforça boa decisão pode ter mau resultado.","Enfatizar limites, cenários de falha e ausência de garantia; escalar para humano quando envolver ação financeira."
JIM-LIT-0210,Harpian_JIM_GM.docx,L10,L10. Cripto melhora ou piora o Alignment?,"A adição de cripto ao portfólio tem efeito ambíguo sobre o Alignment Score, dependendo do perfil do investidor e da alocação: Piora o Alignment quando: (i) O Risk Number do portfólio já está no limite superior do Risk Number target do investidor — adicionar cripto empurra o RN além do tolerado, reduzindo Risk Fit Score; (ii) O horizonte do investidor é < 5 anos — cripto com drawdown duration potencial de 2–3 anos pode criar Horizon Gap negativo; (iii) O portfólio já está adequadamente posicionad",performance_backtest_metrics,B06: Advances in Financial Machine Learning | B07: The Misbehavior of Markets | B10: The Most Important Thing,B11: Antifragile | B04: Thinking in Bets,"Marcos López de Prado, em Advances in Financial Machine Learning, reforça backtests sofrem risco de overfitting; Benoit Mandelbrot, em The Misbehavior of Markets, reforça retornos têm caudas gordas; Howard Marks, em The Most Important Thing, reforça risco é mais que volatilidade.","Sempre acrescentar: performance passada/backtest não garante resultado futuro; considerar custos, slippage, liquidez, impostos, overfitting e suitability."
JIM-LIT-0211,Harpian_JIM_GM.docx,M1,M1. Quanto estou perdendo por estar desalinhado?,"O custo do desalinhamento é calculável em termos concretos via duas dimensões: (i) Custo de retorno perdido (portfólio conservador demais): se o CAGR do portfólio atual é 7% a.a. mas o CAGR necessário para atingir a meta é 12%, o Return Gap de 5% a.a. equivale a uma perda anual crescente de capital futuro. Em um portfólio de $1M com horizonte de 15 anos: Capital com 7% = $2,76M; Capital com 12% = $5,47M. O custo do desalinhamento conservador é $2,71M de capital futuro não gerado; (ii) Custo de r",risk_number_suitability,B10: The Most Important Thing | B04: Thinking in Bets | B07: The Misbehavior of Markets,B11: Antifragile | B06: Advances in Financial Machine Learning,"Howard Marks, em The Most Important Thing, reforça risco é mais que volatilidade; Annie Duke, em Thinking in Bets, reforça boa decisão pode ter mau resultado; Benoit Mandelbrot, em The Misbehavior of Markets, reforça retornos têm caudas gordas.",Não tratar Risk Number como recomendação; é linguagem de alinhamento de risco e deve exigir revisão humana/suitability.
JIM-LIT-0212,Harpian_JIM_GM.docx,M2,M2. Quanto eu deveria ter hoje?,"A pergunta 'quanto deveria ter hoje?' é respondida pela trajetória de capital necessária para atingir o objetivo financeiro no prazo definido. O cálculo: (i) Definir a meta: Capital_Final desejado em data futura (ex.: $5M em 15 anos); (ii) Calcular o capital necessário hoje: resolvendo a equação de valor futuro: Capital_Hoje_Necessário = Capital_Final / (1 + CAGR)^n. Se CAGR alvo é 12% e n = 15 anos: $5M / (1,12)^15 = $5M / 5,47 = $914K; (iii) Comparar com capital atual: se o investidor tem $800",performance_backtest_metrics,B06: Advances in Financial Machine Learning | B07: The Misbehavior of Markets | B10: The Most Important Thing,B11: Antifragile | B04: Thinking in Bets,"Marcos López de Prado, em Advances in Financial Machine Learning, reforça backtests sofrem risco de overfitting; Benoit Mandelbrot, em The Misbehavior of Markets, reforça retornos têm caudas gordas; Howard Marks, em The Most Important Thing, reforça risco é mais que volatilidade.","Sempre acrescentar: performance passada/backtest não garante resultado futuro; considerar custos, slippage, liquidez, impostos, overfitting e suitability."
JIM-LIT-0213,Harpian_JIM_GM.docx,M3,M3. Qual o custo de não agir?,"O custo de não agir (inação) é calculado como a diferença entre a trajetória de capital com a estratégia otimizada vs. a trajetória com o portfólio atual, ao longo do horizonte de investimento. É a versão financeira do 'custo de oportunidade', mas com uma propriedade psicológica poderosa: quantifica a inação como uma decisão ativa de perda. Exemplo concreto: portfólio atual projetado para atingir $1,8M em 15 anos; portfólio otimizado projetado para $4,2M. O custo de não agir é $2,4M de capital f",behavioral_decision,B04: Thinking in Bets | B10: The Most Important Thing | B11: Antifragile,B05: The Mathematical Theory of Communication,"Annie Duke, em Thinking in Bets, reforça boa decisão pode ter mau resultado; Howard Marks, em The Most Important Thing, reforça risco é mais que volatilidade; Nassim Nicholas Taleb, em Antifragile, reforça sistemas frágeis quebram sob stress.","Evitar aconselhamento pessoal; reforçar processo decisório, probabilidades e adequação ao perfil."
JIM-LIT-0214,Harpian_JIM_GM.docx,M4,M4. Quanto tempo estou atrasado?,"O 'atraso' temporal na trajetória de acumulação é calculado como o número de anos-equivalentes de retorno que o portfólio atual está abaixo da trajetória necessária. Formalmente: Anos_atrasado = ln(Capital_Atual / Capital_Necessário_Hoje) / ln(1 + CAGR_necessário). Se o investidor tem $800K mas deveria ter $914K com CAGR de 12%: Anos_atrasado = ln(800/914) / ln(1,12) = ln(0,875) / 0,113 = −0,134/0,113 ≈ −1,18 anos. O investidor está aproximadamente 1,2 anos atrasado em sua trajetória de acumulaç",performance_backtest_metrics,B06: Advances in Financial Machine Learning | B07: The Misbehavior of Markets | B10: The Most Important Thing,B11: Antifragile | B04: Thinking in Bets,"Marcos López de Prado, em Advances in Financial Machine Learning, reforça backtests sofrem risco de overfitting; Benoit Mandelbrot, em The Misbehavior of Markets, reforça retornos têm caudas gordas; Howard Marks, em The Most Important Thing, reforça risco é mais que volatilidade.","Sempre acrescentar: performance passada/backtest não garante resultado futuro; considerar custos, slippage, liquidez, impostos, overfitting e suitability."
JIM-LIT-0215,Harpian_JIM_GM.docx,M5,M5. Qual probabilidade de falhar meu objetivo?,A probabilidade de falhar o objetivo financeiro (não atingir o Capital_Final desejado no prazo) é calculada via simulação de Monte Carlo: o sistema gera 10.000+ trajetórias de retorno simuladas a partir da distribuição histórica de retornos da estratégia e calcula a porcentagem de trajetórias que resultam em Capital_Final < Capital_Meta. Inputs: CAGR e desvio padrão históricos da estratégia; correlação com período de stress; aportes planejados; horizonte. Output: 'X% de probabilidade de atingir ,performance_backtest_metrics,B06: Advances in Financial Machine Learning | B07: The Misbehavior of Markets | B10: The Most Important Thing,B11: Antifragile,"Marcos López de Prado, em Advances in Financial Machine Learning, reforça backtests sofrem risco de overfitting; Benoit Mandelbrot, em The Misbehavior of Markets, reforça retornos têm caudas gordas; Howard Marks, em The Most Important Thing, reforça risco é mais que volatilidade.","Sempre acrescentar: performance passada/backtest não garante resultado futuro; considerar custos, slippage, liquidez, impostos, overfitting e suitability."
JIM-LIT-0216,Harpian_JIM_GM.docx,M6,M6. Qual cenário quebra meu plano?,Identificar o 'cenário de quebra de plano' é uma das análises mais valiosas do processo de planejamento. As categorias de cenário que podem quebrar um plano financeiro: (i) Cenário de mercado: bear market severo e prolongado (−50% por 3+ anos) que força liquidação de ativos para cobrir necessidades de liquidez antes da recuperação — quebrável apenas por combinação de postura defensiva (SGA) + reserva de liquidez separada; (ii) Cenário de premissa de CAGR: retorno futuro significativamente menor ,performance_backtest_metrics,B06: Advances in Financial Machine Learning | B07: The Misbehavior of Markets | B10: The Most Important Thing,B11: Antifragile | B01: Quantitative Momentum,"Marcos López de Prado, em Advances in Financial Machine Learning, reforça backtests sofrem risco de overfitting; Benoit Mandelbrot, em The Misbehavior of Markets, reforça retornos têm caudas gordas; Howard Marks, em The Most Important Thing, reforça risco é mais que volatilidade.","Sempre acrescentar: performance passada/backtest não garante resultado futuro; considerar custos, slippage, liquidez, impostos, overfitting e suitability."
JIM-LIT-0217,Harpian_JIM_GM.docx,M7,M7. Meu portfólio sobreviveria a 2008?,"O stress test de 2008 é o teste de resiliência padrão para qualquer portfólio com componente de ações: o S&P 500 caiu −56% entre outubro de 2007 e março de 2009. O comportamento esperado dos portfólios Harpian no cenário 2008: Conservative (100% HPC11): drawdown esperado de aproximadamente −8 a −12%. O StormGuard teria ativado proteção defensiva em meados de 2008, antes das quedas mais severas de setembro–novembro. O portfólio teria permanecido em caixa durante os piores meses. Balanced (50/50):",momentum_regime_stormguard,B01: Quantitative Momentum | B02: Chaos and Order in the Capital Markets | B06: Advances in Financial Machine Learning,B07: The Misbehavior of Markets | B03: The Man Who Solved the Market,"Wesley Gray & Jack Vogel, em Quantitative Momentum, reforça momentum como prêmio persistente porém cíclico; Edgar Peters, em Chaos and Order in the Capital Markets, reforça mercados alternam ordem e caos; Marcos López de Prado, em Advances in Financial Machine Learning, reforça backtests sofrem risco de overfitting.",Não prometer proteção ou captura de tendências; explicar sinais como leitura probabilística de regime sujeita a falso positivo/falso negativo.
JIM-LIT-0218,Harpian_JIM_GM.docx,M8,M8. Qual meu maior erro hoje?,"O diagnóstico do 'maior erro' do portfólio atual deve ser estruturado como análise de vulnerabilidade prioritizada: o sistema identifica a dimensão com maior penalização no Alignment Score e maior impacto potencial no objetivo financeiro. As categorias de erro mais comuns detectadas em diagnósticos: (i) Desalinhamento de risco: portfólio com RN 20 pontos acima do tolerado — o investidor está exposto ao panic selling em crises, o erro mais custoso comportamentalmente; (ii) Return Gap ignorado: po",performance_backtest_metrics,B06: Advances in Financial Machine Learning | B07: The Misbehavior of Markets | B10: The Most Important Thing,B11: Antifragile | B08: Principles for Dealing with the Changing World Order,"Marcos López de Prado, em Advances in Financial Machine Learning, reforça backtests sofrem risco de overfitting; Benoit Mandelbrot, em The Misbehavior of Markets, reforça retornos têm caudas gordas; Howard Marks, em The Most Important Thing, reforça risco é mais que volatilidade.","Sempre acrescentar: performance passada/backtest não garante resultado futuro; considerar custos, slippage, liquidez, impostos, overfitting e suitability."
JIM-LIT-0219,Harpian_JIM_GM.docx,M9,M9. O que está invisível na minha carteira?,"Os riscos invisíveis — aqueles que não aparecem na análise superficial de composição de portfólio — são os mais perigosos porque não geram preocupação antecipada. As quatro categorias de risco invisível mais relevantes: (i) Concentração de fator: portfólio com 8 ETFs 'diferentes' onde 6 têm carregamento dominante no mesmo fator (ex.: crescimento de mega-cap tech). No papel é diversificado; na realidade, é uma única aposta concentrada. Detectável via análise de componentes principais (PCA) aplica",adversarial_failure_limits,B11: Antifragile | B07: The Misbehavior of Markets | B04: Thinking in Bets,B10: The Most Important Thing | B14: The Art of War,"Nassim Nicholas Taleb, em Antifragile, reforça sistemas frágeis quebram sob stress; Benoit Mandelbrot, em The Misbehavior of Markets, reforça retornos têm caudas gordas; Annie Duke, em Thinking in Bets, reforça boa decisão pode ter mau resultado.","Enfatizar limites, cenários de falha e ausência de garantia; escalar para humano quando envolver ação financeira."
JIM-LIT-0220,Harpian_JIM_GM.docx,M10,M10. Isso está alinhado com minha vida ou só com o mercado?,"Esta é a pergunta que encerra o processo de diagnóstico e abre a conversa sobre planejamento financeiro genuíno. Um portfólio pode estar tecnicamente alinhado com o mercado — Risk Number correto, CAGR adequado, drawdown dentro do tolerado — e ainda estar desalinhado com a vida real do investidor. As dimensões de alinhamento com a vida: (i) Horizonte real vs. horizonte declarado: o investidor disse '15 anos', mas há um filho com faculdade em 3 anos, uma empresa que pode ser vendida em 5 anos e um",risk_number_suitability,B10: The Most Important Thing | B04: Thinking in Bets | B07: The Misbehavior of Markets,B11: Antifragile | B05: The Mathematical Theory of Communication,"Howard Marks, em The Most Important Thing, reforça risco é mais que volatilidade; Annie Duke, em Thinking in Bets, reforça boa decisão pode ter mau resultado; Benoit Mandelbrot, em The Misbehavior of Markets, reforça retornos têm caudas gordas.",Não tratar Risk Number como recomendação; é linguagem de alinhamento de risco e deve exigir revisão humana/suitability.
JIM-LIT-0221,Harpian_JIM_N.docx,N1,N1.1. Em que cenário essa estratégia falha?,"A estratégia falha — e é fundamental que o JIM articule isso com precisão — nos seguintes cenários estruturais: (i) Colapso permanente do prêmio de momentum: se o fator de momentum deixar de existir por crowding (excesso de capital seguindo os mesmos sinais), o AlphaDroid geraria rotações em ativos que já atingiram pico de valorização antes da entrada. Esse risco é real: o prêmio de momentum se deteriora em períodos de forte adoção por estratégias quantitativas (ex.: eventos de 'momentum crash' ",momentum_regime_stormguard,B01: Quantitative Momentum | B02: Chaos and Order in the Capital Markets | B06: Advances in Financial Machine Learning,B07: The Misbehavior of Markets | B03: The Man Who Solved the Market,"Wesley Gray & Jack Vogel, em Quantitative Momentum, reforça momentum como prêmio persistente porém cíclico; Edgar Peters, em Chaos and Order in the Capital Markets, reforça mercados alternam ordem e caos; Marcos López de Prado, em Advances in Financial Machine Learning, reforça backtests sofrem risco de overfitting.",Não prometer proteção ou captura de tendências; explicar sinais como leitura probabilística de regime sujeita a falso positivo/falso negativo.
JIM-LIT-0222,Harpian_JIM_N.docx,N1,N1.2. Quando o StormGuard erra?,"O StormGuard comete dois tipos de erro, com frequências e custos distintos: Falso positivo (sai e o mercado continua subindo): o sistema ativa proteção defensiva e o mercado retoma alta. Custo: perda de parte do rally pós-sinal. Mais frequente em mercados de alta volatilidade lateral onde os componentes do SGA oscilam em torno do threshold. Historicamente, esse é o erro mais comum mas também o menos custoso — o mercado tipicamente gera outro ponto de entrada e a perda de oportunidade é limitada ",momentum_regime_stormguard,B01: Quantitative Momentum | B02: Chaos and Order in the Capital Markets | B06: Advances in Financial Machine Learning,B07: The Misbehavior of Markets | B03: The Man Who Solved the Market,"Wesley Gray & Jack Vogel, em Quantitative Momentum, reforça momentum como prêmio persistente porém cíclico; Edgar Peters, em Chaos and Order in the Capital Markets, reforça mercados alternam ordem e caos; Marcos López de Prado, em Advances in Financial Machine Learning, reforça backtests sofrem risco de overfitting.",Não prometer proteção ou captura de tendências; explicar sinais como leitura probabilística de regime sujeita a falso positivo/falso negativo.
JIM-LIT-0223,Harpian_JIM_N.docx,N1,N1.3. Quando o AlphaDroid underperforma?,"O AlphaDroid — como qualquer sistema de momentum — underperforma em condições específicas que são o oposto exato das que o tornam eficaz: (i) Mercados de reversão ('mean reversion regime'): quando ativos que subiram mais tendem a cair e vice-versa, o momentum funciona ao contrário. Evidência: Jegadeesh & Titman (1993) documentam reversão de curto prazo em 1 mês e reversão de longo prazo em 3–5 anos. O período de 3–12 meses é o sweet spot do momentum — fora dessa janela, o sinal se inverte; (ii) ",momentum_regime_stormguard,B01: Quantitative Momentum | B02: Chaos and Order in the Capital Markets | B06: Advances in Financial Machine Learning,B07: The Misbehavior of Markets | B03: The Man Who Solved the Market,"Wesley Gray & Jack Vogel, em Quantitative Momentum, reforça momentum como prêmio persistente porém cíclico; Edgar Peters, em Chaos and Order in the Capital Markets, reforça mercados alternam ordem e caos; Marcos López de Prado, em Advances in Financial Machine Learning, reforça backtests sofrem risco de overfitting.",Não prometer proteção ou captura de tendências; explicar sinais como leitura probabilística de regime sujeita a falso positivo/falso negativo.
JIM-LIT-0224,Harpian_JIM_N.docx,N1,N1.4. Quando momentum deixa de funcionar?,"O prêmio de momentum pode deteriorar ou desaparecer em condições bem documentadas: (i) Crowding extremo: quando capital excessivo segue os mesmos sinais de momentum, o sinal se autodisrupe — os ativos líderes são comprados antes que o sinal seja gerado, eliminando o prêmio de entrada. AQR Capital Management, um dos maiores gestores de momentum do mundo, documentou esse fenômeno em comunicados internos após 2018. Quando múltiplos sistemas usando DEMA e momentum de 12 meses compram os mesmos ativo",momentum_regime_stormguard,B01: Quantitative Momentum | B02: Chaos and Order in the Capital Markets | B06: Advances in Financial Machine Learning,B07: The Misbehavior of Markets | B03: The Man Who Solved the Market,"Wesley Gray & Jack Vogel, em Quantitative Momentum, reforça momentum como prêmio persistente porém cíclico; Edgar Peters, em Chaos and Order in the Capital Markets, reforça mercados alternam ordem e caos; Marcos López de Prado, em Advances in Financial Machine Learning, reforça backtests sofrem risco de overfitting.",Não prometer proteção ou captura de tendências; explicar sinais como leitura probabilística de regime sujeita a falso positivo/falso negativo.
JIM-LIT-0225,Harpian_JIM_N.docx,N1,N1.5. Qual o pior cenário possível?,"O pior cenário possível para a estratégia Harpian combina múltiplos fatores adversos simultâneos — um 'scenario stack' de baixa probabilidade mas consequências significativas: Cenário composto de pior caso: (i) Crash abrupto de 30%+ em 10 dias úteis: SGA não ativou proteção por ausência de deterioração prévia de volume e breadth. O portfólio HPC22 absorve integralmente a queda antes da liquidação; (ii) Simultâneo com evento de liquidez de mercado: os ETFs subjacentes (SPY, QQQ) têm spreads tempo",momentum_regime_stormguard,B01: Quantitative Momentum | B02: Chaos and Order in the Capital Markets | B06: Advances in Financial Machine Learning,B07: The Misbehavior of Markets | B03: The Man Who Solved the Market,"Wesley Gray & Jack Vogel, em Quantitative Momentum, reforça momentum como prêmio persistente porém cíclico; Edgar Peters, em Chaos and Order in the Capital Markets, reforça mercados alternam ordem e caos; Marcos López de Prado, em Advances in Financial Machine Learning, reforça backtests sofrem risco de overfitting.",Não prometer proteção ou captura de tendências; explicar sinais como leitura probabilística de regime sujeita a falso positivo/falso negativo.
JIM-LIT-0226,Harpian_JIM_N.docx,N1,N1.6. Existe cenário de underperformance longa?,"Sim, e é importante ser honesto sobre isso: O período de underperformance mais provável é um bull market prolongado de alta amplitude — onde o S&P 500 sobe de forma contínua por 3–5 anos com mínimas correções e os falsos positivos do SGA se acumulam. Exemplo histórico: 2013–2021 foi um dos períodos mais favoráveis ao buy-and-hold passivo na história. O S&P 500 subiu de forma quase ininterrupta com apenas correções de 10–15%. Sistemas com mecanismo defensivo como o Harpian podem ter ativado prote",performance_backtest_metrics,B06: Advances in Financial Machine Learning | B07: The Misbehavior of Markets | B10: The Most Important Thing,B11: Antifragile | B04: Thinking in Bets,"Marcos López de Prado, em Advances in Financial Machine Learning, reforça backtests sofrem risco de overfitting; Benoit Mandelbrot, em The Misbehavior of Markets, reforça retornos têm caudas gordas; Howard Marks, em The Most Important Thing, reforça risco é mais que volatilidade.","Sempre acrescentar: performance passada/backtest não garante resultado futuro; considerar custos, slippage, liquidez, impostos, overfitting e suitability."
JIM-LIT-0227,Harpian_JIM_N.docx,N1,N1.7. Qual risco não está modelado?,"Os riscos não modelados — ou que o modelo captura de forma inadequada — são: (i) Black Swan verdadeiro: evento de probabilidade zero no modelo histórico (pandemias, guerras, colapsos de sistema financeiro) que produz dinâmica de mercado sem precedente histórico. O modelo é calibrado em histórico — por definição, não captura o que nunca aconteceu; (ii) Risco regulatório do produto: a estrutura ETP pode ser afetada por mudanças regulatórias na Irlanda, Áustria, ou pelo país do investidor (ex.: Bra",adversarial_failure_limits,B11: Antifragile | B07: The Misbehavior of Markets | B04: Thinking in Bets,B10: The Most Important Thing | B14: The Art of War,"Nassim Nicholas Taleb, em Antifragile, reforça sistemas frágeis quebram sob stress; Benoit Mandelbrot, em The Misbehavior of Markets, reforça retornos têm caudas gordas; Annie Duke, em Thinking in Bets, reforça boa decisão pode ter mau resultado.","Enfatizar limites, cenários de falha e ausência de garantia; escalar para humano quando envolver ação financeira."
JIM-LIT-0228,Harpian_JIM_N.docx,N1,N1.8. Qual hipótese crítica pode estar errada?,"O sistema repousa sobre um conjunto de hipóteses que, se falsas, invalidam partes da lógica. As mais críticas: (i) 'O momentum tem base estatística estável' — Hipótese central da TPT. Se o prêmio de momentum for não-estacionário (presente em alguns regimes, ausente em outros) de forma não-detectável ex-ante, o FWPT pode validar parâmetros que funcionam no passado mas falham no futuro por mudança de regime de fator; (ii) 'O Expoente de Hurst > 0,5 em janelas de médio prazo indica tendência persis",momentum_regime_stormguard,B01: Quantitative Momentum | B02: Chaos and Order in the Capital Markets | B06: Advances in Financial Machine Learning,B07: The Misbehavior of Markets | B03: The Man Who Solved the Market,"Wesley Gray & Jack Vogel, em Quantitative Momentum, reforça momentum como prêmio persistente porém cíclico; Edgar Peters, em Chaos and Order in the Capital Markets, reforça mercados alternam ordem e caos; Marcos López de Prado, em Advances in Financial Machine Learning, reforça backtests sofrem risco de overfitting.",Não prometer proteção ou captura de tendências; explicar sinais como leitura probabilística de regime sujeita a falso positivo/falso negativo.
JIM-LIT-0229,Harpian_JIM_N.docx,N2,N2.1. Por que não usar só S&P?,"O argumento para usar apenas S&P 500 (via SPY ou IVV) é o mais forte da literatura financeira mainstream: (i) Custo de 0,03% a.a. vs. 1–2% de estratégias ativas; (ii) CAGR histórico de 10,5% a.a. em 100 anos; (iii) Evidência de Sharpe (1966), Fama & French (1992) e inúmeros estudos subsequentes de que a maioria dos gestores ativos não supera o índice após custos. O argumento é genuinamente forte para determinados perfis. O caso contra aplicado ao contexto de Family Offices: (i) Drawdown psicológ",performance_backtest_metrics,B06: Advances in Financial Machine Learning | B07: The Misbehavior of Markets | B10: The Most Important Thing,B11: Antifragile | B04: Thinking in Bets,"Marcos López de Prado, em Advances in Financial Machine Learning, reforça backtests sofrem risco de overfitting; Benoit Mandelbrot, em The Misbehavior of Markets, reforça retornos têm caudas gordas; Howard Marks, em The Most Important Thing, reforça risco é mais que volatilidade.","Sempre acrescentar: performance passada/backtest não garante resultado futuro; considerar custos, slippage, liquidez, impostos, overfitting e suitability."
JIM-LIT-0230,Harpian_JIM_N.docx,N2,N2.2. Por que não usar bonds?,"O argumento para bonds: renda previsível, menor volatilidade, correlação histórica negativa com ações (hedge natural), e função regulatória em portfólios institucionais (muitos mandatos exigem % em renda fixa como diversificação obrigatória). O caso contra para o contexto Harpian/Family Office: (i) A grande crise de bonds de 2022: a ascensão de inflação e alta de juros de 2022 produziu o pior ano da história para bonds americanos — AGG (Bloomberg Aggregate Bond) perdeu -13%, bonds de 20+ anos (T",macro_geopolitics,B08: Principles for Dealing with the Changing World Order | B13: The Only Game in Town | B09: The End of the World Is Just the Beginning,B12: World Order,"Ray Dalio, em Principles for Dealing with the Changing World Order, reforça ciclos de dívida e poder moldam retornos; Mohamed El-Erian, em The Only Game in Town, reforça bancos centrais alteram preços de ativos; Peter Zeihan, em The End of the World Is Just the Beginning, reforça demografia e cadeias globais afetam crescimento.","Usar macro como contexto, não como previsão determinística; evitar timing de mercado baseado em narrativa."
JIM-LIT-0231,Harpian_JIM_N.docx,N2,N2.3. Por que não usar hedge fund?,"O argumento para hedge funds: acesso a estratégias não correlacionadas, gestores de elite com performance comprovada, capacidade de short selling e uso de derivativos para proteção. O caso contra para o perfil de cliente Harpian: (i) Performance agregada decepcionante: o índice HFRI Fund Weighted Composite retornou em média 5,7% a.a. entre 2000–2023 — inferior ao S&P 500 no mesmo período após taxas. A narrativa de alpha de hedge funds é verdadeira para os top 10% e falsa para a média da indústri",performance_backtest_metrics,B06: Advances in Financial Machine Learning | B07: The Misbehavior of Markets | B10: The Most Important Thing,B11: Antifragile | B03: The Man Who Solved the Market,"Marcos López de Prado, em Advances in Financial Machine Learning, reforça backtests sofrem risco de overfitting; Benoit Mandelbrot, em The Misbehavior of Markets, reforça retornos têm caudas gordas; Howard Marks, em The Most Important Thing, reforça risco é mais que volatilidade.","Sempre acrescentar: performance passada/backtest não garante resultado futuro; considerar custos, slippage, liquidez, impostos, overfitting e suitability."
JIM-LIT-0232,Harpian_JIM_N.docx,N2,N2.4. Por que não usar private equity?,"O argumento para private equity: prêmio de iliquidez histórico de 3–5% a.a. acima do mercado público, acesso a empresas em fase de crescimento pré-IPO, possibilidade de value creation via gestão ativa. O caso contra para o contexto do produto Harpian: (i) Iliquidez estrutural: comprometimento de capital por 7–12 anos com zero liquidez intermediária. Incompatível com necessidades de liquidez de Family Offices com múltiplos beneficiários e obrigações correntes; (ii) J-curve: os primeiros 3–4 anos ",performance_backtest_metrics,B06: Advances in Financial Machine Learning | B07: The Misbehavior of Markets | B10: The Most Important Thing,B11: Antifragile,"Marcos López de Prado, em Advances in Financial Machine Learning, reforça backtests sofrem risco de overfitting; Benoit Mandelbrot, em The Misbehavior of Markets, reforça retornos têm caudas gordas; Howard Marks, em The Most Important Thing, reforça risco é mais que volatilidade.","Sempre acrescentar: performance passada/backtest não garante resultado futuro; considerar custos, slippage, liquidez, impostos, overfitting e suitability."
JIM-LIT-0233,Harpian_JIM_N.docx,N2,N2.5. Por que não usar CDI?,"O CDI (Certificado de Depósito Interbancário) é a taxa de referência de renda fixa brasileira — um dos investimentos mais populares no Brasil por sua combinação de liquidez, segurança e retorno nominal historicamente elevado. O caso para CDI é genuíno em determinados contextos: (i) Quando a taxa SELIC está em 10–14% a.a. e a inflação em 4–6%, o retorno real de CDI (4–10% a.a. real) é competitivo com ativos de risco de mercados desenvolvidos em termos de retorno ajustado ao risco; (ii) Liquidez D",performance_backtest_metrics,B06: Advances in Financial Machine Learning | B07: The Misbehavior of Markets | B10: The Most Important Thing,B11: Antifragile | B13: The Only Game in Town,"Marcos López de Prado, em Advances in Financial Machine Learning, reforça backtests sofrem risco de overfitting; Benoit Mandelbrot, em The Misbehavior of Markets, reforça retornos têm caudas gordas; Howard Marks, em The Most Important Thing, reforça risco é mais que volatilidade.","Sempre acrescentar: performance passada/backtest não garante resultado futuro; considerar custos, slippage, liquidez, impostos, overfitting e suitability."
JIM-LIT-0234,Harpian_JIM_N.docx,N2,N2.6. Por que não usar offshore tradicional?,"'Offshore tradicional' no contexto brasileiro geralmente refere-se a contas em bancos suíços, de Liechtenstein, luxemburgueses ou nas Ilhas Cayman, com gestão discricionária por private banker ou gestão em fundos de arquitetura aberta. O argumento para: acesso a gestores globais de elite, diversificação de jurisdição, privacidade (em declínio com CRS/FATCA), acesso a produtos não disponíveis no Brasil. O caso comparativo para Harpian vs. offshore tradicional: (i) Custo do private banker: Private",vehicle_tax_governance,B10: The Most Important Thing | B13: The Only Game in Town | B08: Principles for Dealing with the Changing World Order,B14: The Art of War | B05: The Mathematical Theory of Communication,"Howard Marks, em The Most Important Thing, reforça risco é mais que volatilidade; Mohamed El-Erian, em The Only Game in Town, reforça bancos centrais alteram preços de ativos; Ray Dalio, em Principles for Dealing with the Changing World Order, reforça ciclos de dívida e poder moldam retornos.",Não dar aconselhamento tributário/jurídico; indicar revisão por profissional qualificado conforme jurisdição.
JIM-LIT-0235,Harpian_JIM_N.docx,N3,N3.1. E se o cliente quiser ficar conservador?,"Se o cliente quer ficar conservador, ele pode estar completamente certo — ou pode estar cometendo o erro mais custoso de longo prazo, dependendo do contexto. Quando o cliente está certo em ser conservador: (i) Horizonte < 3 anos: com capital que precisará ser acessado em curto prazo, conservadorismo é matematicamente correto. O custo de um drawdown de 15% com horizonte de recuperação de 18 meses excede o benefício de maior retorno esperado; (ii) Alta necessidade de liquidez corrente: FO que dist",risk_number_suitability,B10: The Most Important Thing | B04: Thinking in Bets | B07: The Misbehavior of Markets,B11: Antifragile | B14: The Art of War,"Howard Marks, em The Most Important Thing, reforça risco é mais que volatilidade; Annie Duke, em Thinking in Bets, reforça boa decisão pode ter mau resultado; Benoit Mandelbrot, em The Misbehavior of Markets, reforça retornos têm caudas gordas.",Não tratar Risk Number como recomendação; é linguagem de alinhamento de risco e deve exigir revisão humana/suitability.
JIM-LIT-0236,Harpian_JIM_N.docx,N3,N3.2. E se ele não quiser risco?,"'Não querer risco' é uma preferência legítima que merece resposta honesta — não tentativa de persuasão para aumentar exposição. A resposta correta ao cliente que não quer risco: (i) Primeiro: validar a preferência. 'Não querer risco' é frequentemente expressão de experiência de perda anterior, obrigações familiares relevantes, ou fase de vida que justifica conservadorismo. Não é irracionalidade; (ii) Segundo: distinguir 'não querer risco de mercado' de 'não querer nenhum risco'. Todo ativo tem r",adversarial_failure_limits,B11: Antifragile | B07: The Misbehavior of Markets | B04: Thinking in Bets,B10: The Most Important Thing | B14: The Art of War,"Nassim Nicholas Taleb, em Antifragile, reforça sistemas frágeis quebram sob stress; Benoit Mandelbrot, em The Misbehavior of Markets, reforça retornos têm caudas gordas; Annie Duke, em Thinking in Bets, reforça boa decisão pode ter mau resultado.","Enfatizar limites, cenários de falha e ausência de garantia; escalar para humano quando envolver ação financeira."
JIM-LIT-0237,Harpian_JIM_N.docx,N3,N3.3. E se ele não confiar no modelo?,"Desconfiança em modelos quantitativos é uma postura intelectualmente saudável — não um obstáculo a ser superado por argumentação, mas um dado que revela como a conversa deve ser conduzida. O diagnóstico da desconfiança: (i) Desconfiança epistemológica: 'modelos falham — vi em 2008'. Resposta: o sistema TPT foi explicitamente desenhado para 2008. A questão não é 'o modelo falhará?' (todos falham eventualmente) mas 'como ele falha, com que frequência e com que custo?'; (ii) Desconfiança de incenti",behavioral_decision,B04: Thinking in Bets | B10: The Most Important Thing | B11: Antifragile,B05: The Mathematical Theory of Communication | B07: The Misbehavior of Markets,"Annie Duke, em Thinking in Bets, reforça boa decisão pode ter mau resultado; Howard Marks, em The Most Important Thing, reforça risco é mais que volatilidade; Nassim Nicholas Taleb, em Antifragile, reforça sistemas frágeis quebram sob stress.","Evitar aconselhamento pessoal; reforçar processo decisório, probabilidades e adequação ao perfil."
JIM-LIT-0238,Harpian_JIM_N.docx,N3,N3.4. E se ele não quiser sair do mercado?,"Esta é a situação de maior risco comportamental: o cliente compreende a estratégia, aceita o produto, mas quando o SGA ativa a defesa e o mercado ainda está 'subindo' ou 'só corrigindo', ele questiona ou resiste à saída. Os casos: (i) Falso positivo visível: o SGA foi para defensivo mas o mercado continuou subindo por mais 5%. O cliente vê 5% de perda de oportunidade e questiona o sistema. Resposta necessária: 'Esse é o custo esperado do seguro. Em 78% dos casos quando o SGA ativa, uma queda sig",risk_number_suitability,B10: The Most Important Thing | B04: Thinking in Bets | B07: The Misbehavior of Markets,B11: Antifragile | B01: Quantitative Momentum,"Howard Marks, em The Most Important Thing, reforça risco é mais que volatilidade; Annie Duke, em Thinking in Bets, reforça boa decisão pode ter mau resultado; Benoit Mandelbrot, em The Misbehavior of Markets, reforça retornos têm caudas gordas.",Não tratar Risk Number como recomendação; é linguagem de alinhamento de risco e deve exigir revisão humana/suitability.
JIM-LIT-0239,Harpian_JIM_N.docx,N3,N3.5. E se ele preferir simplicidade?,"A preferência por simplicidade é uma virtude, não uma deficiência — e merece ser respeitada com honestidade sobre o que a simplicidade custa e o que oferece. O argumento forte pela simplicidade: (i) Sistemas simples têm menos pontos de falha — menos variáveis para errar, menos parâmetros para deteriorar, menos camadas de custo; (ii) Simplicidade favorece a consistência comportamental: o investidor entende o que tem e por quê, reduzindo probabilidade de abandono em momentos adversos; (iii) A maio",adversarial_failure_limits,B11: Antifragile | B07: The Misbehavior of Markets | B04: Thinking in Bets,B10: The Most Important Thing | B14: The Art of War,"Nassim Nicholas Taleb, em Antifragile, reforça sistemas frágeis quebram sob stress; Benoit Mandelbrot, em The Misbehavior of Markets, reforça retornos têm caudas gordas; Annie Duke, em Thinking in Bets, reforça boa decisão pode ter mau resultado.","Enfatizar limites, cenários de falha e ausência de garantia; escalar para humano quando envolver ação financeira."
JIM-LIT-0240,Harpian_JIM_N.docx,N3,N3.6. E se ele aceitar menor retorno?,"Aceitar menor retorno é uma preferência completamente válida — mas requer diagnóstico preciso para determinar se é uma preferência genuína e sustentável ou uma inconsistência oculta. Quando aceitar menor retorno é consistente: (i) O CAGR mínimo necessário para atingir o objetivo financeiro é atingível com a estratégia mais conservadora — o Return Gap é zero ou negativo. Nesse caso, assumir mais risco seria desnecessário e irracional; (ii) A fase de vida do investidor não mais requer crescimento ",performance_backtest_metrics,B06: Advances in Financial Machine Learning | B07: The Misbehavior of Markets | B10: The Most Important Thing,B11: Antifragile,"Marcos López de Prado, em Advances in Financial Machine Learning, reforça backtests sofrem risco de overfitting; Benoit Mandelbrot, em The Misbehavior of Markets, reforça retornos têm caudas gordas; Howard Marks, em The Most Important Thing, reforça risco é mais que volatilidade.","Sempre acrescentar: performance passada/backtest não garante resultado futuro; considerar custos, slippage, liquidez, impostos, overfitting e suitability."
JIM-LIT-0241,Harpian_JIM_N.docx,N4,N4.1. E se o modelo parar de funcionar?,Que o modelo pode 'parar de funcionar' é uma das perguntas mais honestas que podem ser feitas sobre qualquer estratégia quantitativa — e a resposta exige integridade intelectual acima de defesa de produto. Como o modelo pode parar de funcionar: (i) Degradação gradual (mais provável): o alpha gerado pela estratégia se reduz progressivamente ao longo de anos conforme o prêmio de momentum é arbitrado por estratégias concorrentes. O CAGR vai de 39% → 25% → 15% → 10% ao longo de uma década sem que um,performance_backtest_metrics,B06: Advances in Financial Machine Learning | B07: The Misbehavior of Markets | B10: The Most Important Thing,B11: Antifragile | B01: Quantitative Momentum,"Marcos López de Prado, em Advances in Financial Machine Learning, reforça backtests sofrem risco de overfitting; Benoit Mandelbrot, em The Misbehavior of Markets, reforça retornos têm caudas gordas; Howard Marks, em The Most Important Thing, reforça risco é mais que volatilidade.","Sempre acrescentar: performance passada/backtest não garante resultado futuro; considerar custos, slippage, liquidez, impostos, overfitting e suitability."
JIM-LIT-0242,Harpian_JIM_N.docx,N4,N4.2. E se houver erro de execução?,Erros de execução são riscos operacionais mensuráveis que todo sistema de gestão de portfólio enfrenta. Os tipos e mitigações no ecossistema Harpian: Tipos de erro de execução: (i) Erro de ativo: ordem executada no ativo errado (ex.: XLK quando deveria ser XLY). Consequência: posição incorreta por 1 ciclo mensal; erro detectado na reconciliação diária; (ii) Erro de tamanho: posição maior ou menor que o target. Consequência: risco ligeiramente diferente do planejado; detectado no mesmo dia; (iii),adversarial_failure_limits,B11: Antifragile | B07: The Misbehavior of Markets | B04: Thinking in Bets,B10: The Most Important Thing | B14: The Art of War,"Nassim Nicholas Taleb, em Antifragile, reforça sistemas frágeis quebram sob stress; Benoit Mandelbrot, em The Misbehavior of Markets, reforça retornos têm caudas gordas; Annie Duke, em Thinking in Bets, reforça boa decisão pode ter mau resultado.","Enfatizar limites, cenários de falha e ausência de garantia; escalar para humano quando envolver ação financeira."
JIM-LIT-0243,Harpian_JIM_N.docx,N4,N4.3. E se houver mudança estrutural de mercado?,"Mudança estrutural de mercado é o risco de cauda mais subestimado em estratégias sistemáticas — é o risco de que o mercado do futuro seja qualitativamente diferente do mercado que o modelo aprendeu. Categorias de mudança estrutural relevante: (i) Dominância de IA em pricing: se algoritmos de machine learning com horizonte de milissegundos a dias dominarem o pricing de todos os ativos, os sinais de momentum mensais podem ser explorados antes que o sistema de baixa frequência possa agir. Evidência",momentum_regime_stormguard,B01: Quantitative Momentum | B02: Chaos and Order in the Capital Markets | B06: Advances in Financial Machine Learning,B07: The Misbehavior of Markets | B03: The Man Who Solved the Market,"Wesley Gray & Jack Vogel, em Quantitative Momentum, reforça momentum como prêmio persistente porém cíclico; Edgar Peters, em Chaos and Order in the Capital Markets, reforça mercados alternam ordem e caos; Marcos López de Prado, em Advances in Financial Machine Learning, reforça backtests sofrem risco de overfitting.",Não prometer proteção ou captura de tendências; explicar sinais como leitura probabilística de regime sujeita a falso positivo/falso negativo.
JIM-LIT-0244,Harpian_JIM_N.docx,N4,N4.4. E se houver erro no AlphaDroid?,"Erro no AlphaDroid pode ocorrer em múltiplos níveis: (i) Erro de dados: os dados de preço ou volume usados pelo algoritmo são incorretos — por falha do data provider, erro de ajuste de dividendos, ou evento corporativo não processado. Consequência: ranking de momentum calculado com dados errados, resultando em rotação para ativo incorreto; (ii) Erro de código/implementação: um bug na implementação dos filtros DEMA ou no cálculo do SGA produz sinais incorretos sistematicamente. Esse tipo de erro ",momentum_regime_stormguard,B01: Quantitative Momentum | B02: Chaos and Order in the Capital Markets | B06: Advances in Financial Machine Learning,B07: The Misbehavior of Markets | B03: The Man Who Solved the Market,"Wesley Gray & Jack Vogel, em Quantitative Momentum, reforça momentum como prêmio persistente porém cíclico; Edgar Peters, em Chaos and Order in the Capital Markets, reforça mercados alternam ordem e caos; Marcos López de Prado, em Advances in Financial Machine Learning, reforça backtests sofrem risco de overfitting.",Não prometer proteção ou captura de tendências; explicar sinais como leitura probabilística de regime sujeita a falso positivo/falso negativo.
JIM-LIT-0245,Harpian_JIM_N.docx,N4,N4.5. E se houver falha operacional?,"Falha operacional abrange riscos de infraestrutura e processo que afetam a capacidade da Harpian de operar o portfólio conforme planejado: (i) Falha de tecnologia: sistema de rebalanceamento inoperante no dia de execução. Mitigação: backups do sistema, procedimento de contingência para execução manual se necessário, SLA com IBKR para execução de emergência; (ii) Falha de conectividade: perda de acesso ao AlphaDroid (SumGrowth) no momento do rebalanceamento. Mitigação: protocolo de comunicação de",adversarial_failure_limits,B11: Antifragile | B07: The Misbehavior of Markets | B04: Thinking in Bets,B10: The Most Important Thing | B14: The Art of War,"Nassim Nicholas Taleb, em Antifragile, reforça sistemas frágeis quebram sob stress; Benoit Mandelbrot, em The Misbehavior of Markets, reforça retornos têm caudas gordas; Annie Duke, em Thinking in Bets, reforça boa decisão pode ter mau resultado.","Enfatizar limites, cenários de falha e ausência de garantia; escalar para humano quando envolver ação financeira."
JIM-LIT-0246,Harpian_JIM_N.docx,N4,N4.6. E se houver problema regulatório?,"O risco regulatório é o mais difícil de modelar quantitativamente — por natureza, é binário, não-linear e frequentemente sem aviso prévio. Categorias de risco regulatório: (i) Mudança na regulação do produto (Irlanda/Áustria): a FMA (regulador austríaco) ou o Central Bank of Ireland podem impor requisitos adicionais ao ETP — ex.: requisitos de capital, restrições de ativos subjacentes, obrigações de disclosure. Mitigação: Lynk Capital como Programme Administrator mantém compliance proativo com e",vehicle_tax_governance,B10: The Most Important Thing | B13: The Only Game in Town | B08: Principles for Dealing with the Changing World Order,B14: The Art of War | B11: Antifragile,"Howard Marks, em The Most Important Thing, reforça risco é mais que volatilidade; Mohamed El-Erian, em The Only Game in Town, reforça bancos centrais alteram preços de ativos; Ray Dalio, em Principles for Dealing with the Changing World Order, reforça ciclos de dívida e poder moldam retornos.",Não dar aconselhamento tributário/jurídico; indicar revisão por profissional qualificado conforme jurisdição.
JIM-LIT-0247,Harpian_JIM_v2.docx,A1,A1. O que significa o StormGuard estar positivo?,"O StormGuard-Armor (SGA) positivo indica que o índice composto de saúde estrutural do mercado está acima do limiar de referência (0%), sinalizando que os três componentes de análise — tendência de preço filtrada, momentum de volume institucional e sentimento de amplitude (novas máximas/mínimas) — convergem para uma leitura de regime favorável (risk-on). Na terminologia da TPT, um SGA positivo corresponde ao Estado 1 (Bull Trend) ou ao Estado 2 (Bull Correction), onde a estrutura de mercado supor",momentum_regime_stormguard,B01: Quantitative Momentum | B02: Chaos and Order in the Capital Markets | B06: Advances in Financial Machine Learning,B07: The Misbehavior of Markets | B03: The Man Who Solved the Market,"Wesley Gray & Jack Vogel, em Quantitative Momentum, reforça momentum como prêmio persistente porém cíclico; Edgar Peters, em Chaos and Order in the Capital Markets, reforça mercados alternam ordem e caos; Marcos López de Prado, em Advances in Financial Machine Learning, reforça backtests sofrem risco de overfitting.",Não prometer proteção ou captura de tendências; explicar sinais como leitura probabilística de regime sujeita a falso positivo/falso negativo.
JIM-LIT-0248,Harpian_JIM_v2.docx,A2,A2. O que muda quando ele vira negativo?,"Quando o SGA cruza abaixo do limiar de −0,6% mensal, o sistema inicia o protocolo de transição para postura defensiva em duas etapas: (i) Liquidação imediata parcial: aproximadamente 40% do risco do portfólio é liquidado no próprio dia da ativação do sinal — os ativos de maior risco e liquidez imediata são os primeiros a ser vendidos, reduzindo de imediato a exposição direcional; (ii) Liquidação residual: os 60% restantes são movidos para caixa ou ativos defensivos no próximo rebalanceamento de ",momentum_regime_stormguard,B01: Quantitative Momentum | B02: Chaos and Order in the Capital Markets | B06: Advances in Financial Machine Learning,B07: The Misbehavior of Markets | B03: The Man Who Solved the Market,"Wesley Gray & Jack Vogel, em Quantitative Momentum, reforça momentum como prêmio persistente porém cíclico; Edgar Peters, em Chaos and Order in the Capital Markets, reforça mercados alternam ordem e caos; Marcos López de Prado, em Advances in Financial Machine Learning, reforça backtests sofrem risco de overfitting.",Não prometer proteção ou captura de tendências; explicar sinais como leitura probabilística de regime sujeita a falso positivo/falso negativo.
JIM-LIT-0249,Harpian_JIM_v2.docx,A3,A3. Quanto tempo demora uma transição de regime?,"A duração de uma transição de regime tem dois componentes distintos: (i) Detecção: o SGA é calculado em tempo real, mas as decisões de transição são processadas com granularidade mensal, alinhadas ao calendário de rebalanceamento. A detecção ocorre quando o SGA cruzar o limiar em qualquer dia do mês — o sinal é válido imediatamente para a liquidação parcial (40%); (ii) Execução completa: a liquidação total do portfólio para caixa ocorre ao final do ciclo mensal em curso. Portanto, dependendo do ",momentum_regime_stormguard,B01: Quantitative Momentum | B02: Chaos and Order in the Capital Markets | B06: Advances in Financial Machine Learning,B07: The Misbehavior of Markets | B03: The Man Who Solved the Market,"Wesley Gray & Jack Vogel, em Quantitative Momentum, reforça momentum como prêmio persistente porém cíclico; Edgar Peters, em Chaos and Order in the Capital Markets, reforça mercados alternam ordem e caos; Marcos López de Prado, em Advances in Financial Machine Learning, reforça backtests sofrem risco de overfitting.",Não prometer proteção ou captura de tendências; explicar sinais como leitura probabilística de regime sujeita a falso positivo/falso negativo.
JIM-LIT-0250,Harpian_JIM_v2.docx,A4,A4. Quais indicadores alimentam o StormGuard?,O StormGuard-Armor é composto por três classes de indicadores distintas e ortogonais: (i) Tendência de Preço (Price Trend): utiliza filtros casados — especificamente DEMA (Double Exponential Moving Average) de 2ª ordem — aplicados ao índice de mercado de referência (S&P 500 e/ou índice ponderado do universo de ativos). Mede a direção e qualidade da tendência de preço filtrada de ruído; (ii) Momentum de Volume (Volume Momentum): integra dados de volume de negociação para inferir o comportamento d,momentum_regime_stormguard,B01: Quantitative Momentum | B02: Chaos and Order in the Capital Markets | B06: Advances in Financial Machine Learning,B07: The Misbehavior of Markets | B03: The Man Who Solved the Market,"Wesley Gray & Jack Vogel, em Quantitative Momentum, reforça momentum como prêmio persistente porém cíclico; Edgar Peters, em Chaos and Order in the Capital Markets, reforça mercados alternam ordem e caos; Marcos López de Prado, em Advances in Financial Machine Learning, reforça backtests sofrem risco de overfitting.",Não prometer proteção ou captura de tendências; explicar sinais como leitura probabilística de regime sujeita a falso positivo/falso negativo.
JIM-LIT-0251,Harpian_JIM_v2.docx,A5,A5. O StormGuard pode gerar falso positivo?,"Sim, e essa é uma realidade operacional que deve ser comunicada de forma transparente. Um falso positivo ocorre quando o SGA ativa o sinal defensivo (cruza abaixo de −0,6%) mas o mercado retoma sua trajetória de alta — ou seja, o sistema vai para caixa desnecessariamente. As condições mais propícias a falsos positivos são: (i) Correções rápidas e profundas dentro de bull markets (ex.: queda de 10–15% em 3–4 semanas seguida de recuperação imediata); (ii) Eventos geopolíticos ou macroeconômicos de",momentum_regime_stormguard,B01: Quantitative Momentum | B02: Chaos and Order in the Capital Markets | B06: Advances in Financial Machine Learning,B07: The Misbehavior of Markets | B03: The Man Who Solved the Market,"Wesley Gray & Jack Vogel, em Quantitative Momentum, reforça momentum como prêmio persistente porém cíclico; Edgar Peters, em Chaos and Order in the Capital Markets, reforça mercados alternam ordem e caos; Marcos López de Prado, em Advances in Financial Machine Learning, reforça backtests sofrem risco de overfitting.",Não prometer proteção ou captura de tendências; explicar sinais como leitura probabilística de regime sujeita a falso positivo/falso negativo.
JIM-LIT-0252,Harpian_JIM_v2.docx,A6,A6. Como o sistema diferencia ruído de sinal?,A diferenciação entre ruído e sinal é o problema central que a TPT resolve via teoria de filtragem ótima. A operacionalização ocorre em múltiplos níveis: (i) Filtragem temporal (DEMA de 2ª ordem): o filtro casado suprime componentes de alta frequência (ruído diário) e preserva componentes de baixa frequência (tendência real). A resposta de impulso do DEMA é matematicamente calibrada para maximizar a SNR para a frequência de oscilação característica de cada ativo; (ii) Threshold conservador no SG,momentum_regime_stormguard,B01: Quantitative Momentum | B02: Chaos and Order in the Capital Markets | B06: Advances in Financial Machine Learning,B07: The Misbehavior of Markets | B03: The Man Who Solved the Market,"Wesley Gray & Jack Vogel, em Quantitative Momentum, reforça momentum como prêmio persistente porém cíclico; Edgar Peters, em Chaos and Order in the Capital Markets, reforça mercados alternam ordem e caos; Marcos López de Prado, em Advances in Financial Machine Learning, reforça backtests sofrem risco de overfitting.",Não prometer proteção ou captura de tendências; explicar sinais como leitura probabilística de regime sujeita a falso positivo/falso negativo.
JIM-LIT-0253,Harpian_JIM_v2.docx,A7,A7. O que acontece com a carteira em Risk-Off?,"Em regime Risk-Off (SGA < −0,6%, Estado 4 — Bear Trend), o portfólio passa pelo seguinte protocolo: (i) Liquidação escalonada: 40% do risco é eliminado imediatamente no dia do sinal; 60% restante é liquidado no fim do ciclo mensal; (ii) Destino dos recursos: os recursos são movidos para caixa (instrumento monetário de alta liquidez e baixo risco, como T-bills ou equivalente) ou, em casos onde o sinal-ruído de ativos defensivos seja adequado, para um ativo defensivo qualificado (ex.: AGG — Bloomb",momentum_regime_stormguard,B01: Quantitative Momentum | B02: Chaos and Order in the Capital Markets | B06: Advances in Financial Machine Learning,B07: The Misbehavior of Markets | B03: The Man Who Solved the Market,"Wesley Gray & Jack Vogel, em Quantitative Momentum, reforça momentum como prêmio persistente porém cíclico; Edgar Peters, em Chaos and Order in the Capital Markets, reforça mercados alternam ordem e caos; Marcos López de Prado, em Advances in Financial Machine Learning, reforça backtests sofrem risco de overfitting.",Não prometer proteção ou captura de tendências; explicar sinais como leitura probabilística de regime sujeita a falso positivo/falso negativo.
JIM-LIT-0254,Harpian_JIM_v2.docx,A8,A8. Caixa é posição ou ausência de decisão?,"Caixa é, inequivocamente, uma posição ativa e deliberada. A confusão entre caixa como 'ausência de decisão' e caixa como 'posição estratégica' é um dos vieses comportamentais mais custosos em gestão de portfólio — documentado por Kahneman & Tversky (1979) como omission bias (tendência a avaliar perdas por inação como menos graves do que perdas por ação). Na TPT, caixa tem quatro propriedades estratégicas explícitas: (i) Preservação de capital composto: cada ponto percentual de perda evitada tem ",performance_backtest_metrics,B06: Advances in Financial Machine Learning | B07: The Misbehavior of Markets | B10: The Most Important Thing,B11: Antifragile | B04: Thinking in Bets,"Marcos López de Prado, em Advances in Financial Machine Learning, reforça backtests sofrem risco de overfitting; Benoit Mandelbrot, em The Misbehavior of Markets, reforça retornos têm caudas gordas; Howard Marks, em The Most Important Thing, reforça risco é mais que volatilidade.","Sempre acrescentar: performance passada/backtest não garante resultado futuro; considerar custos, slippage, liquidez, impostos, overfitting e suitability."
JIM-LIT-0255,Harpian_JIM_v2.docx,A9,A9. Qual o custo de sair cedo demais do mercado?,"O custo de sair cedo demais (falso positivo defensivo) se manifesta em três dimensões: (i) Custo de oportunidade direto: o portfólio perde o retorno do período em que permanece defensivo enquanto o mercado continua subindo. Se o SGA ativa a defesa prematuramente e o mercado sobe mais 8% antes de cair, esse 8% é custo de oportunidade; (ii) Custo de re-entrada: ao retornar ao mercado após o falso positivo, o portfólio entra a preços mais altos do que saiu — reduzindo o potencial de retorno do próx",performance_backtest_metrics,B06: Advances in Financial Machine Learning | B07: The Misbehavior of Markets | B10: The Most Important Thing,B11: Antifragile | B04: Thinking in Bets,"Marcos López de Prado, em Advances in Financial Machine Learning, reforça backtests sofrem risco de overfitting; Benoit Mandelbrot, em The Misbehavior of Markets, reforça retornos têm caudas gordas; Howard Marks, em The Most Important Thing, reforça risco é mais que volatilidade.","Sempre acrescentar: performance passada/backtest não garante resultado futuro; considerar custos, slippage, liquidez, impostos, overfitting e suitability."
JIM-LIT-0256,Harpian_JIM_v2.docx,A10,A10. Qual o custo de entrar atrasado?,O custo de entrar atrasado no ciclo de alta (após o sinal de retorno ao risco) também tem múltiplas dimensões: (i) Perda de retorno inicial de ciclo: os primeiros meses de uma retomada de bull market frequentemente concentram os maiores retornos — o sistema pode perder parte desse movimento ao aguardar confirmação mensal do SGA positivo; (ii) Impacto no CAGR de longo prazo: perder os melhores dias/semanas de mercado tem impacto desproporcionalmente negativo sobre o CAGR composto (estudos clássic,performance_backtest_metrics,B06: Advances in Financial Machine Learning | B07: The Misbehavior of Markets | B10: The Most Important Thing,B11: Antifragile | B01: Quantitative Momentum,"Marcos López de Prado, em Advances in Financial Machine Learning, reforça backtests sofrem risco de overfitting; Benoit Mandelbrot, em The Misbehavior of Markets, reforça retornos têm caudas gordas; Howard Marks, em The Most Important Thing, reforça risco é mais que volatilidade.","Sempre acrescentar: performance passada/backtest não garante resultado futuro; considerar custos, slippage, liquidez, impostos, overfitting e suitability."
JIM-LIT-0257,Harpian_JIM_v2.docx,B1,B1. Como o AlphaDroid escolhe setores?,"O AlphaDroid (motor analítico desenvolvido pela SumGrowth Strategies / Scott Juds) escolhe setores através de um processo de ranking de momentum filtrado aplicado sobre o universo de ativos pré-definido. O processo é: (i) Para cada ativo do universo, calcula-se o valor atual do filtro casado (DEMA de 2ª ordem) e sua derivada (taxa de variação) — o que mede não apenas a direção do momentum, mas sua aceleração; (ii) Os ativos são rankeados por força de momentum ajustada à SNR — ativos com sinal de",momentum_regime_stormguard,B01: Quantitative Momentum | B02: Chaos and Order in the Capital Markets | B06: Advances in Financial Machine Learning,B07: The Misbehavior of Markets | B03: The Man Who Solved the Market,"Wesley Gray & Jack Vogel, em Quantitative Momentum, reforça momentum como prêmio persistente porém cíclico; Edgar Peters, em Chaos and Order in the Capital Markets, reforça mercados alternam ordem e caos; Marcos López de Prado, em Advances in Financial Machine Learning, reforça backtests sofrem risco de overfitting.",Não prometer proteção ou captura de tendências; explicar sinais como leitura probabilística de regime sujeita a falso positivo/falso negativo.
JIM-LIT-0258,Harpian_JIM_v2.docx,B2,B2. O que define 'momentum forte'?,"Momentum forte, no contexto da TPT e AlphaDroid, é definido pela convergência de múltiplas propriedades do sinal: (i) DEMA positivo e inclinado para cima: o filtro casado está acima de zero e sua derivada é positiva — o sinal de tendência está estabelecido e acelerando; (ii) SNR elevado: a amplitude do sinal de tendência é significativamente maior do que a amplitude do ruído de fundo — o momentum é 'limpo' e confiável; (iii) Rank relativo superior: o ativo está no topo ou muito próximo do topo d",momentum_regime_stormguard,B01: Quantitative Momentum | B02: Chaos and Order in the Capital Markets | B06: Advances in Financial Machine Learning,B07: The Misbehavior of Markets | B03: The Man Who Solved the Market,"Wesley Gray & Jack Vogel, em Quantitative Momentum, reforça momentum como prêmio persistente porém cíclico; Edgar Peters, em Chaos and Order in the Capital Markets, reforça mercados alternam ordem e caos; Marcos López de Prado, em Advances in Financial Machine Learning, reforça backtests sofrem risco de overfitting.",Não prometer proteção ou captura de tendências; explicar sinais como leitura probabilística de regime sujeita a falso positivo/falso negativo.
JIM-LIT-0259,Harpian_JIM_v2.docx,B3,B3. Qual a frequência de rotação?,"A frequência padrão de rotação é mensal — os rebalanceamentos ocorrem ao final de cada mês, determinados pela Hurst Fingerprint Analysis. Essa escolha não é arbitrária: a análise do Expoente de Hurst para a maioria dos ativos no universo Harpian indica que a frequência de oscilação de momentum dominante se situa na banda temporal de 3–6 semanas — compatível com um ciclo mensal. Uma frequência maior (semanal) aumentaria o número de sinais capturados mas elevaria diretamente o custo de transação, ",momentum_regime_stormguard,B01: Quantitative Momentum | B02: Chaos and Order in the Capital Markets | B06: Advances in Financial Machine Learning,B07: The Misbehavior of Markets | B03: The Man Who Solved the Market,"Wesley Gray & Jack Vogel, em Quantitative Momentum, reforça momentum como prêmio persistente porém cíclico; Edgar Peters, em Chaos and Order in the Capital Markets, reforça mercados alternam ordem e caos; Marcos López de Prado, em Advances in Financial Machine Learning, reforça backtests sofrem risco de overfitting.",Não prometer proteção ou captura de tendências; explicar sinais como leitura probabilística de regime sujeita a falso positivo/falso negativo.
JIM-LIT-0260,Harpian_JIM_v2.docx,B4,B4. O sistema pode trocar ativos todos os dias?,"Não. O AlphaDroid, como implementado no ecossistema Harpian, é um sistema de momentum de baixa frequência com rebalanceamento mensal — por design. O sistema não executa operações intradiárias ou diárias por múltiplas razões estruturais: (i) Custo de transação: operações diárias em um portfólio institucional gerariam custos de corretagem, spreads bid-ask e impacto de mercado incompatíveis com a proposição de valor; (ii) Ruído vs. sinal: decisões baseadas em dados diários (sem filtragem adequada) ",performance_backtest_metrics,B06: Advances in Financial Machine Learning | B07: The Misbehavior of Markets | B10: The Most Important Thing,B11: Antifragile | B01: Quantitative Momentum,"Marcos López de Prado, em Advances in Financial Machine Learning, reforça backtests sofrem risco de overfitting; Benoit Mandelbrot, em The Misbehavior of Markets, reforça retornos têm caudas gordas; Howard Marks, em The Most Important Thing, reforça risco é mais que volatilidade.","Sempre acrescentar: performance passada/backtest não garante resultado futuro; considerar custos, slippage, liquidez, impostos, overfitting e suitability."
JIM-LIT-0261,Harpian_JIM_v2.docx,B5,B5. Como evitar overtrading?,O overtrading — excesso de rotações que destroem retorno via custos de transação e whipsaw — é evitado por mecanismos estruturais múltiplos no AlphaDroid: (i) Periodicidade mensal fixa: o sistema só pode executar rotações ao final de cada mês — elimina matematicamente qualquer possibilidade de overtrading intraperiodo; (ii) Filtro de persistência de posição: o ativo atual só é substituído se o novo líder de momentum superar o incumbente por uma margem mínima de diferença no ranking — evita rotaç,momentum_regime_stormguard,B01: Quantitative Momentum | B02: Chaos and Order in the Capital Markets | B06: Advances in Financial Machine Learning,B07: The Misbehavior of Markets | B03: The Man Who Solved the Market,"Wesley Gray & Jack Vogel, em Quantitative Momentum, reforça momentum como prêmio persistente porém cíclico; Edgar Peters, em Chaos and Order in the Capital Markets, reforça mercados alternam ordem e caos; Marcos López de Prado, em Advances in Financial Machine Learning, reforça backtests sofrem risco de overfitting.",Não prometer proteção ou captura de tendências; explicar sinais como leitura probabilística de regime sujeita a falso positivo/falso negativo.
JIM-LIT-0262,Harpian_JIM_v2.docx,B6,B6. O que acontece em sideways market?,"O sideways market (mercado lateral, sem tendência definida) é o ambiente mais desafiador para qualquer sistema de momentum — e o AlphaDroid não é exceção. Em condições laterais: (i) O sinal de momentum é fraco (SNR baixo): os filtros casados geram sinais de baixa amplitude, sem direção consistente — nenhum ativo no universo apresenta momentum forte o suficiente para justificar concentração plena; (ii) Risco de whipsaw aumentado: o SGA pode oscilar em torno do limiar de −0,6%, gerando potencialme",momentum_regime_stormguard,B01: Quantitative Momentum | B02: Chaos and Order in the Capital Markets | B06: Advances in Financial Machine Learning,B07: The Misbehavior of Markets | B03: The Man Who Solved the Market,"Wesley Gray & Jack Vogel, em Quantitative Momentum, reforça momentum como prêmio persistente porém cíclico; Edgar Peters, em Chaos and Order in the Capital Markets, reforça mercados alternam ordem e caos; Marcos López de Prado, em Advances in Financial Machine Learning, reforça backtests sofrem risco de overfitting.",Não prometer proteção ou captura de tendências; explicar sinais como leitura probabilística de regime sujeita a falso positivo/falso negativo.
JIM-LIT-0263,Harpian_JIM_v2.docx,B7,B7. Momentum funciona em bear market?,"Em bear markets sistêmicos, o momentum de setores de risco deixa de funcionar como estratégia de captura de retorno positivo — mas o momentum de ativos defensivos e de caixa continua operando. A distinção é crucial: (i) Durante bear markets, o SGA ativa proteção defensiva — o portfólio não está em modo de momentum de risco; (ii) O conceito de 'momentum funcionar' em bear market se aplica a ativos de refúgio: setores como utilities, saúde, bens de consumo não-cíclicos e títulos do governo podem a",momentum_regime_stormguard,B01: Quantitative Momentum | B02: Chaos and Order in the Capital Markets | B06: Advances in Financial Machine Learning,B07: The Misbehavior of Markets | B03: The Man Who Solved the Market,"Wesley Gray & Jack Vogel, em Quantitative Momentum, reforça momentum como prêmio persistente porém cíclico; Edgar Peters, em Chaos and Order in the Capital Markets, reforça mercados alternam ordem e caos; Marcos López de Prado, em Advances in Financial Machine Learning, reforça backtests sofrem risco de overfitting.",Não prometer proteção ou captura de tendências; explicar sinais como leitura probabilística de regime sujeita a falso positivo/falso negativo.
JIM-LIT-0264,Harpian_JIM_v2.docx,B8,B8. Como o sistema lida com reversões?,"Reversões de momentum — quando um ativo líder perde momentum abruptamente — são tratadas pelo sistema através de mecanismos distintos dependendo da escala temporal: (i) Reversão de curto prazo (intraperiodo): ignorada. O sistema não responde a movimentos dentro do ciclo mensal, evitando reações a ruído de curto prazo; (ii) Reversão de médio prazo (entre períodos): detectada pelo DEMA no ciclo de rebalanceamento seguinte. Se o ativo que era líder perdeu momentum no período, ele cai no ranking e o",momentum_regime_stormguard,B01: Quantitative Momentum | B02: Chaos and Order in the Capital Markets | B06: Advances in Financial Machine Learning,B07: The Misbehavior of Markets | B03: The Man Who Solved the Market,"Wesley Gray & Jack Vogel, em Quantitative Momentum, reforça momentum como prêmio persistente porém cíclico; Edgar Peters, em Chaos and Order in the Capital Markets, reforça mercados alternam ordem e caos; Marcos López de Prado, em Advances in Financial Machine Learning, reforça backtests sofrem risco de overfitting.",Não prometer proteção ou captura de tendências; explicar sinais como leitura probabilística de regime sujeita a falso positivo/falso negativo.
JIM-LIT-0265,Harpian_JIM_v2.docx,B9,B9. Existe concentração excessiva?,"A True Sector Rotation implica, por definição, concentração em um único ativo ou setor — o que contraria a diversificação passiva da MPT. Se isso constitui 'concentração excessiva' depende do framework de avaliação: (i) Sob a ótica MPT: sim, é concentração. A teoria de Markowitz penaliza portfólios não diversificados por maior variância; (ii) Sob a ótica TPT: não é excessiva — é concentração intencional no sinal de maior qualidade, com proteção de regime (SGA) como substituto funcional da divers",momentum_regime_stormguard,B01: Quantitative Momentum | B02: Chaos and Order in the Capital Markets | B06: Advances in Financial Machine Learning,B07: The Misbehavior of Markets | B03: The Man Who Solved the Market,"Wesley Gray & Jack Vogel, em Quantitative Momentum, reforça momentum como prêmio persistente porém cíclico; Edgar Peters, em Chaos and Order in the Capital Markets, reforça mercados alternam ordem e caos; Marcos López de Prado, em Advances in Financial Machine Learning, reforça backtests sofrem risco de overfitting.",Não prometer proteção ou captura de tendências; explicar sinais como leitura probabilística de regime sujeita a falso positivo/falso negativo.
JIM-LIT-0266,Harpian_JIM_v2.docx,B10,B10. Qual o limite de exposição por setor?,"Na arquitetura da True Sector Rotation, não há limite máximo de exposição por setor dentro da estratégia em si — a posição pode ser 100% em um único setor quando ele ocupa o topo do ranking de momentum com alta SNR. Isso é intencional: diversificar artificialmente em setores de menor momentum diluiria o retorno sem reduzir o risco sistemático (que em crises converge para 1 independentemente de quantos setores se está investido). Os limites existem em outros níveis da arquitetura: (i) Nível de po",momentum_regime_stormguard,B01: Quantitative Momentum | B02: Chaos and Order in the Capital Markets | B06: Advances in Financial Machine Learning,B07: The Misbehavior of Markets | B03: The Man Who Solved the Market,"Wesley Gray & Jack Vogel, em Quantitative Momentum, reforça momentum como prêmio persistente porém cíclico; Edgar Peters, em Chaos and Order in the Capital Markets, reforça mercados alternam ordem e caos; Marcos López de Prado, em Advances in Financial Machine Learning, reforça backtests sofrem risco de overfitting.",Não prometer proteção ou captura de tendências; explicar sinais como leitura probabilística de regime sujeita a falso positivo/falso negativo.
JIM-LIT-0267,Harpian_JIM_v2.docx,C1,C1. O que é Alignment Score exatamente?,"O Alignment Score é a métrica central do HRD Engine que quantifica o grau de alinhamento entre o portfólio real do cliente e seu perfil de risco-retorno otimizado. Mais precisamente, é uma pontuação composta (escala 0–100, onde 100 = alinhamento perfeito) que integra múltiplas dimensões de compatibilidade entre o que o cliente tem e o que ele deveria ter dado seu perfil. Não é uma métrica de performance (não mede se o portfólio está ganhando ou perdendo) — é uma métrica de adequação estrutural. ",risk_number_suitability,B10: The Most Important Thing | B04: Thinking in Bets | B07: The Misbehavior of Markets,B11: Antifragile | B06: Advances in Financial Machine Learning,"Howard Marks, em The Most Important Thing, reforça risco é mais que volatilidade; Annie Duke, em Thinking in Bets, reforça boa decisão pode ter mau resultado; Benoit Mandelbrot, em The Misbehavior of Markets, reforça retornos têm caudas gordas.",Não tratar Risk Number como recomendação; é linguagem de alinhamento de risco e deve exigir revisão humana/suitability.
JIM-LIT-0268,Harpian_JIM_v2.docx,C2,C2. Como ele é calculado?,"O Alignment Score é calculado como uma função composta ponderada de múltiplos sub-scores, cada um medindo uma dimensão específica de alinhamento: (i) Risk Fit Score: distância entre Risk Number do portfólio atual e Risk Number target do investidor — normalizada em escala 0–100; (ii) Return Gap Score: diferença entre CAGR histórico projetado da estratégia atual e retorno necessário para atingir o objetivo financeiro — normalizada; (iii) Horizon Gap Score: compatibilidade entre o prazo de investim",risk_number_suitability,B10: The Most Important Thing | B04: Thinking in Bets | B07: The Misbehavior of Markets,B11: Antifragile | B06: Advances in Financial Machine Learning,"Howard Marks, em The Most Important Thing, reforça risco é mais que volatilidade; Annie Duke, em Thinking in Bets, reforça boa decisão pode ter mau resultado; Benoit Mandelbrot, em The Misbehavior of Markets, reforça retornos têm caudas gordas.",Não tratar Risk Number como recomendação; é linguagem de alinhamento de risco e deve exigir revisão humana/suitability.
JIM-LIT-0269,Harpian_JIM_v2.docx,C3,C3. Qual o peso de cada variável?,A estrutura de pesos do Alignment Score reflete a hierarquia de criticidade de cada dimensão para o outcome do investidor: (i) Risk Fit Score: peso aproximado 35% — é a variável com maior impacto comportamental; um portfólio muito mais arriscado do que o tolerado tende a gerar panic selling no pior momento; (ii) Return Gap Score: peso aproximado 30% — é a variável com maior impacto sobre atingimento de objetivos; um portfólio muito conservador matematicamente falha em atingir as metas de longo p,risk_number_suitability,B10: The Most Important Thing | B04: Thinking in Bets | B07: The Misbehavior of Markets,B11: Antifragile | B05: The Mathematical Theory of Communication,"Howard Marks, em The Most Important Thing, reforça risco é mais que volatilidade; Annie Duke, em Thinking in Bets, reforça boa decisão pode ter mau resultado; Benoit Mandelbrot, em The Misbehavior of Markets, reforça retornos têm caudas gordas.",Não tratar Risk Number como recomendação; é linguagem de alinhamento de risco e deve exigir revisão humana/suitability.
JIM-LIT-0270,Harpian_JIM_v2.docx,C4,C4. O que causa desalinhamento?,"O desalinhamento pode ter origens estruturais, temporais ou comportamentais: (i) Drift de risco: o portfólio foi construído alinhado, mas ao longo do tempo alguns ativos apreciaram mais que outros, alterando os pesos e o Risk Number efetivo do portfólio sem decisão ativa — clássico problema de 'equity drift' em períodos de alta; (ii) Mudança de perfil do cliente: o investidor mudou (aposentadoria, nascimento de filho, mudança de renda, herança) mas o portfólio não foi revisado; (iii) Adição de n",risk_number_suitability,B10: The Most Important Thing | B04: Thinking in Bets | B07: The Misbehavior of Markets,B11: Antifragile,"Howard Marks, em The Most Important Thing, reforça risco é mais que volatilidade; Annie Duke, em Thinking in Bets, reforça boa decisão pode ter mau resultado; Benoit Mandelbrot, em The Misbehavior of Markets, reforça retornos têm caudas gordas.",Não tratar Risk Number como recomendação; é linguagem de alinhamento de risco e deve exigir revisão humana/suitability.
JIM-LIT-0271,Harpian_JIM_v2.docx,C5,C5. Como medir desalinhamento ao longo do tempo?,"O desalinhamento deve ser monitorado de forma contínua através de múltiplos mecanismos: (i) Tracking periódico do Alignment Score: cálculo automatizado em cada ciclo de rebalanceamento (mensal); alertas quando o score cai abaixo de threshold pré-definido (ex.: < 70); (ii) Monitoramento de Risk Number drift: comparação do Risk Number atual do portfólio vs. Risk Number target, com visualização da trajetória histórica do desvio; (iii) Return Gap evolution: acompanhamento da diferença entre retorno ",risk_number_suitability,B10: The Most Important Thing | B04: Thinking in Bets | B07: The Misbehavior of Markets,B11: Antifragile | B06: Advances in Financial Machine Learning,"Howard Marks, em The Most Important Thing, reforça risco é mais que volatilidade; Annie Duke, em Thinking in Bets, reforça boa decisão pode ter mau resultado; Benoit Mandelbrot, em The Misbehavior of Markets, reforça retornos têm caudas gordas.",Não tratar Risk Number como recomendação; é linguagem de alinhamento de risco e deve exigir revisão humana/suitability.
JIM-LIT-0272,Harpian_JIM_v2.docx,C6,C6. O desalinhamento pode ser intencional?,"Sim, o desalinhamento pode ser intencional e justificado em contextos específicos. Situações em que o desalinhamento consciente é defensável: (i) Oportunidade tática transitória: o investidor identificou uma oportunidade de curto prazo fora do seu perfil habitual, com horizonte e tamanho de posição claramente delimitados; (ii) Perfil de risco em transição: o investidor está deliberadamente migrando de um perfil de risco para outro (ex.: reduzindo risco progressivamente na aproximação da aposenta",risk_number_suitability,B10: The Most Important Thing | B04: Thinking in Bets | B07: The Misbehavior of Markets,B11: Antifragile | B14: The Art of War,"Howard Marks, em The Most Important Thing, reforça risco é mais que volatilidade; Annie Duke, em Thinking in Bets, reforça boa decisão pode ter mau resultado; Benoit Mandelbrot, em The Misbehavior of Markets, reforça retornos têm caudas gordas.",Não tratar Risk Number como recomendação; é linguagem de alinhamento de risco e deve exigir revisão humana/suitability.
JIM-LIT-0273,Harpian_JIM_v2.docx,C7,C7. O que é Return Gap?,Return Gap é a diferença entre o retorno anualizado que o portfólio atual está posicionado para gerar (CAGR projetado com base em dados históricos e regime atual) e o retorno anualizado necessário para atingir o objetivo financeiro declarado do cliente dentro do horizonte definido. Formalmente: Return Gap = CAGR_necessário − CAGR_projetado_portfólio. Um Return Gap positivo indica déficit de retorno: o portfólio atual é insuficiente para atingir a meta — o cliente assumirá Risco de Destino (proba,performance_backtest_metrics,B06: Advances in Financial Machine Learning | B07: The Misbehavior of Markets | B10: The Most Important Thing,B11: Antifragile,"Marcos López de Prado, em Advances in Financial Machine Learning, reforça backtests sofrem risco de overfitting; Benoit Mandelbrot, em The Misbehavior of Markets, reforça retornos têm caudas gordas; Howard Marks, em The Most Important Thing, reforça risco é mais que volatilidade.","Sempre acrescentar: performance passada/backtest não garante resultado futuro; considerar custos, slippage, liquidez, impostos, overfitting e suitability."
JIM-LIT-0274,Harpian_JIM_v2.docx,C8,C8. Como calcular o retorno necessário?,O retorno necessário (CAGR_necessário) é calculado resolvendo a equação de valor futuro com aportes para o CAGR: Sem aportes: CAGR_necessário = (Capital_Final / Capital_Inicial)^(1/n) − 1. Com aportes periódicos constantes (Anuidade): Capital_Final = Capital_Inicial × (1+r)^n + Aporte × [(1+r)^n − 1] / r. Essa equação não tem solução analítica fechada para r quando há aportes — deve ser resolvida numericamente (método de Newton-Raphson ou bisseção). Inputs necessários: (i) Capital_Inicial: patri,performance_backtest_metrics,B06: Advances in Financial Machine Learning | B07: The Misbehavior of Markets | B10: The Most Important Thing,B11: Antifragile,"Marcos López de Prado, em Advances in Financial Machine Learning, reforça backtests sofrem risco de overfitting; Benoit Mandelbrot, em The Misbehavior of Markets, reforça retornos têm caudas gordas; Howard Marks, em The Most Important Thing, reforça risco é mais que volatilidade.","Sempre acrescentar: performance passada/backtest não garante resultado futuro; considerar custos, slippage, liquidez, impostos, overfitting e suitability."
JIM-LIT-0275,Harpian_JIM_v2.docx,C9,C9. O que é Risk Fit Score?,"Risk Fit Score é o sub-score do Alignment Score que quantifica especificamente a distância entre o Risk Number efetivo do portfólio atual e o Risk Number target do investidor (derivado do questionário de tolerância e capacidade de risco). Formalmente: Risk_Fit_Score = 100 − f(|RN_portfólio − RN_target|), onde f é uma função de penalização que pode ser linear, quadrática ou sigmóide dependendo da implementação. Um Risk Fit Score de 100 indica alinhamento perfeito de risco; scores abaixo de 70 ind",risk_number_suitability,B10: The Most Important Thing | B04: Thinking in Bets | B07: The Misbehavior of Markets,B11: Antifragile,"Howard Marks, em The Most Important Thing, reforça risco é mais que volatilidade; Annie Duke, em Thinking in Bets, reforça boa decisão pode ter mau resultado; Benoit Mandelbrot, em The Misbehavior of Markets, reforça retornos têm caudas gordas.",Não tratar Risk Number como recomendação; é linguagem de alinhamento de risco e deve exigir revisão humana/suitability.
JIM-LIT-0276,Harpian_JIM_v2.docx,C10,C10. O que é Horizon Gap?,Horizon Gap é a incompatibilidade entre o horizonte de investimento declarado pelo cliente e as características temporais dos ativos do portfólio — especialmente a janela de tempo necessária para recuperação de drawdowns esperados. Formalmente: Horizon_Gap = Horizonte_disponível − Drawdown_Duration_esperado_do_portfólio. Um Horizon Gap positivo indica que o cliente tem tempo suficiente para se recuperar do pior drawdown histórico da estratégia antes do prazo da meta financeira. Um Horizon Gap ne,performance_backtest_metrics,B06: Advances in Financial Machine Learning | B07: The Misbehavior of Markets | B10: The Most Important Thing,B11: Antifragile | B04: Thinking in Bets,"Marcos López de Prado, em Advances in Financial Machine Learning, reforça backtests sofrem risco de overfitting; Benoit Mandelbrot, em The Misbehavior of Markets, reforça retornos têm caudas gordas; Howard Marks, em The Most Important Thing, reforça risco é mais que volatilidade.","Sempre acrescentar: performance passada/backtest não garante resultado futuro; considerar custos, slippage, liquidez, impostos, overfitting e suitability."
JIM-LIT-0277,Harpian_JIM_v2.docx,D1,D1. O que acontece se eu mudar 10% para HPC22?,"Ao realocar 10% do portfólio para HPC22, as mudanças esperadas no perfil de risco-retorno são: (i) Aumento de Risk Number: se o portfólio atual tem RN 35 e HPC22 tem RN 39, a adição de 10% de HPC22 eleva o RN do portfólio em aproximadamente 0,4 pontos (peso × delta_RN = 0,10 × 4); (ii) Melhoria de CAGR projetado: dado CAGR histórico de HPC22 de ~39% e CAGR médio do portfólio atual de X%, o impacto no CAGR total é ~0,10 × (39% − X%); (iii) Aumento de max drawdown: a contribuição de HPC22 para o m",performance_backtest_metrics,B06: Advances in Financial Machine Learning | B07: The Misbehavior of Markets | B10: The Most Important Thing,B11: Antifragile | B01: Quantitative Momentum,"Marcos López de Prado, em Advances in Financial Machine Learning, reforça backtests sofrem risco de overfitting; Benoit Mandelbrot, em The Misbehavior of Markets, reforça retornos têm caudas gordas; Howard Marks, em The Most Important Thing, reforça risco é mais que volatilidade.","Sempre acrescentar: performance passada/backtest não garante resultado futuro; considerar custos, slippage, liquidez, impostos, overfitting e suitability."
JIM-LIT-0278,Harpian_JIM_v2.docx,D2,D2. Como o risco muda com essa alocação?,"A mudança de risco com a adição de 10% de HPC22 ao portfólio é calculada pelo simulador em três camadas: (i) Risco de volatilidade (desvio padrão de portfólio): σ²_p_novo = σ²_p_atual × 0,90² + σ²_HPC22 × 0,10² + 2 × 0,90 × 0,10 × σ_p_atual × σ_HPC22 × ρ. Se ρ (correlação entre portfólio atual e HPC22) é moderada (ex.: 0,6 em bull markets), o impacto no desvio padrão é amortecido; (ii) Risco de drawdown: o max drawdown esperado aumenta proporcionalmente à alocação em HPC22, mas o efeito é não-li",momentum_regime_stormguard,B01: Quantitative Momentum | B02: Chaos and Order in the Capital Markets | B06: Advances in Financial Machine Learning,B07: The Misbehavior of Markets | B03: The Man Who Solved the Market,"Wesley Gray & Jack Vogel, em Quantitative Momentum, reforça momentum como prêmio persistente porém cíclico; Edgar Peters, em Chaos and Order in the Capital Markets, reforça mercados alternam ordem e caos; Marcos López de Prado, em Advances in Financial Machine Learning, reforça backtests sofrem risco de overfitting.",Não prometer proteção ou captura de tendências; explicar sinais como leitura probabilística de regime sujeita a falso positivo/falso negativo.
JIM-LIT-0279,Harpian_JIM_v2.docx,D3,D3. Qual impacto no drawdown?,"O impacto no drawdown da adição de 10% de HPC22 é analisado em múltiplos cenários: (i) Cenário base (bull market): em condições de mercado favoráveis com SGA positivo, HPC22 contribui positivamente ao portfólio sem adicionar drawdown significativo; (ii) Cenário de correção (−15% no mercado): HPC22 historicamente sofre drawdown de ~15–20% em correções moderadas (correlação com mercado moderada). Impacto no portfólio: ~0,10 × 15–20% = 1,5–2% de drawdown adicional; (iii) Cenário de bear market seve",performance_backtest_metrics,B06: Advances in Financial Machine Learning | B07: The Misbehavior of Markets | B10: The Most Important Thing,B11: Antifragile | B01: Quantitative Momentum,"Marcos López de Prado, em Advances in Financial Machine Learning, reforça backtests sofrem risco de overfitting; Benoit Mandelbrot, em The Misbehavior of Markets, reforça retornos têm caudas gordas; Howard Marks, em The Most Important Thing, reforça risco é mais que volatilidade.","Sempre acrescentar: performance passada/backtest não garante resultado futuro; considerar custos, slippage, liquidez, impostos, overfitting e suitability."
JIM-LIT-0280,Harpian_JIM_v2.docx,D4,D4. Qual impacto no prazo do objetivo?,"O impacto da mudança de alocação no prazo do objetivo é calculado resolvendo a equação de valor futuro antes e depois da mudança: Se o portfólio atual tem CAGR projetado de 9% e o cliente precisa de 12% para atingir sua meta em 15 anos, a adição de 10% de HPC22 (CAGR histórico ~39%) incrementa o CAGR do portfólio em aproximadamente 3 pontos (0,10 × 30%), elevando o CAGR projetado para ~12% — fechando o Return Gap sem adicionar risco excessivo ao portfólio global. Em termos de prazo: se o CAGR at",performance_backtest_metrics,B06: Advances in Financial Machine Learning | B07: The Misbehavior of Markets | B10: The Most Important Thing,B11: Antifragile,"Marcos López de Prado, em Advances in Financial Machine Learning, reforça backtests sofrem risco de overfitting; Benoit Mandelbrot, em The Misbehavior of Markets, reforça retornos têm caudas gordas; Howard Marks, em The Most Important Thing, reforça risco é mais que volatilidade.","Sempre acrescentar: performance passada/backtest não garante resultado futuro; considerar custos, slippage, liquidez, impostos, overfitting e suitability."
JIM-LIT-0281,Harpian_JIM_v2.docx,D5,D5. Como o sistema calcula essa simulação?,"O motor de simulação do HRD Engine opera inteiramente no lado do cliente (client-side JavaScript, recalculação < 100ms por especificação de sistema) e executa os seguintes cálculos: (i) Composição do novo portfólio: rebalanceamento dos pesos de acordo com a alocação proposta; (ii) Risk Number do portfólio combinado: calculado via VaR paramétrico de portfólio com matriz de correlação histórica entre os componentes; (iii) CAGR projetado: média ponderada dos CAGRs históricos dos componentes, ajusta",performance_backtest_metrics,B06: Advances in Financial Machine Learning | B07: The Misbehavior of Markets | B10: The Most Important Thing,B11: Antifragile,"Marcos López de Prado, em Advances in Financial Machine Learning, reforça backtests sofrem risco de overfitting; Benoit Mandelbrot, em The Misbehavior of Markets, reforça retornos têm caudas gordas; Howard Marks, em The Most Important Thing, reforça risco é mais que volatilidade.","Sempre acrescentar: performance passada/backtest não garante resultado futuro; considerar custos, slippage, liquidez, impostos, overfitting e suitability."
JIM-LIT-0282,Harpian_JIM_v2.docx,D6,D6. A simulação considera correlação?,"Sim, a correlação entre os componentes do portfólio é um input fundamental da simulação. A implementação distingue dois regimes de correlação: (i) Correlação histórica condicional em bull market (correlação normal): estimada com dados históricos filtrados para períodos de regime bull — captura a diversificação genuína entre componentes em condições normais de mercado; (ii) Correlação histórica condicional em bear market (correlação de crise): estimada com dados históricos filtrados para períodos",momentum_regime_stormguard,B01: Quantitative Momentum | B02: Chaos and Order in the Capital Markets | B06: Advances in Financial Machine Learning,B07: The Misbehavior of Markets | B03: The Man Who Solved the Market,"Wesley Gray & Jack Vogel, em Quantitative Momentum, reforça momentum como prêmio persistente porém cíclico; Edgar Peters, em Chaos and Order in the Capital Markets, reforça mercados alternam ordem e caos; Marcos López de Prado, em Advances in Financial Machine Learning, reforça backtests sofrem risco de overfitting.",Não prometer proteção ou captura de tendências; explicar sinais como leitura probabilística de regime sujeita a falso positivo/falso negativo.
JIM-LIT-0283,Harpian_JIM_v2.docx,D7,D7. Considera regime?,"Sim, o regime atual de mercado (determinado pelo SGA) é incorporado na simulação de múltiplas formas: (i) CAGR projetado ajustado ao regime: em regime bull (SGA positivo), a projeção de CAGR usa os retornos históricos em períodos bull; em regime neutro ou bear, a projeção é ajustada para baixo para refletir a postura defensiva do sistema; (ii) Probabilidade de transição de regime: a simulação pode incorporar a probabilidade estimada de transição de regime durante o horizonte de simulação, especi",momentum_regime_stormguard,B01: Quantitative Momentum | B02: Chaos and Order in the Capital Markets | B06: Advances in Financial Machine Learning,B07: The Misbehavior of Markets | B03: The Man Who Solved the Market,"Wesley Gray & Jack Vogel, em Quantitative Momentum, reforça momentum como prêmio persistente porém cíclico; Edgar Peters, em Chaos and Order in the Capital Markets, reforça mercados alternam ordem e caos; Marcos López de Prado, em Advances in Financial Machine Learning, reforça backtests sofrem risco de overfitting.",Não prometer proteção ou captura de tendências; explicar sinais como leitura probabilística de regime sujeita a falso positivo/falso negativo.
JIM-LIT-0284,Harpian_JIM_v2.docx,D8,D8. Considera RAF?,"O RAF (Risk Acceleration Factor) é considerado na simulação de forma implícita e explícita: (i) Implicitamente, via correlação de crise: a matriz de correlação condicional em bear market captura o efeito de aceleração de correlação que o RAF mede — ativos com RAF alto têm correlação de crise próxima de 1 com o mercado, enquanto ativos com RAF baixo mantêm correlação moderada mesmo em stress; (ii) Explicitamente, na Not Touch List: ativos com RAF acima do threshold de aceitação são excluídos do u",performance_backtest_metrics,B06: Advances in Financial Machine Learning | B07: The Misbehavior of Markets | B10: The Most Important Thing,B11: Antifragile | B01: Quantitative Momentum,"Marcos López de Prado, em Advances in Financial Machine Learning, reforça backtests sofrem risco de overfitting; Benoit Mandelbrot, em The Misbehavior of Markets, reforça retornos têm caudas gordas; Howard Marks, em The Most Important Thing, reforça risco é mais que volatilidade.","Sempre acrescentar: performance passada/backtest não garante resultado futuro; considerar custos, slippage, liquidez, impostos, overfitting e suitability."
JIM-LIT-0285,Harpian_JIM_v2.docx,D9,D9. Qual a margem de erro?,"A margem de erro da simulação tem múltiplos componentes que devem ser comunicados explicitamente: (i) Incerteza de modelo: o modelo paramétrico de VaR assume distribuição normal com caudas que subestimam eventos extremos; a margem de erro nos percentis extremos (< 5%) pode ser de 20–40% em relação ao risco real de cauda; (ii) Instabilidade de parâmetros: correlações e volatilidades são estimadas com dados históricos — em períodos de quebra de regime, esses parâmetros mudam substancialmente e as ",performance_backtest_metrics,B06: Advances in Financial Machine Learning | B07: The Misbehavior of Markets | B10: The Most Important Thing,B11: Antifragile,"Marcos López de Prado, em Advances in Financial Machine Learning, reforça backtests sofrem risco de overfitting; Benoit Mandelbrot, em The Misbehavior of Markets, reforça retornos têm caudas gordas; Howard Marks, em The Most Important Thing, reforça risco é mais que volatilidade.","Sempre acrescentar: performance passada/backtest não garante resultado futuro; considerar custos, slippage, liquidez, impostos, overfitting e suitability."
JIM-LIT-0286,Harpian_JIM_v2.docx,D10,D10. Como interpretar o resultado?,"A interpretação correta do resultado da simulação segue uma hierarquia de leitura: (i) Primeiro: Alignment Score resultante — o portfólio proposto é mais ou menos alinhado ao perfil do cliente? Se o Alignment Score melhora (ex.: de 62 para 78), a mudança tem justificativa estrutural clara; (ii) Segundo: Risk Gap — o novo Risk Number está mais próximo do Risk Number target? Se sim, a mudança reduz risco comportamental (panic selling); (iii) Terceiro: Return Gap — o CAGR projetado do novo portfóli",risk_number_suitability,B10: The Most Important Thing | B04: Thinking in Bets | B07: The Misbehavior of Markets,B11: Antifragile | B06: Advances in Financial Machine Learning,"Howard Marks, em The Most Important Thing, reforça risco é mais que volatilidade; Annie Duke, em Thinking in Bets, reforça boa decisão pode ter mau resultado; Benoit Mandelbrot, em The Misbehavior of Markets, reforça retornos têm caudas gordas.",Não tratar Risk Number como recomendação; é linguagem de alinhamento de risco e deve exigir revisão humana/suitability.
JIM-LIT-0287,Harpian_JIM_v2.docx,E1,E1. O que mudou hoje no meu portfólio?,"O diagnóstico diário do portfólio deve identificar mudanças em quatro dimensões: (i) Mudança de valor: variação de NAV (em % e em USD/BRL equivalente) desde o fechamento anterior — decomposta por contribuição de cada ativo (atribuição de performance); (ii) Mudança de Risk Number: se as variações de preço alteraram os pesos dos componentes, o Risk Number efetivo do portfólio pode ter mudado — ativos que subiram muito aumentaram seu peso relativo e podem ter elevado o RN; (iii) Mudança de indicado",risk_number_suitability,B10: The Most Important Thing | B04: Thinking in Bets | B07: The Misbehavior of Markets,B11: Antifragile | B01: Quantitative Momentum,"Howard Marks, em The Most Important Thing, reforça risco é mais que volatilidade; Annie Duke, em Thinking in Bets, reforça boa decisão pode ter mau resultado; Benoit Mandelbrot, em The Misbehavior of Markets, reforça retornos têm caudas gordas.",Não tratar Risk Number como recomendação; é linguagem de alinhamento de risco e deve exigir revisão humana/suitability.
JIM-LIT-0288,Harpian_JIM_v2.docx,E2,E2. Qual ativo mais impactou meu risco?,"A análise de contribuição de risco (risk attribution) decompõe o Risk Number total do portfólio por ativo, identificando qual componente tem a maior contribuição marginal ao risco total. A metodologia: (i) Contribuição de variância: Contribuição_i = w_i × (Cov_i,p / σ²_p), onde w_i é o peso do ativo, Cov_i,p é a covariância entre o ativo i e o portfólio total, e σ²_p é a variância do portfólio. Ativos com maior peso E maior correlação com o portfólio total têm a maior contribuição de risco; (ii)",adversarial_failure_limits,B11: Antifragile | B07: The Misbehavior of Markets | B04: Thinking in Bets,B10: The Most Important Thing | B14: The Art of War,"Nassim Nicholas Taleb, em Antifragile, reforça sistemas frágeis quebram sob stress; Benoit Mandelbrot, em The Misbehavior of Markets, reforça retornos têm caudas gordas; Annie Duke, em Thinking in Bets, reforça boa decisão pode ter mau resultado.","Enfatizar limites, cenários de falha e ausência de garantia; escalar para humano quando envolver ação financeira."
JIM-LIT-0289,Harpian_JIM_v2.docx,E3,E3. Meu risco subiu — por quê?,"O Risk Number de um portfólio pode subir por razões endógenas ou exógenas: (i) Equity drift: ativos de risco apreciaram, aumentando seu peso relativo no portfólio e consequentemente o Risk Number total — sem nenhuma decisão ativa, o portfólio naturalmente fica mais arriscado em bull markets; (ii) Aumento de volatilidade de componentes: o desvio padrão dos ativos individuais subiu (ex.: aumento do VIX, aumento da volatilidade implícita de opções sobre os ativos da carteira); (iii) Mudança de corr",risk_number_suitability,B10: The Most Important Thing | B04: Thinking in Bets | B07: The Misbehavior of Markets,B11: Antifragile | B01: Quantitative Momentum,"Howard Marks, em The Most Important Thing, reforça risco é mais que volatilidade; Annie Duke, em Thinking in Bets, reforça boa decisão pode ter mau resultado; Benoit Mandelbrot, em The Misbehavior of Markets, reforça retornos têm caudas gordas.",Não tratar Risk Number como recomendação; é linguagem de alinhamento de risco e deve exigir revisão humana/suitability.
JIM-LIT-0290,Harpian_JIM_v2.docx,E4,E4. Meu retorno esperado caiu — por quê?,"O retorno esperado (CAGR projetado) do portfólio pode cair por: (i) Mudança de regime: se o SGA deteriorou ou está próximo do threshold, o sistema ajusta para baixo o CAGR projetado, pois a probabilidade de estar em bear market aumentou; (ii) Rotação de ativos: o líder de momentum anterior tinha CAGR histórico mais alto do que o novo líder — a rotação foi tecnicamente correta (sinal de momentum indicou mudança de liderança) mas o ativo novo tem retorno histórico menor; (iii) Aumento da posição d",performance_backtest_metrics,B06: Advances in Financial Machine Learning | B07: The Misbehavior of Markets | B10: The Most Important Thing,B11: Antifragile | B01: Quantitative Momentum,"Marcos López de Prado, em Advances in Financial Machine Learning, reforça backtests sofrem risco de overfitting; Benoit Mandelbrot, em The Misbehavior of Markets, reforça retornos têm caudas gordas; Howard Marks, em The Most Important Thing, reforça risco é mais que volatilidade.","Sempre acrescentar: performance passada/backtest não garante resultado futuro; considerar custos, slippage, liquidez, impostos, overfitting e suitability."
JIM-LIT-0291,Harpian_JIM_v2.docx,E5,E5. O que está fora do mandato?,A análise de conformidade com mandato verifica se cada posição atual do portfólio está dentro dos parâmetros aprovados na política de investimentos (IPS) do cliente. Violações típicas detectadas pelo sistema: (i) Exposição a ativos na Not Touch List: ativo que foi adicionado à NTL após a compra permanece no portfólio — deve ser liquidado no próximo ciclo; (ii) Concentração acima do limite: um único ativo ou setor representa percentual superior ao máximo permitido pelo mandato; (iii) Classe de at,risk_number_suitability,B10: The Most Important Thing | B04: Thinking in Bets | B07: The Misbehavior of Markets,B11: Antifragile | B06: Advances in Financial Machine Learning,"Howard Marks, em The Most Important Thing, reforça risco é mais que volatilidade; Annie Duke, em Thinking in Bets, reforça boa decisão pode ter mau resultado; Benoit Mandelbrot, em The Misbehavior of Markets, reforça retornos têm caudas gordas.",Não tratar Risk Number como recomendação; é linguagem de alinhamento de risco e deve exigir revisão humana/suitability.
JIM-LIT-0292,Harpian_JIM_v2.docx,E6,E6. Qual o principal risco oculto hoje?,"Riscos ocultos são aqueles que não aparecem na análise de composição nominal do portfólio mas se materializam em condições específicas. As principais fontes de risco oculto a diagnosticar em tempo real: (i) Correlação latente: dois ativos nominalmente de setores diferentes (ex.: tech e consumer discretionary) com correlação histórica de 0,85 em bull markets — na aparência é diversificação; na realidade, é concentração disfarçada; (ii) Factor exposure: múltiplos ETFs com exposições similares ao f",competitors_hedge_funds,B03: The Man Who Solved the Market | B06: Advances in Financial Machine Learning | B01: Quantitative Momentum,B10: The Most Important Thing | B02: Chaos and Order in the Capital Markets,"Gregory Zuckerman, em The Man Who Solved the Market, reforça vantagem quantitativa nasce de dados, pesquisa e disciplina operacional; Marcos López de Prado, em Advances in Financial Machine Learning, reforça backtests sofrem risco de overfitting; Wesley Gray & Jack Vogel, em Quantitative Momentum, reforça momentum como prêmio persistente porém cíclico.","Usar peers/concorrentes como contexto comparativo, sem afirmar superioridade ou prometer performance."
JIM-LIT-0293,Harpian_JIM_v2.docx,E7,E7. Qual a maior fragilidade da carteira?,"A fragilidade da carteira é avaliada como a combinação de probabilidade e magnitude de deterioração em cenários adversos específicos. As dimensões de fragilidade a analisar: (i) Fragilidade de regime: quão próximo o SGA está do threshold defensivo? Um SGA de −0,4% está a 0,2 pontos do gatilho — alta fragilidade de regime; (ii) Fragilidade de drawdown duration: quanto tempo o investidor precisaria de recuperação no pior cenário histórico vs. horizonte disponível? Horizon Gap negativo = fragilidad",momentum_regime_stormguard,B01: Quantitative Momentum | B02: Chaos and Order in the Capital Markets | B06: Advances in Financial Machine Learning,B07: The Misbehavior of Markets | B03: The Man Who Solved the Market,"Wesley Gray & Jack Vogel, em Quantitative Momentum, reforça momentum como prêmio persistente porém cíclico; Edgar Peters, em Chaos and Order in the Capital Markets, reforça mercados alternam ordem e caos; Marcos López de Prado, em Advances in Financial Machine Learning, reforça backtests sofrem risco de overfitting.",Não prometer proteção ou captura de tendências; explicar sinais como leitura probabilística de regime sujeita a falso positivo/falso negativo.
JIM-LIT-0294,Harpian_JIM_v2.docx,E8,E8. Existe concentração invisível?,"Concentração invisível é uma das formas mais insidiosas de risco de portfólio — ocorre quando a diversificação nominal oculta concentração real em fatores comuns. Mecanismos de concentração invisível a detectar: (i) Factor loading idêntico: múltiplos ETFs 'diferentes' (ex.: QQQ, VGT, SOXX) com exposição dominante ao mesmo fator (tecnologia de grande capitalização) — aparência de 3 posições distintas, realidade de uma única posição concentrada; (ii) Holdings overlap: ETF 'A' e ETF 'B' têm os mesm",competitors_hedge_funds,B03: The Man Who Solved the Market | B06: Advances in Financial Machine Learning | B01: Quantitative Momentum,B10: The Most Important Thing | B08: Principles for Dealing with the Changing World Order,"Gregory Zuckerman, em The Man Who Solved the Market, reforça vantagem quantitativa nasce de dados, pesquisa e disciplina operacional; Marcos López de Prado, em Advances in Financial Machine Learning, reforça backtests sofrem risco de overfitting; Wesley Gray & Jack Vogel, em Quantitative Momentum, reforça momentum como prêmio persistente porém cíclico.","Usar peers/concorrentes como contexto comparativo, sem afirmar superioridade ou prometer performance."
JIM-LIT-0295,Harpian_JIM_v2.docx,E9,E9. Existe correlação oculta?,"Correlação oculta (latente) é a correlação que não aparece em dados históricos de longo prazo mas se manifesta em condições específicas de mercado. As fontes mais comuns: (i) Correlação de regime: dois ativos têm correlação de 0,3 em bull markets mas correlação de 0,9 em bear markets — a correlação longa (média) de 0,5 oculta a correlação de crise que é quando importa; (ii) Correlação de liquidez: em mercados ilíquidos (stress), todos os ativos tendem a ser vendidos simultaneamente por necessida",momentum_regime_stormguard,B01: Quantitative Momentum | B02: Chaos and Order in the Capital Markets | B06: Advances in Financial Machine Learning,B07: The Misbehavior of Markets | B03: The Man Who Solved the Market,"Wesley Gray & Jack Vogel, em Quantitative Momentum, reforça momentum como prêmio persistente porém cíclico; Edgar Peters, em Chaos and Order in the Capital Markets, reforça mercados alternam ordem e caos; Marcos López de Prado, em Advances in Financial Machine Learning, reforça backtests sofrem risco de overfitting.",Não prometer proteção ou captura de tendências; explicar sinais como leitura probabilística de regime sujeita a falso positivo/falso negativo.
JIM-LIT-0296,Harpian_JIM_v2.docx,E10,E10. O portfólio está resiliente a crise?,"A resiliência a crise é medida pelo Stress Testing Score — resultado de uma bateria de cenários históricos e hipotéticos aplicados ao portfólio atual: (i) Cenários históricos: simulação do comportamento do portfólio durante 2000–2002 (queda de −49%), 2008–2009 (−56%), 2020 COVID (−34%), 2022 bear market (−25%). O portfólio é 'resiliente' se o drawdown em cada cenário está dentro da tolerância declarada do cliente; (ii) Cenários hipotéticos: 'o que acontece se os juros subirem 300bps amanhã?', 'e",performance_backtest_metrics,B06: Advances in Financial Machine Learning | B07: The Misbehavior of Markets | B10: The Most Important Thing,B11: Antifragile | B04: Thinking in Bets,"Marcos López de Prado, em Advances in Financial Machine Learning, reforça backtests sofrem risco de overfitting; Benoit Mandelbrot, em The Misbehavior of Markets, reforça retornos têm caudas gordas; Howard Marks, em The Most Important Thing, reforça risco é mais que volatilidade.","Sempre acrescentar: performance passada/backtest não garante resultado futuro; considerar custos, slippage, liquidez, impostos, overfitting e suitability."
JIM-LIT-0297,Harpian_JIM_v2.docx,F1,F1. O que caracteriza recomendação?,"No contexto regulatório de múltiplas jurisdições, uma 'recomendação' de investimento tem definição técnica precisa que distingue o aconselhamento regulado da informação geral. Sob MiFID II (UE, Artigo 25): uma recomendação existe quando o comunicador (i) apresenta um instrumento financeiro específico ou um conjunto específico de instrumentos; (ii) como adequado para uma pessoa específica ou classe de pessoas; (iii) baseado na consideração das circunstâncias do destinatário ou apresentado como ad",adversarial_failure_limits,B11: Antifragile | B07: The Misbehavior of Markets | B04: Thinking in Bets,B10: The Most Important Thing | B14: The Art of War,"Nassim Nicholas Taleb, em Antifragile, reforça sistemas frágeis quebram sob stress; Benoit Mandelbrot, em The Misbehavior of Markets, reforça retornos têm caudas gordas; Annie Duke, em Thinking in Bets, reforça boa decisão pode ter mau resultado.","Enfatizar limites, cenários de falha e ausência de garantia; escalar para humano quando envolver ação financeira."
JIM-LIT-0298,Harpian_JIM_v2.docx,F2,F2. O que o sistema pode ou não pode dizer?,"Definição clara dos limites de comunicação do sistema: PODE dizer: (i) 'O portfólio atual tem Risk Number 42, que é superior ao seu Risk Number target de 35' — diagnóstico factual; (ii) 'Historicamente, um portfólio com essa composição teria sofrido drawdown de X% em 2008' — análise histórica; (iii) 'Uma alocação de 10% em HPC22 alteraria o Risk Number do portfólio para 43' — análise de cenário; (iv) 'O Alignment Score atual é 65 — abaixo do threshold de 70' — diagnóstico de adequação estrutural",risk_number_suitability,B10: The Most Important Thing | B04: Thinking in Bets | B07: The Misbehavior of Markets,B11: Antifragile | B14: The Art of War,"Howard Marks, em The Most Important Thing, reforça risco é mais que volatilidade; Annie Duke, em Thinking in Bets, reforça boa decisão pode ter mau resultado; Benoit Mandelbrot, em The Misbehavior of Markets, reforça retornos têm caudas gordas.",Não tratar Risk Number como recomendação; é linguagem de alinhamento de risco e deve exigir revisão humana/suitability.
JIM-LIT-0299,Harpian_JIM_v2.docx,F3,F3. Como documentar desalinhamento?,"A documentação de desalinhamento deve seguir um protocolo rigoroso para proteger tanto o investidor quanto o advisor: (i) Identificação formal: registro escrito identificando a natureza e magnitude do desalinhamento (ex.: 'Risk Number do portfólio: 52; Risk Number target do cliente: 35; desalinhamento de +17 pontos'); (ii) Explicação dos riscos: descrição clara dos riscos específicos do desalinhamento — não apenas 'pode perder mais dinheiro', mas a quantificação: 'em 2008, um portfólio com RN 52",risk_number_suitability,B10: The Most Important Thing | B04: Thinking in Bets | B07: The Misbehavior of Markets,B11: Antifragile,"Howard Marks, em The Most Important Thing, reforça risco é mais que volatilidade; Annie Duke, em Thinking in Bets, reforça boa decisão pode ter mau resultado; Benoit Mandelbrot, em The Misbehavior of Markets, reforça retornos têm caudas gordas.",Não tratar Risk Number como recomendação; é linguagem de alinhamento de risco e deve exigir revisão humana/suitability.
JIM-LIT-0300,Harpian_JIM_v2.docx,F4,F4. O que é suitability vs risk score?,Suitability e Risk Score são conceitos complementares mas fundamentalmente distintos: Risk Score (Risk Number): é uma métrica quantitativa que mede a tolerância ao risco de um investidor ou o perfil de risco de um portfólio. É um número — uma medição. Produz output em escala numérica (1–99). Pode ser gerado por sistema automatizado. Suitability: é um processo regulatório completo que determina se um produto ou estratégia específica é apropriada para um cliente específico. Envolve: análise do per,risk_number_suitability,B10: The Most Important Thing | B04: Thinking in Bets | B07: The Misbehavior of Markets,B11: Antifragile,"Howard Marks, em The Most Important Thing, reforça risco é mais que volatilidade; Annie Duke, em Thinking in Bets, reforça boa decisão pode ter mau resultado; Benoit Mandelbrot, em The Misbehavior of Markets, reforça retornos têm caudas gordas.",Não tratar Risk Number como recomendação; é linguagem de alinhamento de risco e deve exigir revisão humana/suitability.
JIM-LIT-0301,Harpian_JIM_v2.docx,F5,F5. Como explicar incerteza ao cliente?,"A comunicação de incerteza ao cliente deve ser honesta, precisa e construtiva — nem excessivamente alarmante nem inadequadamente minimizadora. Framework recomendado: (i) Nomear a incerteza especificamente: 'A projeção de retorno tem margem de erro de ±30% para horizontes de 5 anos' é mais útil do que 'resultados podem variar'; (ii) Contextualizar com benchmarks históricos: 'A estratégia acertou a direção do regime 78% das vezes historicamente — mas 22% das transições foram sinais falsos'; (iii) ",risk_number_suitability,B10: The Most Important Thing | B04: Thinking in Bets | B07: The Misbehavior of Markets,B11: Antifragile | B06: Advances in Financial Machine Learning,"Howard Marks, em The Most Important Thing, reforça risco é mais que volatilidade; Annie Duke, em Thinking in Bets, reforça boa decisão pode ter mau resultado; Benoit Mandelbrot, em The Misbehavior of Markets, reforça retornos têm caudas gordas.",Não tratar Risk Number como recomendação; é linguagem de alinhamento de risco e deve exigir revisão humana/suitability.
JIM-LIT-0302,Harpian_JIM_v2.docx,F6,F6. Como evitar overpromising?,"Overpromising em contexto de produtos financeiros é um risco fiduciário, regulatório e reputacional. Práticas obrigatórias para evitar: (i) Sempre qualificar dados históricos: 'Resultados passados não garantem resultados futuros' — não como frase de rodapé, mas como parte integrante da narrativa; (ii) Apresentar cenários adversos com a mesma proeminência dos cenários favoráveis: não mostrar apenas o melhor período histórico; (iii) Nunca usar linguagem absoluta: 'sempre', 'garantido', 'nunca vai ",performance_backtest_metrics,B06: Advances in Financial Machine Learning | B07: The Misbehavior of Markets | B10: The Most Important Thing,B11: Antifragile,"Marcos López de Prado, em Advances in Financial Machine Learning, reforça backtests sofrem risco de overfitting; Benoit Mandelbrot, em The Misbehavior of Markets, reforça retornos têm caudas gordas; Howard Marks, em The Most Important Thing, reforça risco é mais que volatilidade.","Sempre acrescentar: performance passada/backtest não garante resultado futuro; considerar custos, slippage, liquidez, impostos, overfitting e suitability."
JIM-LIT-0303,Harpian_JIM_v2.docx,F7,F7. Como comunicar risco sem gerar medo?,"A comunicação de risco que gera medo desnecessário é tão prejudicial quanto a comunicação que minimiza riscos — ambas levam a decisões subótimas. Framework de comunicação de risco equilibrada: (i) Contextualizar probabilidades: '27% de drawdown máximo histórico' soa menos assustador quando contextualizado: 'isso significa que em 25 anos de histórico, o pior período foi uma queda de 27%, que se recuperou completamente em X meses'; (ii) Comparar com a alternativa: 'não investir tem risco também — ",adversarial_failure_limits,B11: Antifragile | B07: The Misbehavior of Markets | B04: Thinking in Bets,B10: The Most Important Thing | B14: The Art of War,"Nassim Nicholas Taleb, em Antifragile, reforça sistemas frágeis quebram sob stress; Benoit Mandelbrot, em The Misbehavior of Markets, reforça retornos têm caudas gordas; Annie Duke, em Thinking in Bets, reforça boa decisão pode ter mau resultado.","Enfatizar limites, cenários de falha e ausência de garantia; escalar para humano quando envolver ação financeira."
JIM-LIT-0304,Harpian_JIM_v2.docx,F8,F8. O que deve sempre ter disclaimer?,"Disclaimer é obrigatório em qualquer comunicação que: (i) Apresente dados de performance histórica: 'Resultados históricos não garantem performance futura. Investimentos envolvem riscos, incluindo possível perda do capital investido.'; (ii) Faça projeções ou estimativas de retorno: 'Projeções são baseadas em dados históricos e modelos quantitativos. Resultados reais podem diferir materialmente.'; (iii) Descreva mecanismos de proteção: 'O [mecanismo] busca reduzir a exposição a períodos de stress",adversarial_failure_limits,B11: Antifragile | B07: The Misbehavior of Markets | B04: Thinking in Bets,B10: The Most Important Thing | B14: The Art of War,"Nassim Nicholas Taleb, em Antifragile, reforça sistemas frágeis quebram sob stress; Benoit Mandelbrot, em The Misbehavior of Markets, reforça retornos têm caudas gordas; Annie Duke, em Thinking in Bets, reforça boa decisão pode ter mau resultado.","Enfatizar limites, cenários de falha e ausência de garantia; escalar para humano quando envolver ação financeira."
JIM-LIT-0305,Harpian_JIM_v2.docx,F9,F9. Quando escalar para advisor humano?,"O sistema deve escalar para advisor humano (intervenção humana qualificada) nas seguintes situações: (i) Demanda por recomendação individual específica: quando o cliente pergunta 'o que devo fazer com meu portfólio?' ou 'devo alocar em HPC22?' — decisão que requer suitability assessment formal; (ii) Desalinhamento crítico detectado: Alignment Score abaixo de 50, Risk Gap acima de 20 pontos, ou Horizon Gap negativo — situações que requerem revisão profunda de perfil e potencialmente rebalanceamen",risk_number_suitability,B10: The Most Important Thing | B04: Thinking in Bets | B07: The Misbehavior of Markets,B11: Antifragile | B05: The Mathematical Theory of Communication,"Howard Marks, em The Most Important Thing, reforça risco é mais que volatilidade; Annie Duke, em Thinking in Bets, reforça boa decisão pode ter mau resultado; Benoit Mandelbrot, em The Misbehavior of Markets, reforça retornos têm caudas gordas.",Não tratar Risk Number como recomendação; é linguagem de alinhamento de risco e deve exigir revisão humana/suitability.
JIM-LIT-0306,Harpian_JIM_v2.docx,F10,F10. Como auditar decisões do sistema?,"A auditabilidade das decisões é requisito fundamental de qualquer sistema de gestão de portfólio sujeito a regulação fiduciária. A arquitetura de auditoria do HRD Engine deve incluir: (i) Registro imutável de decisões: cada recomendação de rebalanceamento, cada sinal do SGA e cada simulação executada deve ser registrada com timestamp, inputs utilizados, modelo aplicado e output gerado — em log imutável (append-only); (ii) Versionamento de parâmetros: cada iteração de re-sintonização do FWPT deve",risk_number_suitability,B10: The Most Important Thing | B04: Thinking in Bets | B07: The Misbehavior of Markets,B11: Antifragile | B13: The Only Game in Town,"Howard Marks, em The Most Important Thing, reforça risco é mais que volatilidade; Annie Duke, em Thinking in Bets, reforça boa decisão pode ter mau resultado; Benoit Mandelbrot, em The Misbehavior of Markets, reforça retornos têm caudas gordas.",Não tratar Risk Number como recomendação; é linguagem de alinhamento de risco e deve exigir revisão humana/suitability.
JIM-LIT-0307,qa_validation_matrix.csv,1,O que é um Risk Number em linguagem simples?,[Pergunta presente na matriz de validação; resposta original deve ser consultada no arquivo de origem.],risk_number_suitability,B10: The Most Important Thing | B04: Thinking in Bets | B07: The Misbehavior of Markets,B11: Antifragile,"Howard Marks, em The Most Important Thing, reforça risco é mais que volatilidade; Annie Duke, em Thinking in Bets, reforça boa decisão pode ter mau resultado; Benoit Mandelbrot, em The Misbehavior of Markets, reforça retornos têm caudas gordas.",Não tratar Risk Number como recomendação; é linguagem de alinhamento de risco e deve exigir revisão humana/suitability.
JIM-LIT-0308,qa_validation_matrix.csv,2,Quais metodologias públicas existem para transformar risco em escala de 1 a 100?,[Pergunta presente na matriz de validação; resposta original deve ser consultada no arquivo de origem.],jim_architecture_communication,B05: The Mathematical Theory of Communication | B14: The Art of War | B04: Thinking in Bets,B06: Advances in Financial Machine Learning,"Claude Shannon & Warren Weaver, em The Mathematical Theory of Communication, reforça separar sinal de ruído; Sun Tzu, em The Art of War, reforça conhecer terreno e adversário; Annie Duke, em Thinking in Bets, reforça boa decisão pode ter mau resultado.",JIM é assistente analítico/educacional; não é advisor autônomo nem substitui aprovação humana.
JIM-LIT-0309,qa_validation_matrix.csv,3,Como o Riskalyze/Nitrogen calcula ou comunica o Risk Number?,[Pergunta presente na matriz de validação; resposta original deve ser consultada no arquivo de origem.],risk_number_suitability,B10: The Most Important Thing | B04: Thinking in Bets | B07: The Misbehavior of Markets,B11: Antifragile,"Howard Marks, em The Most Important Thing, reforça risco é mais que volatilidade; Annie Duke, em Thinking in Bets, reforça boa decisão pode ter mau resultado; Benoit Mandelbrot, em The Misbehavior of Markets, reforça retornos têm caudas gordas.",Não tratar Risk Number como recomendação; é linguagem de alinhamento de risco e deve exigir revisão humana/suitability.
JIM-LIT-0310,qa_validation_matrix.csv,4,Qual é a diferença entre Risk Number e volatilidade?,[Pergunta presente na matriz de validação; resposta original deve ser consultada no arquivo de origem.],risk_number_suitability,B10: The Most Important Thing | B04: Thinking in Bets | B07: The Misbehavior of Markets,B11: Antifragile,"Howard Marks, em The Most Important Thing, reforça risco é mais que volatilidade; Annie Duke, em Thinking in Bets, reforça boa decisão pode ter mau resultado; Benoit Mandelbrot, em The Misbehavior of Markets, reforça retornos têm caudas gordas.",Não tratar Risk Number como recomendação; é linguagem de alinhamento de risco e deve exigir revisão humana/suitability.
JIM-LIT-0311,qa_validation_matrix.csv,5,Qual é a diferença entre Risk Number e drawdown?,[Pergunta presente na matriz de validação; resposta original deve ser consultada no arquivo de origem.],risk_number_suitability,B10: The Most Important Thing | B04: Thinking in Bets | B07: The Misbehavior of Markets,B11: Antifragile,"Howard Marks, em The Most Important Thing, reforça risco é mais que volatilidade; Annie Duke, em Thinking in Bets, reforça boa decisão pode ter mau resultado; Benoit Mandelbrot, em The Misbehavior of Markets, reforça retornos têm caudas gordas.",Não tratar Risk Number como recomendação; é linguagem de alinhamento de risco e deve exigir revisão humana/suitability.
JIM-LIT-0312,qa_validation_matrix.csv,6,Qual é a diferença entre Risk Number e suitability?,[Pergunta presente na matriz de validação; resposta original deve ser consultada no arquivo de origem.],risk_number_suitability,B10: The Most Important Thing | B04: Thinking in Bets | B07: The Misbehavior of Markets,B11: Antifragile,"Howard Marks, em The Most Important Thing, reforça risco é mais que volatilidade; Annie Duke, em Thinking in Bets, reforça boa decisão pode ter mau resultado; Benoit Mandelbrot, em The Misbehavior of Markets, reforça retornos têm caudas gordas.",Não tratar Risk Number como recomendação; é linguagem de alinhamento de risco e deve exigir revisão humana/suitability.
JIM-LIT-0313,qa_validation_matrix.csv,7,Como explicar Risk Number para um cliente leigo?,[Pergunta presente na matriz de validação; resposta original deve ser consultada no arquivo de origem.],risk_number_suitability,B10: The Most Important Thing | B04: Thinking in Bets | B07: The Misbehavior of Markets,B11: Antifragile,"Howard Marks, em The Most Important Thing, reforça risco é mais que volatilidade; Annie Duke, em Thinking in Bets, reforça boa decisão pode ter mau resultado; Benoit Mandelbrot, em The Misbehavior of Markets, reforça retornos têm caudas gordas.",Não tratar Risk Number como recomendação; é linguagem de alinhamento de risco e deve exigir revisão humana/suitability.
JIM-LIT-0314,qa_validation_matrix.csv,8,Como explicar Risk Number para um Family Office?,[Pergunta presente na matriz de validação; resposta original deve ser consultada no arquivo de origem.],risk_number_suitability,B10: The Most Important Thing | B04: Thinking in Bets | B07: The Misbehavior of Markets,B11: Antifragile,"Howard Marks, em The Most Important Thing, reforça risco é mais que volatilidade; Annie Duke, em Thinking in Bets, reforça boa decisão pode ter mau resultado; Benoit Mandelbrot, em The Misbehavior of Markets, reforça retornos têm caudas gordas.",Não tratar Risk Number como recomendação; é linguagem de alinhamento de risco e deve exigir revisão humana/suitability.
JIM-LIT-0315,qa_validation_matrix.csv,9,Quais inputs mínimos são necessários para estimar Risk Number?,[Pergunta presente na matriz de validação; resposta original deve ser consultada no arquivo de origem.],risk_number_suitability,B10: The Most Important Thing | B04: Thinking in Bets | B07: The Misbehavior of Markets,B11: Antifragile,"Howard Marks, em The Most Important Thing, reforça risco é mais que volatilidade; Annie Duke, em Thinking in Bets, reforça boa decisão pode ter mau resultado; Benoit Mandelbrot, em The Misbehavior of Markets, reforça retornos têm caudas gordas.",Não tratar Risk Number como recomendação; é linguagem de alinhamento de risco e deve exigir revisão humana/suitability.
JIM-LIT-0316,qa_validation_matrix.csv,10,"Como renda, patrimônio, horizonte e dependentes afetam capacidade de risco?",[Pergunta presente na matriz de validação; resposta original deve ser consultada no arquivo de origem.],risk_number_suitability,B10: The Most Important Thing | B04: Thinking in Bets | B07: The Misbehavior of Markets,B11: Antifragile,"Howard Marks, em The Most Important Thing, reforça risco é mais que volatilidade; Annie Duke, em Thinking in Bets, reforça boa decisão pode ter mau resultado; Benoit Mandelbrot, em The Misbehavior of Markets, reforça retornos têm caudas gordas.",Não tratar Risk Number como recomendação; é linguagem de alinhamento de risco e deve exigir revisão humana/suitability.
JIM-LIT-0317,qa_validation_matrix.csv,11,Como tolerância a risco difere de capacidade de risco?,[Pergunta presente na matriz de validação; resposta original deve ser consultada no arquivo de origem.],risk_number_suitability,B10: The Most Important Thing | B04: Thinking in Bets | B07: The Misbehavior of Markets,B11: Antifragile | B14: The Art of War,"Howard Marks, em The Most Important Thing, reforça risco é mais que volatilidade; Annie Duke, em Thinking in Bets, reforça boa decisão pode ter mau resultado; Benoit Mandelbrot, em The Misbehavior of Markets, reforça retornos têm caudas gordas.",Não tratar Risk Number como recomendação; é linguagem de alinhamento de risco e deve exigir revisão humana/suitability.
JIM-LIT-0318,qa_validation_matrix.csv,12,Como objetivo de retorno muda o risco necessário?,[Pergunta presente na matriz de validação; resposta original deve ser consultada no arquivo de origem.],performance_backtest_metrics,B06: Advances in Financial Machine Learning | B07: The Misbehavior of Markets | B10: The Most Important Thing,B11: Antifragile,"Marcos López de Prado, em Advances in Financial Machine Learning, reforça backtests sofrem risco de overfitting; Benoit Mandelbrot, em The Misbehavior of Markets, reforça retornos têm caudas gordas; Howard Marks, em The Most Important Thing, reforça risco é mais que volatilidade.","Sempre acrescentar: performance passada/backtest não garante resultado futuro; considerar custos, slippage, liquidez, impostos, overfitting e suitability."
JIM-LIT-0319,qa_validation_matrix.csv,13,Como calcular perda potencial em 6 meses com 95% de confiança?,[Pergunta presente na matriz de validação; resposta original deve ser consultada no arquivo de origem.],behavioral_decision,B04: Thinking in Bets | B10: The Most Important Thing | B11: Antifragile,B05: The Mathematical Theory of Communication,"Annie Duke, em Thinking in Bets, reforça boa decisão pode ter mau resultado; Howard Marks, em The Most Important Thing, reforça risco é mais que volatilidade; Nassim Nicholas Taleb, em Antifragile, reforça sistemas frágeis quebram sob stress.","Evitar aconselhamento pessoal; reforçar processo decisório, probabilidades e adequação ao perfil."
JIM-LIT-0320,qa_validation_matrix.csv,14,Como explicar intervalo de confiança aplicado a portfólios?,[Pergunta presente na matriz de validação; resposta original deve ser consultada no arquivo de origem.],behavioral_decision,B04: Thinking in Bets | B10: The Most Important Thing | B11: Antifragile,B05: The Mathematical Theory of Communication,"Annie Duke, em Thinking in Bets, reforça boa decisão pode ter mau resultado; Howard Marks, em The Most Important Thing, reforça risco é mais que volatilidade; Nassim Nicholas Taleb, em Antifragile, reforça sistemas frágeis quebram sob stress.","Evitar aconselhamento pessoal; reforçar processo decisório, probabilidades e adequação ao perfil."
JIM-LIT-0321,qa_validation_matrix.csv,15,Quais limites regulatórios existem ao usar score de risco?,[Pergunta presente na matriz de validação; resposta original deve ser consultada no arquivo de origem.],adversarial_failure_limits,B11: Antifragile | B07: The Misbehavior of Markets | B04: Thinking in Bets,B10: The Most Important Thing | B14: The Art of War,"Nassim Nicholas Taleb, em Antifragile, reforça sistemas frágeis quebram sob stress; Benoit Mandelbrot, em The Misbehavior of Markets, reforça retornos têm caudas gordas; Annie Duke, em Thinking in Bets, reforça boa decisão pode ter mau resultado.","Enfatizar limites, cenários de falha e ausência de garantia; escalar para humano quando envolver ação financeira."
JIM-LIT-0322,qa_validation_matrix.csv,16,Como explicar 'Approximate Risk Number' sem prometer precisão?,[Pergunta presente na matriz de validação; resposta original deve ser consultada no arquivo de origem.],risk_number_suitability,B10: The Most Important Thing | B04: Thinking in Bets | B07: The Misbehavior of Markets,B11: Antifragile,"Howard Marks, em The Most Important Thing, reforça risco é mais que volatilidade; Annie Duke, em Thinking in Bets, reforça boa decisão pode ter mau resultado; Benoit Mandelbrot, em The Misbehavior of Markets, reforça retornos têm caudas gordas.",Não tratar Risk Number como recomendação; é linguagem de alinhamento de risco e deve exigir revisão humana/suitability.
JIM-LIT-0323,qa_validation_matrix.csv,17,Como comunicar baixa confiança no cálculo?,[Pergunta presente na matriz de validação; resposta original deve ser consultada no arquivo de origem.],behavioral_decision,B04: Thinking in Bets | B10: The Most Important Thing | B11: Antifragile,B05: The Mathematical Theory of Communication,"Annie Duke, em Thinking in Bets, reforça boa decisão pode ter mau resultado; Howard Marks, em The Most Important Thing, reforça risco é mais que volatilidade; Nassim Nicholas Taleb, em Antifragile, reforça sistemas frágeis quebram sob stress.","Evitar aconselhamento pessoal; reforçar processo decisório, probabilidades e adequação ao perfil."
JIM-LIT-0324,qa_validation_matrix.csv,18,Quais frases evitar ao explicar score de risco?,[Pergunta presente na matriz de validação; resposta original deve ser consultada no arquivo de origem.],jim_architecture_communication,B05: The Mathematical Theory of Communication | B14: The Art of War | B04: Thinking in Bets,B06: Advances in Financial Machine Learning,"Claude Shannon & Warren Weaver, em The Mathematical Theory of Communication, reforça separar sinal de ruído; Sun Tzu, em The Art of War, reforça conhecer terreno e adversário; Annie Duke, em Thinking in Bets, reforça boa decisão pode ter mau resultado.",JIM é assistente analítico/educacional; não é advisor autônomo nem substitui aprovação humana.
JIM-LIT-0325,qa_validation_matrix.csv,19,Quais disclaimers usar em risk profiling?,[Pergunta presente na matriz de validação; resposta original deve ser consultada no arquivo de origem.],jim_architecture_communication,B05: The Mathematical Theory of Communication | B14: The Art of War | B04: Thinking in Bets,B06: Advances in Financial Machine Learning,"Claude Shannon & Warren Weaver, em The Mathematical Theory of Communication, reforça separar sinal de ruído; Sun Tzu, em The Art of War, reforça conhecer terreno e adversário; Annie Duke, em Thinking in Bets, reforça boa decisão pode ter mau resultado.",JIM é assistente analítico/educacional; não é advisor autônomo nem substitui aprovação humana.
JIM-LIT-0326,qa_validation_matrix.csv,20,Como documentar que o cliente aceitou desalinhamento?,[Pergunta presente na matriz de validação; resposta original deve ser consultada no arquivo de origem.],risk_number_suitability,B10: The Most Important Thing | B04: Thinking in Bets | B07: The Misbehavior of Markets,B11: Antifragile,"Howard Marks, em The Most Important Thing, reforça risco é mais que volatilidade; Annie Duke, em Thinking in Bets, reforça boa decisão pode ter mau resultado; Benoit Mandelbrot, em The Misbehavior of Markets, reforça retornos têm caudas gordas.",Não tratar Risk Number como recomendação; é linguagem de alinhamento de risco e deve exigir revisão humana/suitability.
JIM-LIT-0327,qa_validation_matrix.csv,21,O que é volatilidade anualizada?,[Pergunta presente na matriz de validação; resposta original deve ser consultada no arquivo de origem.],performance_backtest_metrics,B06: Advances in Financial Machine Learning | B07: The Misbehavior of Markets | B10: The Most Important Thing,B11: Antifragile,"Marcos López de Prado, em Advances in Financial Machine Learning, reforça backtests sofrem risco de overfitting; Benoit Mandelbrot, em The Misbehavior of Markets, reforça retornos têm caudas gordas; Howard Marks, em The Most Important Thing, reforça risco é mais que volatilidade.","Sempre acrescentar: performance passada/backtest não garante resultado futuro; considerar custos, slippage, liquidez, impostos, overfitting e suitability."
JIM-LIT-0328,qa_validation_matrix.csv,22,Como converter volatilidade diária em anualizada?,[Pergunta presente na matriz de validação; resposta original deve ser consultada no arquivo de origem.],performance_backtest_metrics,B06: Advances in Financial Machine Learning | B07: The Misbehavior of Markets | B10: The Most Important Thing,B11: Antifragile,"Marcos López de Prado, em Advances in Financial Machine Learning, reforça backtests sofrem risco de overfitting; Benoit Mandelbrot, em The Misbehavior of Markets, reforça retornos têm caudas gordas; Howard Marks, em The Most Important Thing, reforça risco é mais que volatilidade.","Sempre acrescentar: performance passada/backtest não garante resultado futuro; considerar custos, slippage, liquidez, impostos, overfitting e suitability."
JIM-LIT-0329,qa_validation_matrix.csv,23,O que é drawdown?,[Pergunta presente na matriz de validação; resposta original deve ser consultada no arquivo de origem.],performance_backtest_metrics,B06: Advances in Financial Machine Learning | B07: The Misbehavior of Markets | B10: The Most Important Thing,B11: Antifragile,"Marcos López de Prado, em Advances in Financial Machine Learning, reforça backtests sofrem risco de overfitting; Benoit Mandelbrot, em The Misbehavior of Markets, reforça retornos têm caudas gordas; Howard Marks, em The Most Important Thing, reforça risco é mais que volatilidade.","Sempre acrescentar: performance passada/backtest não garante resultado futuro; considerar custos, slippage, liquidez, impostos, overfitting e suitability."
JIM-LIT-0330,qa_validation_matrix.csv,24,O que é max drawdown?,[Pergunta presente na matriz de validação; resposta original deve ser consultada no arquivo de origem.],performance_backtest_metrics,B06: Advances in Financial Machine Learning | B07: The Misbehavior of Markets | B10: The Most Important Thing,B11: Antifragile,"Marcos López de Prado, em Advances in Financial Machine Learning, reforça backtests sofrem risco de overfitting; Benoit Mandelbrot, em The Misbehavior of Markets, reforça retornos têm caudas gordas; Howard Marks, em The Most Important Thing, reforça risco é mais que volatilidade.","Sempre acrescentar: performance passada/backtest não garante resultado futuro; considerar custos, slippage, liquidez, impostos, overfitting e suitability."
JIM-LIT-0331,qa_validation_matrix.csv,25,O que é drawdown duration?,[Pergunta presente na matriz de validação; resposta original deve ser consultada no arquivo de origem.],performance_backtest_metrics,B06: Advances in Financial Machine Learning | B07: The Misbehavior of Markets | B10: The Most Important Thing,B11: Antifragile,"Marcos López de Prado, em Advances in Financial Machine Learning, reforça backtests sofrem risco de overfitting; Benoit Mandelbrot, em The Misbehavior of Markets, reforça retornos têm caudas gordas; Howard Marks, em The Most Important Thing, reforça risco é mais que volatilidade.","Sempre acrescentar: performance passada/backtest não garante resultado futuro; considerar custos, slippage, liquidez, impostos, overfitting e suitability."
JIM-LIT-0332,qa_validation_matrix.csv,26,O que é downside deviation?,[Pergunta presente na matriz de validação; resposta original deve ser consultada no arquivo de origem.],jim_architecture_communication,B05: The Mathematical Theory of Communication | B14: The Art of War | B04: Thinking in Bets,B06: Advances in Financial Machine Learning,"Claude Shannon & Warren Weaver, em The Mathematical Theory of Communication, reforça separar sinal de ruído; Sun Tzu, em The Art of War, reforça conhecer terreno e adversário; Annie Duke, em Thinking in Bets, reforça boa decisão pode ter mau resultado.",JIM é assistente analítico/educacional; não é advisor autônomo nem substitui aprovação humana.
JIM-LIT-0333,qa_validation_matrix.csv,27,O que é Sharpe Ratio?,[Pergunta presente na matriz de validação; resposta original deve ser consultada no arquivo de origem.],performance_backtest_metrics,B06: Advances in Financial Machine Learning | B07: The Misbehavior of Markets | B10: The Most Important Thing,B11: Antifragile,"Marcos López de Prado, em Advances in Financial Machine Learning, reforça backtests sofrem risco de overfitting; Benoit Mandelbrot, em The Misbehavior of Markets, reforça retornos têm caudas gordas; Howard Marks, em The Most Important Thing, reforça risco é mais que volatilidade.","Sempre acrescentar: performance passada/backtest não garante resultado futuro; considerar custos, slippage, liquidez, impostos, overfitting e suitability."
JIM-LIT-0334,qa_validation_matrix.csv,28,O que é Sortino Ratio?,[Pergunta presente na matriz de validação; resposta original deve ser consultada no arquivo de origem.],jim_architecture_communication,B05: The Mathematical Theory of Communication | B14: The Art of War | B04: Thinking in Bets,B06: Advances in Financial Machine Learning,"Claude Shannon & Warren Weaver, em The Mathematical Theory of Communication, reforça separar sinal de ruído; Sun Tzu, em The Art of War, reforça conhecer terreno e adversário; Annie Duke, em Thinking in Bets, reforça boa decisão pode ter mau resultado.",JIM é assistente analítico/educacional; não é advisor autônomo nem substitui aprovação humana.
JIM-LIT-0335,qa_validation_matrix.csv,29,Por que Sortino pode ser melhor que Sharpe?,[Pergunta presente na matriz de validação; resposta original deve ser consultada no arquivo de origem.],performance_backtest_metrics,B06: Advances in Financial Machine Learning | B07: The Misbehavior of Markets | B10: The Most Important Thing,B11: Antifragile,"Marcos López de Prado, em Advances in Financial Machine Learning, reforça backtests sofrem risco de overfitting; Benoit Mandelbrot, em The Misbehavior of Markets, reforça retornos têm caudas gordas; Howard Marks, em The Most Important Thing, reforça risco é mais que volatilidade.","Sempre acrescentar: performance passada/backtest não garante resultado futuro; considerar custos, slippage, liquidez, impostos, overfitting e suitability."
JIM-LIT-0336,qa_validation_matrix.csv,30,O que é CAGR?,[Pergunta presente na matriz de validação; resposta original deve ser consultada no arquivo de origem.],performance_backtest_metrics,B06: Advances in Financial Machine Learning | B07: The Misbehavior of Markets | B10: The Most Important Thing,B11: Antifragile,"Marcos López de Prado, em Advances in Financial Machine Learning, reforça backtests sofrem risco de overfitting; Benoit Mandelbrot, em The Misbehavior of Markets, reforça retornos têm caudas gordas; Howard Marks, em The Most Important Thing, reforça risco é mais que volatilidade.","Sempre acrescentar: performance passada/backtest não garante resultado futuro; considerar custos, slippage, liquidez, impostos, overfitting e suitability."
JIM-LIT-0337,qa_validation_matrix.csv,31,O que é retorno acumulado?,[Pergunta presente na matriz de validação; resposta original deve ser consultada no arquivo de origem.],performance_backtest_metrics,B06: Advances in Financial Machine Learning | B07: The Misbehavior of Markets | B10: The Most Important Thing,B11: Antifragile,"Marcos López de Prado, em Advances in Financial Machine Learning, reforça backtests sofrem risco de overfitting; Benoit Mandelbrot, em The Misbehavior of Markets, reforça retornos têm caudas gordas; Howard Marks, em The Most Important Thing, reforça risco é mais que volatilidade.","Sempre acrescentar: performance passada/backtest não garante resultado futuro; considerar custos, slippage, liquidez, impostos, overfitting e suitability."
JIM-LIT-0338,qa_validation_matrix.csv,32,O que é retorno rolling?,[Pergunta presente na matriz de validação; resposta original deve ser consultada no arquivo de origem.],performance_backtest_metrics,B06: Advances in Financial Machine Learning | B07: The Misbehavior of Markets | B10: The Most Important Thing,B11: Antifragile,"Marcos López de Prado, em Advances in Financial Machine Learning, reforça backtests sofrem risco de overfitting; Benoit Mandelbrot, em The Misbehavior of Markets, reforça retornos têm caudas gordas; Howard Marks, em The Most Important Thing, reforça risco é mais que volatilidade.","Sempre acrescentar: performance passada/backtest não garante resultado futuro; considerar custos, slippage, liquidez, impostos, overfitting e suitability."
JIM-LIT-0339,qa_validation_matrix.csv,33,O que é correlação?,[Pergunta presente na matriz de validação; resposta original deve ser consultada no arquivo de origem.],jim_architecture_communication,B05: The Mathematical Theory of Communication | B14: The Art of War | B04: Thinking in Bets,B06: Advances in Financial Machine Learning,"Claude Shannon & Warren Weaver, em The Mathematical Theory of Communication, reforça separar sinal de ruído; Sun Tzu, em The Art of War, reforça conhecer terreno e adversário; Annie Duke, em Thinking in Bets, reforça boa decisão pode ter mau resultado.",JIM é assistente analítico/educacional; não é advisor autônomo nem substitui aprovação humana.
JIM-LIT-0340,qa_validation_matrix.csv,34,O que acontece com correlações em crises?,[Pergunta presente na matriz de validação; resposta original deve ser consultada no arquivo de origem.],jim_architecture_communication,B05: The Mathematical Theory of Communication | B14: The Art of War | B04: Thinking in Bets,B06: Advances in Financial Machine Learning,"Claude Shannon & Warren Weaver, em The Mathematical Theory of Communication, reforça separar sinal de ruído; Sun Tzu, em The Art of War, reforça conhecer terreno e adversário; Annie Duke, em Thinking in Bets, reforça boa decisão pode ter mau resultado.",JIM é assistente analítico/educacional; não é advisor autônomo nem substitui aprovação humana.
JIM-LIT-0341,qa_validation_matrix.csv,35,O que é beta?,[Pergunta presente na matriz de validação; resposta original deve ser consultada no arquivo de origem.],jim_architecture_communication,B05: The Mathematical Theory of Communication | B14: The Art of War | B04: Thinking in Bets,B06: Advances in Financial Machine Learning,"Claude Shannon & Warren Weaver, em The Mathematical Theory of Communication, reforça separar sinal de ruído; Sun Tzu, em The Art of War, reforça conhecer terreno e adversário; Annie Duke, em Thinking in Bets, reforça boa decisão pode ter mau resultado.",JIM é assistente analítico/educacional; não é advisor autônomo nem substitui aprovação humana.
JIM-LIT-0342,qa_validation_matrix.csv,36,O que é alpha?,[Pergunta presente na matriz de validação; resposta original deve ser consultada no arquivo de origem.],jim_architecture_communication,B05: The Mathematical Theory of Communication | B14: The Art of War | B04: Thinking in Bets,B06: Advances in Financial Machine Learning,"Claude Shannon & Warren Weaver, em The Mathematical Theory of Communication, reforça separar sinal de ruído; Sun Tzu, em The Art of War, reforça conhecer terreno e adversário; Annie Duke, em Thinking in Bets, reforça boa decisão pode ter mau resultado.",JIM é assistente analítico/educacional; não é advisor autônomo nem substitui aprovação humana.
JIM-LIT-0343,qa_validation_matrix.csv,37,O que é RAF — Risk Acceleration Factor?,[Pergunta presente na matriz de validação; resposta original deve ser consultada no arquivo de origem.],jim_architecture_communication,B05: The Mathematical Theory of Communication | B14: The Art of War | B04: Thinking in Bets,B06: Advances in Financial Machine Learning,"Claude Shannon & Warren Weaver, em The Mathematical Theory of Communication, reforça separar sinal de ruído; Sun Tzu, em The Art of War, reforça conhecer terreno e adversário; Annie Duke, em Thinking in Bets, reforça boa decisão pode ter mau resultado.",JIM é assistente analítico/educacional; não é advisor autônomo nem substitui aprovação humana.
JIM-LIT-0344,qa_validation_matrix.csv,38,Como explicar RAF em linguagem simples?,[Pergunta presente na matriz de validação; resposta original deve ser consultada no arquivo de origem.],jim_architecture_communication,B05: The Mathematical Theory of Communication | B14: The Art of War | B04: Thinking in Bets,B06: Advances in Financial Machine Learning,"Claude Shannon & Warren Weaver, em The Mathematical Theory of Communication, reforça separar sinal de ruído; Sun Tzu, em The Art of War, reforça conhecer terreno e adversário; Annie Duke, em Thinking in Bets, reforça boa decisão pode ter mau resultado.",JIM é assistente analítico/educacional; não é advisor autônomo nem substitui aprovação humana.
JIM-LIT-0345,qa_validation_matrix.csv,39,Como ativos defensivos têm RAF baixo?,[Pergunta presente na matriz de validação; resposta original deve ser consultada no arquivo de origem.],jim_architecture_communication,B05: The Mathematical Theory of Communication | B14: The Art of War | B04: Thinking in Bets,B06: Advances in Financial Machine Learning,"Claude Shannon & Warren Weaver, em The Mathematical Theory of Communication, reforça separar sinal de ruído; Sun Tzu, em The Art of War, reforça conhecer terreno e adversário; Annie Duke, em Thinking in Bets, reforça boa decisão pode ter mau resultado.",JIM é assistente analítico/educacional; não é advisor autônomo nem substitui aprovação humana.
JIM-LIT-0346,qa_validation_matrix.csv,40,Como ativos cíclicos têm RAF alto?,[Pergunta presente na matriz de validação; resposta original deve ser consultada no arquivo de origem.],jim_architecture_communication,B05: The Mathematical Theory of Communication | B14: The Art of War | B04: Thinking in Bets,B06: Advances in Financial Machine Learning,"Claude Shannon & Warren Weaver, em The Mathematical Theory of Communication, reforça separar sinal de ruído; Sun Tzu, em The Art of War, reforça conhecer terreno e adversário; Annie Duke, em Thinking in Bets, reforça boa decisão pode ter mau resultado.",JIM é assistente analítico/educacional; não é advisor autônomo nem substitui aprovação humana.
JIM-LIT-0347,qa_validation_matrix.csv,41,O que é Temporal Portfolio Theory?,[Pergunta presente na matriz de validação; resposta original deve ser consultada no arquivo de origem.],jim_architecture_communication,B05: The Mathematical Theory of Communication | B14: The Art of War | B04: Thinking in Bets,B06: Advances in Financial Machine Learning,"Claude Shannon & Warren Weaver, em The Mathematical Theory of Communication, reforça separar sinal de ruído; Sun Tzu, em The Art of War, reforça conhecer terreno e adversário; Annie Duke, em Thinking in Bets, reforça boa decisão pode ter mau resultado.",JIM é assistente analítico/educacional; não é advisor autônomo nem substitui aprovação humana.
JIM-LIT-0348,qa_validation_matrix.csv,42,Como TPT difere de Modern Portfolio Theory?,[Pergunta presente na matriz de validação; resposta original deve ser consultada no arquivo de origem.],jim_architecture_communication,B05: The Mathematical Theory of Communication | B14: The Art of War | B04: Thinking in Bets,B06: Advances in Financial Machine Learning,"Claude Shannon & Warren Weaver, em The Mathematical Theory of Communication, reforça separar sinal de ruído; Sun Tzu, em The Art of War, reforça conhecer terreno e adversário; Annie Duke, em Thinking in Bets, reforça boa decisão pode ter mau resultado.",JIM é assistente analítico/educacional; não é advisor autônomo nem substitui aprovação humana.
JIM-LIT-0349,qa_validation_matrix.csv,43,Por que MPT pode falhar em crises?,[Pergunta presente na matriz de validação; resposta original deve ser consultada no arquivo de origem.],jim_architecture_communication,B05: The Mathematical Theory of Communication | B14: The Art of War | B04: Thinking in Bets,B06: Advances in Financial Machine Learning,"Claude Shannon & Warren Weaver, em The Mathematical Theory of Communication, reforça separar sinal de ruído; Sun Tzu, em The Art of War, reforça conhecer terreno e adversário; Annie Duke, em Thinking in Bets, reforça boa decisão pode ter mau resultado.",JIM é assistente analítico/educacional; não é advisor autônomo nem substitui aprovação humana.
JIM-LIT-0350,qa_validation_matrix.csv,44,O que significa tratar capital como sinal?,[Pergunta presente na matriz de validação; resposta original deve ser consultada no arquivo de origem.],jim_architecture_communication,B05: The Mathematical Theory of Communication | B14: The Art of War | B04: Thinking in Bets,B06: Advances in Financial Machine Learning,"Claude Shannon & Warren Weaver, em The Mathematical Theory of Communication, reforça separar sinal de ruído; Sun Tzu, em The Art of War, reforça conhecer terreno e adversário; Annie Duke, em Thinking in Bets, reforça boa decisão pode ter mau resultado.",JIM é assistente analítico/educacional; não é advisor autônomo nem substitui aprovação humana.
JIM-LIT-0351,qa_validation_matrix.csv,45,O que é signal-to-noise ratio em mercados?,[Pergunta presente na matriz de validação; resposta original deve ser consultada no arquivo de origem.],jim_architecture_communication,B05: The Mathematical Theory of Communication | B14: The Art of War | B04: Thinking in Bets,B06: Advances in Financial Machine Learning,"Claude Shannon & Warren Weaver, em The Mathematical Theory of Communication, reforça separar sinal de ruído; Sun Tzu, em The Art of War, reforça conhecer terreno e adversário; Annie Duke, em Thinking in Bets, reforça boa decisão pode ter mau resultado.",JIM é assistente analítico/educacional; não é advisor autônomo nem substitui aprovação humana.
JIM-LIT-0352,qa_validation_matrix.csv,46,Como ruído afeta decisões de investimento?,[Pergunta presente na matriz de validação; resposta original deve ser consultada no arquivo de origem.],jim_architecture_communication,B05: The Mathematical Theory of Communication | B14: The Art of War | B04: Thinking in Bets,B06: Advances in Financial Machine Learning,"Claude Shannon & Warren Weaver, em The Mathematical Theory of Communication, reforça separar sinal de ruído; Sun Tzu, em The Art of War, reforça conhecer terreno e adversário; Annie Duke, em Thinking in Bets, reforça boa decisão pode ter mau resultado.",JIM é assistente analítico/educacional; não é advisor autônomo nem substitui aprovação humana.
JIM-LIT-0353,qa_validation_matrix.csv,47,O que é momentum?,[Pergunta presente na matriz de validação; resposta original deve ser consultada no arquivo de origem.],momentum_regime_stormguard,B01: Quantitative Momentum | B02: Chaos and Order in the Capital Markets | B06: Advances in Financial Machine Learning,B07: The Misbehavior of Markets | B03: The Man Who Solved the Market,"Wesley Gray & Jack Vogel, em Quantitative Momentum, reforça momentum como prêmio persistente porém cíclico; Edgar Peters, em Chaos and Order in the Capital Markets, reforça mercados alternam ordem e caos; Marcos López de Prado, em Advances in Financial Machine Learning, reforça backtests sofrem risco de overfitting.",Não prometer proteção ou captura de tendências; explicar sinais como leitura probabilística de regime sujeita a falso positivo/falso negativo.
JIM-LIT-0354,qa_validation_matrix.csv,48,Quais evidências acadêmicas sustentam momentum?,[Pergunta presente na matriz de validação; resposta original deve ser consultada no arquivo de origem.],momentum_regime_stormguard,B01: Quantitative Momentum | B02: Chaos and Order in the Capital Markets | B06: Advances in Financial Machine Learning,B07: The Misbehavior of Markets | B03: The Man Who Solved the Market,"Wesley Gray & Jack Vogel, em Quantitative Momentum, reforça momentum como prêmio persistente porém cíclico; Edgar Peters, em Chaos and Order in the Capital Markets, reforça mercados alternam ordem e caos; Marcos López de Prado, em Advances in Financial Machine Learning, reforça backtests sofrem risco de overfitting.",Não prometer proteção ou captura de tendências; explicar sinais como leitura probabilística de regime sujeita a falso positivo/falso negativo.
JIM-LIT-0355,qa_validation_matrix.csv,49,O que é sector rotation?,[Pergunta presente na matriz de validação; resposta original deve ser consultada no arquivo de origem.],jim_architecture_communication,B05: The Mathematical Theory of Communication | B14: The Art of War | B04: Thinking in Bets,B06: Advances in Financial Machine Learning,"Claude Shannon & Warren Weaver, em The Mathematical Theory of Communication, reforça separar sinal de ruído; Sun Tzu, em The Art of War, reforça conhecer terreno e adversário; Annie Duke, em Thinking in Bets, reforça boa decisão pode ter mau resultado.",JIM é assistente analítico/educacional; não é advisor autônomo nem substitui aprovação humana.
JIM-LIT-0356,qa_validation_matrix.csv,50,O que é true sector rotation?,[Pergunta presente na matriz de validação; resposta original deve ser consultada no arquivo de origem.],jim_architecture_communication,B05: The Mathematical Theory of Communication | B14: The Art of War | B04: Thinking in Bets,B06: Advances in Financial Machine Learning,"Claude Shannon & Warren Weaver, em The Mathematical Theory of Communication, reforça separar sinal de ruído; Sun Tzu, em The Art of War, reforça conhecer terreno e adversário; Annie Duke, em Thinking in Bets, reforça boa decisão pode ter mau resultado.",JIM é assistente analítico/educacional; não é advisor autônomo nem substitui aprovação humana.
JIM-LIT-0357,qa_validation_matrix.csv,51,O que é matched filter theory?,[Pergunta presente na matriz de validação; resposta original deve ser consultada no arquivo de origem.],jim_architecture_communication,B05: The Mathematical Theory of Communication | B14: The Art of War | B04: Thinking in Bets,B06: Advances in Financial Machine Learning,"Claude Shannon & Warren Weaver, em The Mathematical Theory of Communication, reforça separar sinal de ruído; Sun Tzu, em The Art of War, reforça conhecer terreno e adversário; Annie Duke, em Thinking in Bets, reforça boa decisão pode ter mau resultado.",JIM é assistente analítico/educacional; não é advisor autônomo nem substitui aprovação humana.
JIM-LIT-0358,qa_validation_matrix.csv,52,Como processamento de sinais se aplica a mercados?,[Pergunta presente na matriz de validação; resposta original deve ser consultada no arquivo de origem.],jim_architecture_communication,B05: The Mathematical Theory of Communication | B14: The Art of War | B04: Thinking in Bets,B06: Advances in Financial Machine Learning,"Claude Shannon & Warren Weaver, em The Mathematical Theory of Communication, reforça separar sinal de ruído; Sun Tzu, em The Art of War, reforça conhecer terreno e adversário; Annie Duke, em Thinking in Bets, reforça boa decisão pode ter mau resultado.",JIM é assistente analítico/educacional; não é advisor autônomo nem substitui aprovação humana.
JIM-LIT-0359,qa_validation_matrix.csv,53,O que é Automated Polymorphic Momentum?,[Pergunta presente na matriz de validação; resposta original deve ser consultada no arquivo de origem.],momentum_regime_stormguard,B01: Quantitative Momentum | B02: Chaos and Order in the Capital Markets | B06: Advances in Financial Machine Learning,B07: The Misbehavior of Markets | B03: The Man Who Solved the Market,"Wesley Gray & Jack Vogel, em Quantitative Momentum, reforça momentum como prêmio persistente porém cíclico; Edgar Peters, em Chaos and Order in the Capital Markets, reforça mercados alternam ordem e caos; Marcos López de Prado, em Advances in Financial Machine Learning, reforça backtests sofrem risco de overfitting.",Não prometer proteção ou captura de tendências; explicar sinais como leitura probabilística de regime sujeita a falso positivo/falso negativo.
JIM-LIT-0360,qa_validation_matrix.csv,54,O que é forward-walk progressive tuning?,[Pergunta presente na matriz de validação; resposta original deve ser consultada no arquivo de origem.],jim_architecture_communication,B05: The Mathematical Theory of Communication | B14: The Art of War | B04: Thinking in Bets,B06: Advances in Financial Machine Learning,"Claude Shannon & Warren Weaver, em The Mathematical Theory of Communication, reforça separar sinal de ruído; Sun Tzu, em The Art of War, reforça conhecer terreno e adversário; Annie Duke, em Thinking in Bets, reforça boa decisão pode ter mau resultado.",JIM é assistente analítico/educacional; não é advisor autônomo nem substitui aprovação humana.
JIM-LIT-0361,qa_validation_matrix.csv,55,O que é hindsight bias em backtesting?,[Pergunta presente na matriz de validação; resposta original deve ser consultada no arquivo de origem.],performance_backtest_metrics,B06: Advances in Financial Machine Learning | B07: The Misbehavior of Markets | B10: The Most Important Thing,B11: Antifragile,"Marcos López de Prado, em Advances in Financial Machine Learning, reforça backtests sofrem risco de overfitting; Benoit Mandelbrot, em The Misbehavior of Markets, reforça retornos têm caudas gordas; Howard Marks, em The Most Important Thing, reforça risco é mais que volatilidade.","Sempre acrescentar: performance passada/backtest não garante resultado futuro; considerar custos, slippage, liquidez, impostos, overfitting e suitability."
JIM-LIT-0362,qa_validation_matrix.csv,56,Como evitar backtesting deception?,[Pergunta presente na matriz de validação; resposta original deve ser consultada no arquivo de origem.],performance_backtest_metrics,B06: Advances in Financial Machine Learning | B07: The Misbehavior of Markets | B10: The Most Important Thing,B11: Antifragile,"Marcos López de Prado, em Advances in Financial Machine Learning, reforça backtests sofrem risco de overfitting; Benoit Mandelbrot, em The Misbehavior of Markets, reforça retornos têm caudas gordas; Howard Marks, em The Most Important Thing, reforça risco é mais que volatilidade.","Sempre acrescentar: performance passada/backtest não garante resultado futuro; considerar custos, slippage, liquidez, impostos, overfitting e suitability."
JIM-LIT-0363,qa_validation_matrix.csv,57,O que é bear market avoidance?,[Pergunta presente na matriz de validação; resposta original deve ser consultada no arquivo de origem.],momentum_regime_stormguard,B01: Quantitative Momentum | B02: Chaos and Order in the Capital Markets | B06: Advances in Financial Machine Learning,B07: The Misbehavior of Markets | B03: The Man Who Solved the Market,"Wesley Gray & Jack Vogel, em Quantitative Momentum, reforça momentum como prêmio persistente porém cíclico; Edgar Peters, em Chaos and Order in the Capital Markets, reforça mercados alternam ordem e caos; Marcos López de Prado, em Advances in Financial Machine Learning, reforça backtests sofrem risco de overfitting.",Não prometer proteção ou captura de tendências; explicar sinais como leitura probabilística de regime sujeita a falso positivo/falso negativo.
JIM-LIT-0364,qa_validation_matrix.csv,58,Como a TPT trata regime de mercado?,[Pergunta presente na matriz de validação; resposta original deve ser consultada no arquivo de origem.],momentum_regime_stormguard,B01: Quantitative Momentum | B02: Chaos and Order in the Capital Markets | B06: Advances in Financial Machine Learning,B07: The Misbehavior of Markets | B03: The Man Who Solved the Market,"Wesley Gray & Jack Vogel, em Quantitative Momentum, reforça momentum como prêmio persistente porém cíclico; Edgar Peters, em Chaos and Order in the Capital Markets, reforça mercados alternam ordem e caos; Marcos López de Prado, em Advances in Financial Machine Learning, reforça backtests sofrem risco de overfitting.",Não prometer proteção ou captura de tendências; explicar sinais como leitura probabilística de regime sujeita a falso positivo/falso negativo.
JIM-LIT-0365,qa_validation_matrix.csv,59,Como explicar TPT para um advisor?,[Pergunta presente na matriz de validação; resposta original deve ser consultada no arquivo de origem.],jim_architecture_communication,B05: The Mathematical Theory of Communication | B14: The Art of War | B04: Thinking in Bets,B06: Advances in Financial Machine Learning,"Claude Shannon & Warren Weaver, em The Mathematical Theory of Communication, reforça separar sinal de ruído; Sun Tzu, em The Art of War, reforça conhecer terreno e adversário; Annie Duke, em Thinking in Bets, reforça boa decisão pode ter mau resultado.",JIM é assistente analítico/educacional; não é advisor autônomo nem substitui aprovação humana.
JIM-LIT-0366,qa_validation_matrix.csv,60,Como explicar TPT para um investidor institucional?,[Pergunta presente na matriz de validação; resposta original deve ser consultada no arquivo de origem.],behavioral_decision,B04: Thinking in Bets | B10: The Most Important Thing | B11: Antifragile,B05: The Mathematical Theory of Communication,"Annie Duke, em Thinking in Bets, reforça boa decisão pode ter mau resultado; Howard Marks, em The Most Important Thing, reforça risco é mais que volatilidade; Nassim Nicholas Taleb, em Antifragile, reforça sistemas frágeis quebram sob stress.","Evitar aconselhamento pessoal; reforçar processo decisório, probabilidades e adequação ao perfil."
JIM-LIT-0367,qa_validation_matrix.csv,61,O que é StormGuard Armor?,[Pergunta presente na matriz de validação; resposta original deve ser consultada no arquivo de origem.],momentum_regime_stormguard,B01: Quantitative Momentum | B02: Chaos and Order in the Capital Markets | B06: Advances in Financial Machine Learning,B07: The Misbehavior of Markets | B03: The Man Who Solved the Market,"Wesley Gray & Jack Vogel, em Quantitative Momentum, reforça momentum como prêmio persistente porém cíclico; Edgar Peters, em Chaos and Order in the Capital Markets, reforça mercados alternam ordem e caos; Marcos López de Prado, em Advances in Financial Machine Learning, reforça backtests sofrem risco de overfitting.",Não prometer proteção ou captura de tendências; explicar sinais como leitura probabilística de regime sujeita a falso positivo/falso negativo.
JIM-LIT-0368,qa_validation_matrix.csv,62,Quais tipos de indicadores podem compor um sistema de regime?,[Pergunta presente na matriz de validação; resposta original deve ser consultada no arquivo de origem.],momentum_regime_stormguard,B01: Quantitative Momentum | B02: Chaos and Order in the Capital Markets | B06: Advances in Financial Machine Learning,B07: The Misbehavior of Markets | B03: The Man Who Solved the Market,"Wesley Gray & Jack Vogel, em Quantitative Momentum, reforça momentum como prêmio persistente porém cíclico; Edgar Peters, em Chaos and Order in the Capital Markets, reforça mercados alternam ordem e caos; Marcos López de Prado, em Advances in Financial Machine Learning, reforça backtests sofrem risco de overfitting.",Não prometer proteção ou captura de tendências; explicar sinais como leitura probabilística de regime sujeita a falso positivo/falso negativo.
JIM-LIT-0369,qa_validation_matrix.csv,63,"Como tendência, volume e sentimento podem indicar risco?",[Pergunta presente na matriz de validação; resposta original deve ser consultada no arquivo de origem.],jim_architecture_communication,B05: The Mathematical Theory of Communication | B14: The Art of War | B04: Thinking in Bets,B06: Advances in Financial Machine Learning,"Claude Shannon & Warren Weaver, em The Mathematical Theory of Communication, reforça separar sinal de ruído; Sun Tzu, em The Art of War, reforça conhecer terreno e adversário; Annie Duke, em Thinking in Bets, reforça boa decisão pode ter mau resultado.",JIM é assistente analítico/educacional; não é advisor autônomo nem substitui aprovação humana.
JIM-LIT-0370,qa_validation_matrix.csv,64,O que é risk-on?,[Pergunta presente na matriz de validação; resposta original deve ser consultada no arquivo de origem.],jim_architecture_communication,B05: The Mathematical Theory of Communication | B14: The Art of War | B04: Thinking in Bets,B06: Advances in Financial Machine Learning,"Claude Shannon & Warren Weaver, em The Mathematical Theory of Communication, reforça separar sinal de ruído; Sun Tzu, em The Art of War, reforça conhecer terreno e adversário; Annie Duke, em Thinking in Bets, reforça boa decisão pode ter mau resultado.",JIM é assistente analítico/educacional; não é advisor autônomo nem substitui aprovação humana.
JIM-LIT-0371,qa_validation_matrix.csv,65,O que é risk-off?,[Pergunta presente na matriz de validação; resposta original deve ser consultada no arquivo de origem.],jim_architecture_communication,B05: The Mathematical Theory of Communication | B14: The Art of War | B04: Thinking in Bets,B06: Advances in Financial Machine Learning,"Claude Shannon & Warren Weaver, em The Mathematical Theory of Communication, reforça separar sinal de ruído; Sun Tzu, em The Art of War, reforça conhecer terreno e adversário; Annie Duke, em Thinking in Bets, reforça boa decisão pode ter mau resultado.",JIM é assistente analítico/educacional; não é advisor autônomo nem substitui aprovação humana.
JIM-LIT-0372,qa_validation_matrix.csv,66,O que é regime neutro?,[Pergunta presente na matriz de validação; resposta original deve ser consultada no arquivo de origem.],momentum_regime_stormguard,B01: Quantitative Momentum | B02: Chaos and Order in the Capital Markets | B06: Advances in Financial Machine Learning,B07: The Misbehavior of Markets | B03: The Man Who Solved the Market,"Wesley Gray & Jack Vogel, em Quantitative Momentum, reforça momentum como prêmio persistente porém cíclico; Edgar Peters, em Chaos and Order in the Capital Markets, reforça mercados alternam ordem e caos; Marcos López de Prado, em Advances in Financial Machine Learning, reforça backtests sofrem risco de overfitting.",Não prometer proteção ou captura de tendências; explicar sinais como leitura probabilística de regime sujeita a falso positivo/falso negativo.
JIM-LIT-0373,qa_validation_matrix.csv,67,Como explicar Bull / Bear / Neutral?,[Pergunta presente na matriz de validação; resposta original deve ser consultada no arquivo de origem.],momentum_regime_stormguard,B01: Quantitative Momentum | B02: Chaos and Order in the Capital Markets | B06: Advances in Financial Machine Learning,B07: The Misbehavior of Markets | B03: The Man Who Solved the Market,"Wesley Gray & Jack Vogel, em Quantitative Momentum, reforça momentum como prêmio persistente porém cíclico; Edgar Peters, em Chaos and Order in the Capital Markets, reforça mercados alternam ordem e caos; Marcos López de Prado, em Advances in Financial Machine Learning, reforça backtests sofrem risco de overfitting.",Não prometer proteção ou captura de tendências; explicar sinais como leitura probabilística de regime sujeita a falso positivo/falso negativo.
JIM-LIT-0374,qa_validation_matrix.csv,68,Quando um sistema defensivo vai para caixa?,[Pergunta presente na matriz de validação; resposta original deve ser consultada no arquivo de origem.],jim_architecture_communication,B05: The Mathematical Theory of Communication | B14: The Art of War | B04: Thinking in Bets,B06: Advances in Financial Machine Learning,"Claude Shannon & Warren Weaver, em The Mathematical Theory of Communication, reforça separar sinal de ruído; Sun Tzu, em The Art of War, reforça conhecer terreno e adversário; Annie Duke, em Thinking in Bets, reforça boa decisão pode ter mau resultado.",JIM é assistente analítico/educacional; não é advisor autônomo nem substitui aprovação humana.
JIM-LIT-0375,qa_validation_matrix.csv,69,Quando um sistema defensivo volta ao risco?,[Pergunta presente na matriz de validação; resposta original deve ser consultada no arquivo de origem.],jim_architecture_communication,B05: The Mathematical Theory of Communication | B14: The Art of War | B04: Thinking in Bets,B06: Advances in Financial Machine Learning,"Claude Shannon & Warren Weaver, em The Mathematical Theory of Communication, reforça separar sinal de ruído; Sun Tzu, em The Art of War, reforça conhecer terreno e adversário; Annie Duke, em Thinking in Bets, reforça boa decisão pode ter mau resultado.",JIM é assistente analítico/educacional; não é advisor autônomo nem substitui aprovação humana.
JIM-LIT-0376,qa_validation_matrix.csv,70,Como explicar que caixa é posição ativa?,[Pergunta presente na matriz de validação; resposta original deve ser consultada no arquivo de origem.],jim_architecture_communication,B05: The Mathematical Theory of Communication | B14: The Art of War | B04: Thinking in Bets,B06: Advances in Financial Machine Learning,"Claude Shannon & Warren Weaver, em The Mathematical Theory of Communication, reforça separar sinal de ruído; Sun Tzu, em The Art of War, reforça conhecer terreno e adversário; Annie Duke, em Thinking in Bets, reforça boa decisão pode ter mau resultado.",JIM é assistente analítico/educacional; não é advisor autônomo nem substitui aprovação humana.
JIM-LIT-0377,qa_validation_matrix.csv,71,Como evitar prometer proteção total contra queda?,[Pergunta presente na matriz de validação; resposta original deve ser consultada no arquivo de origem.],jim_architecture_communication,B05: The Mathematical Theory of Communication | B14: The Art of War | B04: Thinking in Bets,B06: Advances in Financial Machine Learning,"Claude Shannon & Warren Weaver, em The Mathematical Theory of Communication, reforça separar sinal de ruído; Sun Tzu, em The Art of War, reforça conhecer terreno e adversário; Annie Duke, em Thinking in Bets, reforça boa decisão pode ter mau resultado.",JIM é assistente analítico/educacional; não é advisor autônomo nem substitui aprovação humana.
JIM-LIT-0378,qa_validation_matrix.csv,72,Quais disclaimers usar sobre mecanismos defensivos?,[Pergunta presente na matriz de validação; resposta original deve ser consultada no arquivo de origem.],jim_architecture_communication,B05: The Mathematical Theory of Communication | B14: The Art of War | B04: Thinking in Bets,B06: Advances in Financial Machine Learning,"Claude Shannon & Warren Weaver, em The Mathematical Theory of Communication, reforça separar sinal de ruído; Sun Tzu, em The Art of War, reforça conhecer terreno e adversário; Annie Duke, em Thinking in Bets, reforça boa decisão pode ter mau resultado.",JIM é assistente analítico/educacional; não é advisor autônomo nem substitui aprovação humana.
JIM-LIT-0379,qa_validation_matrix.csv,73,O que é whipsaw?,[Pergunta presente na matriz de validação; resposta original deve ser consultada no arquivo de origem.],momentum_regime_stormguard,B01: Quantitative Momentum | B02: Chaos and Order in the Capital Markets | B06: Advances in Financial Machine Learning,B07: The Misbehavior of Markets | B03: The Man Who Solved the Market,"Wesley Gray & Jack Vogel, em Quantitative Momentum, reforça momentum como prêmio persistente porém cíclico; Edgar Peters, em Chaos and Order in the Capital Markets, reforça mercados alternam ordem e caos; Marcos López de Prado, em Advances in Financial Machine Learning, reforça backtests sofrem risco de overfitting.",Não prometer proteção ou captura de tendências; explicar sinais como leitura probabilística de regime sujeita a falso positivo/falso negativo.
JIM-LIT-0380,qa_validation_matrix.csv,74,Como explicar falso positivo de regime?,[Pergunta presente na matriz de validação; resposta original deve ser consultada no arquivo de origem.],momentum_regime_stormguard,B01: Quantitative Momentum | B02: Chaos and Order in the Capital Markets | B06: Advances in Financial Machine Learning,B07: The Misbehavior of Markets | B03: The Man Who Solved the Market,"Wesley Gray & Jack Vogel, em Quantitative Momentum, reforça momentum como prêmio persistente porém cíclico; Edgar Peters, em Chaos and Order in the Capital Markets, reforça mercados alternam ordem e caos; Marcos López de Prado, em Advances in Financial Machine Learning, reforça backtests sofrem risco de overfitting.",Não prometer proteção ou captura de tendências; explicar sinais como leitura probabilística de regime sujeita a falso positivo/falso negativo.
JIM-LIT-0381,qa_validation_matrix.csv,75,Como medir eficácia de um indicador de mercado?,[Pergunta presente na matriz de validação; resposta original deve ser consultada no arquivo de origem.],jim_architecture_communication,B05: The Mathematical Theory of Communication | B14: The Art of War | B04: Thinking in Bets,B06: Advances in Financial Machine Learning,"Claude Shannon & Warren Weaver, em The Mathematical Theory of Communication, reforça separar sinal de ruído; Sun Tzu, em The Art of War, reforça conhecer terreno e adversário; Annie Duke, em Thinking in Bets, reforça boa decisão pode ter mau resultado.",JIM é assistente analítico/educacional; não é advisor autônomo nem substitui aprovação humana.
JIM-LIT-0382,qa_validation_matrix.csv,76,Como comunicar ativação do StormGuard ao cliente?,[Pergunta presente na matriz de validação; resposta original deve ser consultada no arquivo de origem.],risk_number_suitability,B10: The Most Important Thing | B04: Thinking in Bets | B07: The Misbehavior of Markets,B11: Antifragile,"Howard Marks, em The Most Important Thing, reforça risco é mais que volatilidade; Annie Duke, em Thinking in Bets, reforça boa decisão pode ter mau resultado; Benoit Mandelbrot, em The Misbehavior of Markets, reforça retornos têm caudas gordas.",Não tratar Risk Number como recomendação; é linguagem de alinhamento de risco e deve exigir revisão humana/suitability.
JIM-LIT-0383,qa_validation_matrix.csv,77,Como comunicar desativação do StormGuard?,[Pergunta presente na matriz de validação; resposta original deve ser consultada no arquivo de origem.],momentum_regime_stormguard,B01: Quantitative Momentum | B02: Chaos and Order in the Capital Markets | B06: Advances in Financial Machine Learning,B07: The Misbehavior of Markets | B03: The Man Who Solved the Market,"Wesley Gray & Jack Vogel, em Quantitative Momentum, reforça momentum como prêmio persistente porém cíclico; Edgar Peters, em Chaos and Order in the Capital Markets, reforça mercados alternam ordem e caos; Marcos López de Prado, em Advances in Financial Machine Learning, reforça backtests sofrem risco de overfitting.",Não prometer proteção ou captura de tendências; explicar sinais como leitura probabilística de regime sujeita a falso positivo/falso negativo.
JIM-LIT-0384,qa_validation_matrix.csv,78,Como explicar defesa sem parecer market timing especulativo?,[Pergunta presente na matriz de validação; resposta original deve ser consultada no arquivo de origem.],jim_architecture_communication,B05: The Mathematical Theory of Communication | B14: The Art of War | B04: Thinking in Bets,B06: Advances in Financial Machine Learning,"Claude Shannon & Warren Weaver, em The Mathematical Theory of Communication, reforça separar sinal de ruído; Sun Tzu, em The Art of War, reforça conhecer terreno e adversário; Annie Duke, em Thinking in Bets, reforça boa decisão pode ter mau resultado.",JIM é assistente analítico/educacional; não é advisor autônomo nem substitui aprovação humana.
JIM-LIT-0385,qa_validation_matrix.csv,79,Como explicar que defesa prioriza sobrevivência do capital?,[Pergunta presente na matriz de validação; resposta original deve ser consultada no arquivo de origem.],jim_architecture_communication,B05: The Mathematical Theory of Communication | B14: The Art of War | B04: Thinking in Bets,B06: Advances in Financial Machine Learning,"Claude Shannon & Warren Weaver, em The Mathematical Theory of Communication, reforça separar sinal de ruído; Sun Tzu, em The Art of War, reforça conhecer terreno e adversário; Annie Duke, em Thinking in Bets, reforça boa decisão pode ter mau resultado.",JIM é assistente analítico/educacional; não é advisor autônomo nem substitui aprovação humana.
JIM-LIT-0386,qa_validation_matrix.csv,80,Quais perguntas frequentes usuários fariam sobre StormGuard?,[Pergunta presente na matriz de validação; resposta original deve ser consultada no arquivo de origem.],momentum_regime_stormguard,B01: Quantitative Momentum | B02: Chaos and Order in the Capital Markets | B06: Advances in Financial Machine Learning,B07: The Misbehavior of Markets | B03: The Man Who Solved the Market,"Wesley Gray & Jack Vogel, em Quantitative Momentum, reforça momentum como prêmio persistente porém cíclico; Edgar Peters, em Chaos and Order in the Capital Markets, reforça mercados alternam ordem e caos; Marcos López de Prado, em Advances in Financial Machine Learning, reforça backtests sofrem risco de overfitting.",Não prometer proteção ou captura de tendências; explicar sinais como leitura probabilística de regime sujeita a falso positivo/falso negativo.
JIM-LIT-0387,qa_validation_matrix.csv,81,O que é HPC11?,[Pergunta presente na matriz de validação; resposta original deve ser consultada no arquivo de origem.],momentum_regime_stormguard,B01: Quantitative Momentum | B02: Chaos and Order in the Capital Markets | B06: Advances in Financial Machine Learning,B07: The Misbehavior of Markets | B03: The Man Who Solved the Market,"Wesley Gray & Jack Vogel, em Quantitative Momentum, reforça momentum como prêmio persistente porém cíclico; Edgar Peters, em Chaos and Order in the Capital Markets, reforça mercados alternam ordem e caos; Marcos López de Prado, em Advances in Financial Machine Learning, reforça backtests sofrem risco de overfitting.",Não prometer proteção ou captura de tendências; explicar sinais como leitura probabilística de regime sujeita a falso positivo/falso negativo.
JIM-LIT-0388,qa_validation_matrix.csv,82,O que é HPC22?,[Pergunta presente na matriz de validação; resposta original deve ser consultada no arquivo de origem.],momentum_regime_stormguard,B01: Quantitative Momentum | B02: Chaos and Order in the Capital Markets | B06: Advances in Financial Machine Learning,B07: The Misbehavior of Markets | B03: The Man Who Solved the Market,"Wesley Gray & Jack Vogel, em Quantitative Momentum, reforça momentum como prêmio persistente porém cíclico; Edgar Peters, em Chaos and Order in the Capital Markets, reforça mercados alternam ordem e caos; Marcos López de Prado, em Advances in Financial Machine Learning, reforça backtests sofrem risco de overfitting.",Não prometer proteção ou captura de tendências; explicar sinais como leitura probabilística de regime sujeita a falso positivo/falso negativo.
JIM-LIT-0389,qa_validation_matrix.csv,83,Qual é a diferença entre ETF-based e stock-based strategy?,[Pergunta presente na matriz de validação; resposta original deve ser consultada no arquivo de origem.],jim_architecture_communication,B05: The Mathematical Theory of Communication | B14: The Art of War | B04: Thinking in Bets,B06: Advances in Financial Machine Learning,"Claude Shannon & Warren Weaver, em The Mathematical Theory of Communication, reforça separar sinal de ruído; Sun Tzu, em The Art of War, reforça conhecer terreno e adversário; Annie Duke, em Thinking in Bets, reforça boa decisão pode ter mau resultado.",JIM é assistente analítico/educacional; não é advisor autônomo nem substitui aprovação humana.
JIM-LIT-0390,qa_validation_matrix.csv,84,Por que HPC11 tende a ter menor volatilidade?,[Pergunta presente na matriz de validação; resposta original deve ser consultada no arquivo de origem.],performance_backtest_metrics,B06: Advances in Financial Machine Learning | B07: The Misbehavior of Markets | B10: The Most Important Thing,B11: Antifragile,"Marcos López de Prado, em Advances in Financial Machine Learning, reforça backtests sofrem risco de overfitting; Benoit Mandelbrot, em The Misbehavior of Markets, reforça retornos têm caudas gordas; Howard Marks, em The Most Important Thing, reforça risco é mais que volatilidade.","Sempre acrescentar: performance passada/backtest não garante resultado futuro; considerar custos, slippage, liquidez, impostos, overfitting e suitability."
JIM-LIT-0391,qa_validation_matrix.csv,85,Por que HPC22 tende a ter maior retorno esperado?,[Pergunta presente na matriz de validação; resposta original deve ser consultada no arquivo de origem.],performance_backtest_metrics,B06: Advances in Financial Machine Learning | B07: The Misbehavior of Markets | B10: The Most Important Thing,B11: Antifragile,"Marcos López de Prado, em Advances in Financial Machine Learning, reforça backtests sofrem risco de overfitting; Benoit Mandelbrot, em The Misbehavior of Markets, reforça retornos têm caudas gordas; Howard Marks, em The Most Important Thing, reforça risco é mais que volatilidade.","Sempre acrescentar: performance passada/backtest não garante resultado futuro; considerar custos, slippage, liquidez, impostos, overfitting e suitability."
JIM-LIT-0392,qa_validation_matrix.csv,86,Por que HPC22 tende a ter maior drawdown?,[Pergunta presente na matriz de validação; resposta original deve ser consultada no arquivo de origem.],performance_backtest_metrics,B06: Advances in Financial Machine Learning | B07: The Misbehavior of Markets | B10: The Most Important Thing,B11: Antifragile,"Marcos López de Prado, em Advances in Financial Machine Learning, reforça backtests sofrem risco de overfitting; Benoit Mandelbrot, em The Misbehavior of Markets, reforça retornos têm caudas gordas; Howard Marks, em The Most Important Thing, reforça risco é mais que volatilidade.","Sempre acrescentar: performance passada/backtest não garante resultado futuro; considerar custos, slippage, liquidez, impostos, overfitting e suitability."
JIM-LIT-0393,qa_validation_matrix.csv,87,Como explicar que maior retorno exige maior oscilação?,[Pergunta presente na matriz de validação; resposta original deve ser consultada no arquivo de origem.],performance_backtest_metrics,B06: Advances in Financial Machine Learning | B07: The Misbehavior of Markets | B10: The Most Important Thing,B11: Antifragile,"Marcos López de Prado, em Advances in Financial Machine Learning, reforça backtests sofrem risco de overfitting; Benoit Mandelbrot, em The Misbehavior of Markets, reforça retornos têm caudas gordas; Howard Marks, em The Most Important Thing, reforça risco é mais que volatilidade.","Sempre acrescentar: performance passada/backtest não garante resultado futuro; considerar custos, slippage, liquidez, impostos, overfitting e suitability."
JIM-LIT-0394,qa_validation_matrix.csv,88,Como comparar HPC11 e HPC22 sem recomendar?,[Pergunta presente na matriz de validação; resposta original deve ser consultada no arquivo de origem.],momentum_regime_stormguard,B01: Quantitative Momentum | B02: Chaos and Order in the Capital Markets | B06: Advances in Financial Machine Learning,B07: The Misbehavior of Markets | B03: The Man Who Solved the Market,"Wesley Gray & Jack Vogel, em Quantitative Momentum, reforça momentum como prêmio persistente porém cíclico; Edgar Peters, em Chaos and Order in the Capital Markets, reforça mercados alternam ordem e caos; Marcos López de Prado, em Advances in Financial Machine Learning, reforça backtests sofrem risco de overfitting.",Não prometer proteção ou captura de tendências; explicar sinais como leitura probabilística de regime sujeita a falso positivo/falso negativo.
JIM-LIT-0395,qa_validation_matrix.csv,89,Como explicar mix HPC11/HPC22?,[Pergunta presente na matriz de validação; resposta original deve ser consultada no arquivo de origem.],momentum_regime_stormguard,B01: Quantitative Momentum | B02: Chaos and Order in the Capital Markets | B06: Advances in Financial Machine Learning,B07: The Misbehavior of Markets | B03: The Man Who Solved the Market,"Wesley Gray & Jack Vogel, em Quantitative Momentum, reforça momentum como prêmio persistente porém cíclico; Edgar Peters, em Chaos and Order in the Capital Markets, reforça mercados alternam ordem e caos; Marcos López de Prado, em Advances in Financial Machine Learning, reforça backtests sofrem risco de overfitting.",Não prometer proteção ou captura de tendências; explicar sinais como leitura probabilística de regime sujeita a falso positivo/falso negativo.
JIM-LIT-0396,qa_validation_matrix.csv,90,Como explicar que uma simulação não é recomendação?,[Pergunta presente na matriz de validação; resposta original deve ser consultada no arquivo de origem.],performance_backtest_metrics,B06: Advances in Financial Machine Learning | B07: The Misbehavior of Markets | B10: The Most Important Thing,B11: Antifragile,"Marcos López de Prado, em Advances in Financial Machine Learning, reforça backtests sofrem risco de overfitting; Benoit Mandelbrot, em The Misbehavior of Markets, reforça retornos têm caudas gordas; Howard Marks, em The Most Important Thing, reforça risco é mais que volatilidade.","Sempre acrescentar: performance passada/backtest não garante resultado futuro; considerar custos, slippage, liquidez, impostos, overfitting e suitability."
JIM-LIT-0397,qa_validation_matrix.csv,91,Como explicar eficiência risco-retorno?,[Pergunta presente na matriz de validação; resposta original deve ser consultada no arquivo de origem.],performance_backtest_metrics,B06: Advances in Financial Machine Learning | B07: The Misbehavior of Markets | B10: The Most Important Thing,B11: Antifragile,"Marcos López de Prado, em Advances in Financial Machine Learning, reforça backtests sofrem risco de overfitting; Benoit Mandelbrot, em The Misbehavior of Markets, reforça retornos têm caudas gordas; Howard Marks, em The Most Important Thing, reforça risco é mais que volatilidade.","Sempre acrescentar: performance passada/backtest não garante resultado futuro; considerar custos, slippage, liquidez, impostos, overfitting e suitability."
JIM-LIT-0398,qa_validation_matrix.csv,92,Como comparar HPC11/HPC22 contra S&P 500?,[Pergunta presente na matriz de validação; resposta original deve ser consultada no arquivo de origem.],momentum_regime_stormguard,B01: Quantitative Momentum | B02: Chaos and Order in the Capital Markets | B06: Advances in Financial Machine Learning,B07: The Misbehavior of Markets | B03: The Man Who Solved the Market,"Wesley Gray & Jack Vogel, em Quantitative Momentum, reforça momentum como prêmio persistente porém cíclico; Edgar Peters, em Chaos and Order in the Capital Markets, reforça mercados alternam ordem e caos; Marcos López de Prado, em Advances in Financial Machine Learning, reforça backtests sofrem risco de overfitting.",Não prometer proteção ou captura de tendências; explicar sinais como leitura probabilística de regime sujeita a falso positivo/falso negativo.
JIM-LIT-0399,qa_validation_matrix.csv,93,Como comparar HPC11/HPC22 contra bonds?,[Pergunta presente na matriz de validação; resposta original deve ser consultada no arquivo de origem.],momentum_regime_stormguard,B01: Quantitative Momentum | B02: Chaos and Order in the Capital Markets | B06: Advances in Financial Machine Learning,B07: The Misbehavior of Markets | B03: The Man Who Solved the Market,"Wesley Gray & Jack Vogel, em Quantitative Momentum, reforça momentum como prêmio persistente porém cíclico; Edgar Peters, em Chaos and Order in the Capital Markets, reforça mercados alternam ordem e caos; Marcos López de Prado, em Advances in Financial Machine Learning, reforça backtests sofrem risco de overfitting.",Não prometer proteção ou captura de tendências; explicar sinais como leitura probabilística de regime sujeita a falso positivo/falso negativo.
JIM-LIT-0400,qa_validation_matrix.csv,94,Como comparar HPC11/HPC22 contra ouro?,[Pergunta presente na matriz de validação; resposta original deve ser consultada no arquivo de origem.],momentum_regime_stormguard,B01: Quantitative Momentum | B02: Chaos and Order in the Capital Markets | B06: Advances in Financial Machine Learning,B07: The Misbehavior of Markets | B03: The Man Who Solved the Market,"Wesley Gray & Jack Vogel, em Quantitative Momentum, reforça momentum como prêmio persistente porém cíclico; Edgar Peters, em Chaos and Order in the Capital Markets, reforça mercados alternam ordem e caos; Marcos López de Prado, em Advances in Financial Machine Learning, reforça backtests sofrem risco de overfitting.",Não prometer proteção ou captura de tendências; explicar sinais como leitura probabilística de regime sujeita a falso positivo/falso negativo.
JIM-LIT-0401,qa_validation_matrix.csv,95,Como comparar HPC11/HPC22 contra Nasdaq?,[Pergunta presente na matriz de validação; resposta original deve ser consultada no arquivo de origem.],momentum_regime_stormguard,B01: Quantitative Momentum | B02: Chaos and Order in the Capital Markets | B06: Advances in Financial Machine Learning,B07: The Misbehavior of Markets | B03: The Man Who Solved the Market,"Wesley Gray & Jack Vogel, em Quantitative Momentum, reforça momentum como prêmio persistente porém cíclico; Edgar Peters, em Chaos and Order in the Capital Markets, reforça mercados alternam ordem e caos; Marcos López de Prado, em Advances in Financial Machine Learning, reforça backtests sofrem risco de overfitting.",Não prometer proteção ou captura de tendências; explicar sinais como leitura probabilística de regime sujeita a falso positivo/falso negativo.
JIM-LIT-0402,qa_validation_matrix.csv,96,"Como explicar retorno de 1, 3, 5, 10, 20 e 30 anos?",[Pergunta presente na matriz de validação; resposta original deve ser consultada no arquivo de origem.],performance_backtest_metrics,B06: Advances in Financial Machine Learning | B07: The Misbehavior of Markets | B10: The Most Important Thing,B11: Antifragile,"Marcos López de Prado, em Advances in Financial Machine Learning, reforça backtests sofrem risco de overfitting; Benoit Mandelbrot, em The Misbehavior of Markets, reforça retornos têm caudas gordas; Howard Marks, em The Most Important Thing, reforça risco é mais que volatilidade.","Sempre acrescentar: performance passada/backtest não garante resultado futuro; considerar custos, slippage, liquidez, impostos, overfitting e suitability."
JIM-LIT-0403,qa_validation_matrix.csv,97,Como explicar histórico vs expectativa futura?,[Pergunta presente na matriz de validação; resposta original deve ser consultada no arquivo de origem.],performance_backtest_metrics,B06: Advances in Financial Machine Learning | B07: The Misbehavior of Markets | B10: The Most Important Thing,B11: Antifragile,"Marcos López de Prado, em Advances in Financial Machine Learning, reforça backtests sofrem risco de overfitting; Benoit Mandelbrot, em The Misbehavior of Markets, reforça retornos têm caudas gordas; Howard Marks, em The Most Important Thing, reforça risco é mais que volatilidade.","Sempre acrescentar: performance passada/backtest não garante resultado futuro; considerar custos, slippage, liquidez, impostos, overfitting e suitability."
JIM-LIT-0404,qa_validation_matrix.csv,98,Como explicar baixa correlação ou correlação variável?,[Pergunta presente na matriz de validação; resposta original deve ser consultada no arquivo de origem.],jim_architecture_communication,B05: The Mathematical Theory of Communication | B14: The Art of War | B04: Thinking in Bets,B06: Advances in Financial Machine Learning,"Claude Shannon & Warren Weaver, em The Mathematical Theory of Communication, reforça separar sinal de ruído; Sun Tzu, em The Art of War, reforça conhecer terreno e adversário; Annie Duke, em Thinking in Bets, reforça boa decisão pode ter mau resultado.",JIM é assistente analítico/educacional; não é advisor autônomo nem substitui aprovação humana.
JIM-LIT-0405,qa_validation_matrix.csv,99,Como explicar periodicidade de rotação?,[Pergunta presente na matriz de validação; resposta original deve ser consultada no arquivo de origem.],momentum_regime_stormguard,B01: Quantitative Momentum | B02: Chaos and Order in the Capital Markets | B06: Advances in Financial Machine Learning,B07: The Misbehavior of Markets | B03: The Man Who Solved the Market,"Wesley Gray & Jack Vogel, em Quantitative Momentum, reforça momentum como prêmio persistente porém cíclico; Edgar Peters, em Chaos and Order in the Capital Markets, reforça mercados alternam ordem e caos; Marcos López de Prado, em Advances in Financial Machine Learning, reforça backtests sofrem risco de overfitting.",Não prometer proteção ou captura de tendências; explicar sinais como leitura probabilística de regime sujeita a falso positivo/falso negativo.
JIM-LIT-0406,qa_validation_matrix.csv,100,Como explicar por que não operar vendido?,[Pergunta presente na matriz de validação; resposta original deve ser consultada no arquivo de origem.],jim_architecture_communication,B05: The Mathematical Theory of Communication | B14: The Art of War | B04: Thinking in Bets,B06: Advances in Financial Machine Learning,"Claude Shannon & Warren Weaver, em The Mathematical Theory of Communication, reforça separar sinal de ruído; Sun Tzu, em The Art of War, reforça conhecer terreno e adversário; Annie Duke, em Thinking in Bets, reforça boa decisão pode ter mau resultado.",JIM é assistente analítico/educacional; não é advisor autônomo nem substitui aprovação humana.
JIM-LIT-0407,qa_validation_matrix.csv,101,O que é um ETP?,[Pergunta presente na matriz de validação; resposta original deve ser consultada no arquivo de origem.],vehicle_tax_governance,B10: The Most Important Thing | B13: The Only Game in Town | B08: Principles for Dealing with the Changing World Order,B14: The Art of War,"Howard Marks, em The Most Important Thing, reforça risco é mais que volatilidade; Mohamed El-Erian, em The Only Game in Town, reforça bancos centrais alteram preços de ativos; Ray Dalio, em Principles for Dealing with the Changing World Order, reforça ciclos de dívida e poder moldam retornos.",Não dar aconselhamento tributário/jurídico; indicar revisão por profissional qualificado conforme jurisdição.
JIM-LIT-0408,qa_validation_matrix.csv,102,"Qual é a diferença entre ETP, ETF, ETN e fundo?",[Pergunta presente na matriz de validação; resposta original deve ser consultada no arquivo de origem.],vehicle_tax_governance,B10: The Most Important Thing | B13: The Only Game in Town | B08: Principles for Dealing with the Changing World Order,B14: The Art of War,"Howard Marks, em The Most Important Thing, reforça risco é mais que volatilidade; Mohamed El-Erian, em The Only Game in Town, reforça bancos centrais alteram preços de ativos; Ray Dalio, em Principles for Dealing with the Changing World Order, reforça ciclos de dívida e poder moldam retornos.",Não dar aconselhamento tributário/jurídico; indicar revisão por profissional qualificado conforme jurisdição.
JIM-LIT-0409,qa_validation_matrix.csv,103,Como funciona um ETP listado em bolsa?,[Pergunta presente na matriz de validação; resposta original deve ser consultada no arquivo de origem.],vehicle_tax_governance,B10: The Most Important Thing | B13: The Only Game in Town | B08: Principles for Dealing with the Changing World Order,B14: The Art of War,"Howard Marks, em The Most Important Thing, reforça risco é mais que volatilidade; Mohamed El-Erian, em The Only Game in Town, reforça bancos centrais alteram preços de ativos; Ray Dalio, em Principles for Dealing with the Changing World Order, reforça ciclos de dívida e poder moldam retornos.",Não dar aconselhamento tributário/jurídico; indicar revisão por profissional qualificado conforme jurisdição.
JIM-LIT-0410,qa_validation_matrix.csv,104,O que é ISIN?,[Pergunta presente na matriz de validação; resposta original deve ser consultada no arquivo de origem.],vehicle_tax_governance,B10: The Most Important Thing | B13: The Only Game in Town | B08: Principles for Dealing with the Changing World Order,B14: The Art of War,"Howard Marks, em The Most Important Thing, reforça risco é mais que volatilidade; Mohamed El-Erian, em The Only Game in Town, reforça bancos centrais alteram preços de ativos; Ray Dalio, em Principles for Dealing with the Changing World Order, reforça ciclos de dívida e poder moldam retornos.",Não dar aconselhamento tributário/jurídico; indicar revisão por profissional qualificado conforme jurisdição.
JIM-LIT-0411,qa_validation_matrix.csv,105,O que é LEI?,[Pergunta presente na matriz de validação; resposta original deve ser consultada no arquivo de origem.],jim_architecture_communication,B05: The Mathematical Theory of Communication | B14: The Art of War | B04: Thinking in Bets,B06: Advances in Financial Machine Learning,"Claude Shannon & Warren Weaver, em The Mathematical Theory of Communication, reforça separar sinal de ruído; Sun Tzu, em The Art of War, reforça conhecer terreno e adversário; Annie Duke, em Thinking in Bets, reforça boa decisão pode ter mau resultado.",JIM é assistente analítico/educacional; não é advisor autônomo nem substitui aprovação humana.
JIM-LIT-0412,qa_validation_matrix.csv,106,O que é NAV diário?,[Pergunta presente na matriz de validação; resposta original deve ser consultada no arquivo de origem.],vehicle_tax_governance,B10: The Most Important Thing | B13: The Only Game in Town | B08: Principles for Dealing with the Changing World Order,B14: The Art of War,"Howard Marks, em The Most Important Thing, reforça risco é mais que volatilidade; Mohamed El-Erian, em The Only Game in Town, reforça bancos centrais alteram preços de ativos; Ray Dalio, em Principles for Dealing with the Changing World Order, reforça ciclos de dívida e poder moldam retornos.",Não dar aconselhamento tributário/jurídico; indicar revisão por profissional qualificado conforme jurisdição.
JIM-LIT-0413,qa_validation_matrix.csv,107,O que é Bloomberg ticker?,[Pergunta presente na matriz de validação; resposta original deve ser consultada no arquivo de origem.],jim_architecture_communication,B05: The Mathematical Theory of Communication | B14: The Art of War | B04: Thinking in Bets,B06: Advances in Financial Machine Learning,"Claude Shannon & Warren Weaver, em The Mathematical Theory of Communication, reforça separar sinal de ruído; Sun Tzu, em The Art of War, reforça conhecer terreno e adversário; Annie Duke, em Thinking in Bets, reforça boa decisão pode ter mau resultado.",JIM é assistente analítico/educacional; não é advisor autônomo nem substitui aprovação humana.
JIM-LIT-0414,qa_validation_matrix.csv,108,Como um investidor acessa um ETP pela Bloomberg?,[Pergunta presente na matriz de validação; resposta original deve ser consultada no arquivo de origem.],behavioral_decision,B04: Thinking in Bets | B10: The Most Important Thing | B11: Antifragile,B05: The Mathematical Theory of Communication,"Annie Duke, em Thinking in Bets, reforça boa decisão pode ter mau resultado; Howard Marks, em The Most Important Thing, reforça risco é mais que volatilidade; Nassim Nicholas Taleb, em Antifragile, reforça sistemas frágeis quebram sob stress.","Evitar aconselhamento pessoal; reforçar processo decisório, probabilidades e adequação ao perfil."
JIM-LIT-0415,qa_validation_matrix.csv,109,Como explicar liquidez D+5?,[Pergunta presente na matriz de validação; resposta original deve ser consultada no arquivo de origem.],jim_architecture_communication,B05: The Mathematical Theory of Communication | B14: The Art of War | B04: Thinking in Bets,B06: Advances in Financial Machine Learning,"Claude Shannon & Warren Weaver, em The Mathematical Theory of Communication, reforça separar sinal de ruído; Sun Tzu, em The Art of War, reforça conhecer terreno e adversário; Annie Duke, em Thinking in Bets, reforça boa decisão pode ter mau resultado.",JIM é assistente analítico/educacional; não é advisor autônomo nem substitui aprovação humana.
JIM-LIT-0416,qa_validation_matrix.csv,110,O que significa possibilidade de liquidez antes de D+5?,[Pergunta presente na matriz de validação; resposta original deve ser consultada no arquivo de origem.],jim_architecture_communication,B05: The Mathematical Theory of Communication | B14: The Art of War | B04: Thinking in Bets,B06: Advances in Financial Machine Learning,"Claude Shannon & Warren Weaver, em The Mathematical Theory of Communication, reforça separar sinal de ruído; Sun Tzu, em The Art of War, reforça conhecer terreno e adversário; Annie Duke, em Thinking in Bets, reforça boa decisão pode ter mau resultado.",JIM é assistente analítico/educacional; não é advisor autônomo nem substitui aprovação humana.
JIM-LIT-0417,qa_validation_matrix.csv,111,O que é custódia?,[Pergunta presente na matriz de validação; resposta original deve ser consultada no arquivo de origem.],vehicle_tax_governance,B10: The Most Important Thing | B13: The Only Game in Town | B08: Principles for Dealing with the Changing World Order,B14: The Art of War,"Howard Marks, em The Most Important Thing, reforça risco é mais que volatilidade; Mohamed El-Erian, em The Only Game in Town, reforça bancos centrais alteram preços de ativos; Ray Dalio, em Principles for Dealing with the Changing World Order, reforça ciclos de dívida e poder moldam retornos.",Não dar aconselhamento tributário/jurídico; indicar revisão por profissional qualificado conforme jurisdição.
JIM-LIT-0418,qa_validation_matrix.csv,112,O que faz um custodiante?,[Pergunta presente na matriz de validação; resposta original deve ser consultada no arquivo de origem.],jim_architecture_communication,B05: The Mathematical Theory of Communication | B14: The Art of War | B04: Thinking in Bets,B06: Advances in Financial Machine Learning,"Claude Shannon & Warren Weaver, em The Mathematical Theory of Communication, reforça separar sinal de ruído; Sun Tzu, em The Art of War, reforça conhecer terreno e adversário; Annie Duke, em Thinking in Bets, reforça boa decisão pode ter mau resultado.",JIM é assistente analítico/educacional; não é advisor autônomo nem substitui aprovação humana.
JIM-LIT-0419,qa_validation_matrix.csv,113,Como explicar que HARPIAN não toca no dinheiro?,[Pergunta presente na matriz de validação; resposta original deve ser consultada no arquivo de origem.],jim_architecture_communication,B05: The Mathematical Theory of Communication | B14: The Art of War | B04: Thinking in Bets,B06: Advances in Financial Machine Learning,"Claude Shannon & Warren Weaver, em The Mathematical Theory of Communication, reforça separar sinal de ruído; Sun Tzu, em The Art of War, reforça conhecer terreno e adversário; Annie Duke, em Thinking in Bets, reforça boa decisão pode ter mau resultado.",JIM é assistente analítico/educacional; não é advisor autônomo nem substitui aprovação humana.
JIM-LIT-0420,qa_validation_matrix.csv,114,Como funciona auditoria Deloitte em estrutura de produto?,[Pergunta presente na matriz de validação; resposta original deve ser consultada no arquivo de origem.],vehicle_tax_governance,B10: The Most Important Thing | B13: The Only Game in Town | B08: Principles for Dealing with the Changing World Order,B14: The Art of War,"Howard Marks, em The Most Important Thing, reforça risco é mais que volatilidade; Mohamed El-Erian, em The Only Game in Town, reforça bancos centrais alteram preços de ativos; Ray Dalio, em Principles for Dealing with the Changing World Order, reforça ciclos de dívida e poder moldam retornos.",Não dar aconselhamento tributário/jurídico; indicar revisão por profissional qualificado conforme jurisdição.
JIM-LIT-0421,qa_validation_matrix.csv,115,Qual é o papel de Lynk / L-Series / Vienna Stock Exchange?,[Pergunta presente na matriz de validação; resposta original deve ser consultada no arquivo de origem.],jim_architecture_communication,B05: The Mathematical Theory of Communication | B14: The Art of War | B04: Thinking in Bets,B06: Advances in Financial Machine Learning,"Claude Shannon & Warren Weaver, em The Mathematical Theory of Communication, reforça separar sinal de ruído; Sun Tzu, em The Art of War, reforça conhecer terreno e adversário; Annie Duke, em Thinking in Bets, reforça boa decisão pode ter mau resultado.",JIM é assistente analítico/educacional; não é advisor autônomo nem substitui aprovação humana.
JIM-LIT-0422,qa_validation_matrix.csv,116,Como explicar fluxo de subscrição?,[Pergunta presente na matriz de validação; resposta original deve ser consultada no arquivo de origem.],jim_architecture_communication,B05: The Mathematical Theory of Communication | B14: The Art of War | B04: Thinking in Bets,B06: Advances in Financial Machine Learning,"Claude Shannon & Warren Weaver, em The Mathematical Theory of Communication, reforça separar sinal de ruído; Sun Tzu, em The Art of War, reforça conhecer terreno e adversário; Annie Duke, em Thinking in Bets, reforça boa decisão pode ter mau resultado.",JIM é assistente analítico/educacional; não é advisor autônomo nem substitui aprovação humana.
JIM-LIT-0423,qa_validation_matrix.csv,117,Como explicar fluxo de resgate?,[Pergunta presente na matriz de validação; resposta original deve ser consultada no arquivo de origem.],momentum_regime_stormguard,B01: Quantitative Momentum | B02: Chaos and Order in the Capital Markets | B06: Advances in Financial Machine Learning,B07: The Misbehavior of Markets | B03: The Man Who Solved the Market,"Wesley Gray & Jack Vogel, em Quantitative Momentum, reforça momentum como prêmio persistente porém cíclico; Edgar Peters, em Chaos and Order in the Capital Markets, reforça mercados alternam ordem e caos; Marcos López de Prado, em Advances in Financial Machine Learning, reforça backtests sofrem risco de overfitting.",Não prometer proteção ou captura de tendências; explicar sinais como leitura probabilística de regime sujeita a falso positivo/falso negativo.
JIM-LIT-0424,qa_validation_matrix.csv,118,Como explicar taxa de administração?,[Pergunta presente na matriz de validação; resposta original deve ser consultada no arquivo de origem.],jim_architecture_communication,B05: The Mathematical Theory of Communication | B14: The Art of War | B04: Thinking in Bets,B06: Advances in Financial Machine Learning,"Claude Shannon & Warren Weaver, em The Mathematical Theory of Communication, reforça separar sinal de ruído; Sun Tzu, em The Art of War, reforça conhecer terreno e adversário; Annie Duke, em Thinking in Bets, reforça boa decisão pode ter mau resultado.",JIM é assistente analítico/educacional; não é advisor autônomo nem substitui aprovação humana.
JIM-LIT-0425,qa_validation_matrix.csv,119,Como explicar taxa de performance?,[Pergunta presente na matriz de validação; resposta original deve ser consultada no arquivo de origem.],performance_backtest_metrics,B06: Advances in Financial Machine Learning | B07: The Misbehavior of Markets | B10: The Most Important Thing,B11: Antifragile,"Marcos López de Prado, em Advances in Financial Machine Learning, reforça backtests sofrem risco de overfitting; Benoit Mandelbrot, em The Misbehavior of Markets, reforça retornos têm caudas gordas; Howard Marks, em The Most Important Thing, reforça risco é mais que volatilidade.","Sempre acrescentar: performance passada/backtest não garante resultado futuro; considerar custos, slippage, liquidez, impostos, overfitting e suitability."
JIM-LIT-0426,qa_validation_matrix.csv,120,Como explicar spread ou custos operacionais?,[Pergunta presente na matriz de validação; resposta original deve ser consultada no arquivo de origem.],jim_architecture_communication,B05: The Mathematical Theory of Communication | B14: The Art of War | B04: Thinking in Bets,B06: Advances in Financial Machine Learning,"Claude Shannon & Warren Weaver, em The Mathematical Theory of Communication, reforça separar sinal de ruído; Sun Tzu, em The Art of War, reforça conhecer terreno e adversário; Annie Duke, em Thinking in Bets, reforça boa decisão pode ter mau resultado.",JIM é assistente analítico/educacional; não é advisor autônomo nem substitui aprovação humana.
JIM-LIT-0427,qa_validation_matrix.csv,121,Por que investidores US podem ter caminho diferente de Non-US?,[Pergunta presente na matriz de validação; resposta original deve ser consultada no arquivo de origem.],behavioral_decision,B04: Thinking in Bets | B10: The Most Important Thing | B11: Antifragile,B05: The Mathematical Theory of Communication,"Annie Duke, em Thinking in Bets, reforça boa decisão pode ter mau resultado; Howard Marks, em The Most Important Thing, reforça risco é mais que volatilidade; Nassim Nicholas Taleb, em Antifragile, reforça sistemas frágeis quebram sob stress.","Evitar aconselhamento pessoal; reforçar processo decisório, probabilidades e adequação ao perfil."
JIM-LIT-0428,qa_validation_matrix.csv,122,Quais cuidados existem ao oferecer ETP para US persons?,[Pergunta presente na matriz de validação; resposta original deve ser consultada no arquivo de origem.],vehicle_tax_governance,B10: The Most Important Thing | B13: The Only Game in Town | B08: Principles for Dealing with the Changing World Order,B14: The Art of War,"Howard Marks, em The Most Important Thing, reforça risco é mais que volatilidade; Mohamed El-Erian, em The Only Game in Town, reforça bancos centrais alteram preços de ativos; Ray Dalio, em Principles for Dealing with the Changing World Order, reforça ciclos de dívida e poder moldam retornos.",Não dar aconselhamento tributário/jurídico; indicar revisão por profissional qualificado conforme jurisdição.
JIM-LIT-0429,qa_validation_matrix.csv,123,Qual alternativa para investidor americano?,[Pergunta presente na matriz de validação; resposta original deve ser consultada no arquivo de origem.],behavioral_decision,B04: Thinking in Bets | B10: The Most Important Thing | B11: Antifragile,B05: The Mathematical Theory of Communication,"Annie Duke, em Thinking in Bets, reforça boa decisão pode ter mau resultado; Howard Marks, em The Most Important Thing, reforça risco é mais que volatilidade; Nassim Nicholas Taleb, em Antifragile, reforça sistemas frágeis quebram sob stress.","Evitar aconselhamento pessoal; reforçar processo decisório, probabilidades e adequação ao perfil."
JIM-LIT-0430,qa_validation_matrix.csv,124,Como explicar managed account para investidor americano?,[Pergunta presente na matriz de validação; resposta original deve ser consultada no arquivo de origem.],behavioral_decision,B04: Thinking in Bets | B10: The Most Important Thing | B11: Antifragile,B05: The Mathematical Theory of Communication,"Annie Duke, em Thinking in Bets, reforça boa decisão pode ter mau resultado; Howard Marks, em The Most Important Thing, reforça risco é mais que volatilidade; Nassim Nicholas Taleb, em Antifragile, reforça sistemas frágeis quebram sob stress.","Evitar aconselhamento pessoal; reforçar processo decisório, probabilidades e adequação ao perfil."
JIM-LIT-0431,qa_validation_matrix.csv,125,Como explicar ETP para investidor Non-US?,[Pergunta presente na matriz de validação; resposta original deve ser consultada no arquivo de origem.],behavioral_decision,B04: Thinking in Bets | B10: The Most Important Thing | B11: Antifragile,B05: The Mathematical Theory of Communication,"Annie Duke, em Thinking in Bets, reforça boa decisão pode ter mau resultado; Howard Marks, em The Most Important Thing, reforça risco é mais que volatilidade; Nassim Nicholas Taleb, em Antifragile, reforça sistemas frágeis quebram sob stress.","Evitar aconselhamento pessoal; reforçar processo decisório, probabilidades e adequação ao perfil."
JIM-LIT-0432,qa_validation_matrix.csv,126,Quais benefícios operacionais de ETP para Non-US?,[Pergunta presente na matriz de validação; resposta original deve ser consultada no arquivo de origem.],vehicle_tax_governance,B10: The Most Important Thing | B13: The Only Game in Town | B08: Principles for Dealing with the Changing World Order,B14: The Art of War,"Howard Marks, em The Most Important Thing, reforça risco é mais que volatilidade; Mohamed El-Erian, em The Only Game in Town, reforça bancos centrais alteram preços de ativos; Ray Dalio, em Principles for Dealing with the Changing World Order, reforça ciclos de dívida e poder moldam retornos.",Não dar aconselhamento tributário/jurídico; indicar revisão por profissional qualificado conforme jurisdição.
JIM-LIT-0433,qa_validation_matrix.csv,127,Quais benefícios sucessórios ou fiscais podem existir sem dar tax advice?,[Pergunta presente na matriz de validação; resposta original deve ser consultada no arquivo de origem.],jim_architecture_communication,B05: The Mathematical Theory of Communication | B14: The Art of War | B04: Thinking in Bets,B06: Advances in Financial Machine Learning,"Claude Shannon & Warren Weaver, em The Mathematical Theory of Communication, reforça separar sinal de ruído; Sun Tzu, em The Art of War, reforça conhecer terreno e adversário; Annie Duke, em Thinking in Bets, reforça boa decisão pode ter mau resultado.",JIM é assistente analítico/educacional; não é advisor autônomo nem substitui aprovação humana.
JIM-LIT-0434,qa_validation_matrix.csv,128,Quais disclaimers usar para temas fiscais?,[Pergunta presente na matriz de validação; resposta original deve ser consultada no arquivo de origem.],jim_architecture_communication,B05: The Mathematical Theory of Communication | B14: The Art of War | B04: Thinking in Bets,B06: Advances in Financial Machine Learning,"Claude Shannon & Warren Weaver, em The Mathematical Theory of Communication, reforça separar sinal de ruído; Sun Tzu, em The Art of War, reforça conhecer terreno e adversário; Annie Duke, em Thinking in Bets, reforça boa decisão pode ter mau resultado.",JIM é assistente analítico/educacional; não é advisor autônomo nem substitui aprovação humana.
JIM-LIT-0435,qa_validation_matrix.csv,129,Como explicar abertura de conta?,[Pergunta presente na matriz de validação; resposta original deve ser consultada no arquivo de origem.],jim_architecture_communication,B05: The Mathematical Theory of Communication | B14: The Art of War | B04: Thinking in Bets,B06: Advances in Financial Machine Learning,"Claude Shannon & Warren Weaver, em The Mathematical Theory of Communication, reforça separar sinal de ruído; Sun Tzu, em The Art of War, reforça conhecer terreno e adversário; Annie Duke, em Thinking in Bets, reforça boa decisão pode ter mau resultado.",JIM é assistente analítico/educacional; não é advisor autônomo nem substitui aprovação humana.
JIM-LIT-0436,qa_validation_matrix.csv,130,Como explicar KYC/AML?,[Pergunta presente na matriz de validação; resposta original deve ser consultada no arquivo de origem.],jim_architecture_communication,B05: The Mathematical Theory of Communication | B14: The Art of War | B04: Thinking in Bets,B06: Advances in Financial Machine Learning,"Claude Shannon & Warren Weaver, em The Mathematical Theory of Communication, reforça separar sinal de ruído; Sun Tzu, em The Art of War, reforça conhecer terreno e adversário; Annie Duke, em Thinking in Bets, reforça boa decisão pode ter mau resultado.",JIM é assistente analítico/educacional; não é advisor autônomo nem substitui aprovação humana.
JIM-LIT-0437,qa_validation_matrix.csv,131,Como explicar documentação necessária?,[Pergunta presente na matriz de validação; resposta original deve ser consultada no arquivo de origem.],jim_architecture_communication,B05: The Mathematical Theory of Communication | B14: The Art of War | B04: Thinking in Bets,B06: Advances in Financial Machine Learning,"Claude Shannon & Warren Weaver, em The Mathematical Theory of Communication, reforça separar sinal de ruído; Sun Tzu, em The Art of War, reforça conhecer terreno e adversário; Annie Duke, em Thinking in Bets, reforça boa decisão pode ter mau resultado.",JIM é assistente analítico/educacional; não é advisor autônomo nem substitui aprovação humana.
JIM-LIT-0438,qa_validation_matrix.csv,132,Como explicar suitability?,[Pergunta presente na matriz de validação; resposta original deve ser consultada no arquivo de origem.],risk_number_suitability,B10: The Most Important Thing | B04: Thinking in Bets | B07: The Misbehavior of Markets,B11: Antifragile,"Howard Marks, em The Most Important Thing, reforça risco é mais que volatilidade; Annie Duke, em Thinking in Bets, reforça boa decisão pode ter mau resultado; Benoit Mandelbrot, em The Misbehavior of Markets, reforça retornos têm caudas gordas.",Não tratar Risk Number como recomendação; é linguagem de alinhamento de risco e deve exigir revisão humana/suitability.
JIM-LIT-0439,qa_validation_matrix.csv,133,Como explicar perfil de investidor?,[Pergunta presente na matriz de validação; resposta original deve ser consultada no arquivo de origem.],risk_number_suitability,B10: The Most Important Thing | B04: Thinking in Bets | B07: The Misbehavior of Markets,B11: Antifragile,"Howard Marks, em The Most Important Thing, reforça risco é mais que volatilidade; Annie Duke, em Thinking in Bets, reforça boa decisão pode ter mau resultado; Benoit Mandelbrot, em The Misbehavior of Markets, reforça retornos têm caudas gordas.",Não tratar Risk Number como recomendação; é linguagem de alinhamento de risco e deve exigir revisão humana/suitability.
JIM-LIT-0440,qa_validation_matrix.csv,134,Como explicar mandato do Family Office?,[Pergunta presente na matriz de validação; resposta original deve ser consultada no arquivo de origem.],jim_architecture_communication,B05: The Mathematical Theory of Communication | B14: The Art of War | B04: Thinking in Bets,B06: Advances in Financial Machine Learning,"Claude Shannon & Warren Weaver, em The Mathematical Theory of Communication, reforça separar sinal de ruído; Sun Tzu, em The Art of War, reforça conhecer terreno e adversário; Annie Duke, em Thinking in Bets, reforça boa decisão pode ter mau resultado.",JIM é assistente analítico/educacional; não é advisor autônomo nem substitui aprovação humana.
JIM-LIT-0441,qa_validation_matrix.csv,135,Como explicar aceite de desalinhamento?,[Pergunta presente na matriz de validação; resposta original deve ser consultada no arquivo de origem.],risk_number_suitability,B10: The Most Important Thing | B04: Thinking in Bets | B07: The Misbehavior of Markets,B11: Antifragile,"Howard Marks, em The Most Important Thing, reforça risco é mais que volatilidade; Annie Duke, em Thinking in Bets, reforça boa decisão pode ter mau resultado; Benoit Mandelbrot, em The Misbehavior of Markets, reforça retornos têm caudas gordas.",Não tratar Risk Number como recomendação; é linguagem de alinhamento de risco e deve exigir revisão humana/suitability.
JIM-LIT-0442,qa_validation_matrix.csv,136,O que é DIME?,[Pergunta presente na matriz de validação; resposta original deve ser consultada no arquivo de origem.],jim_architecture_communication,B05: The Mathematical Theory of Communication | B14: The Art of War | B04: Thinking in Bets,B06: Advances in Financial Machine Learning,"Claude Shannon & Warren Weaver, em The Mathematical Theory of Communication, reforça separar sinal de ruído; Sun Tzu, em The Art of War, reforça conhecer terreno e adversário; Annie Duke, em Thinking in Bets, reforça boa decisão pode ter mau resultado.",JIM é assistente analítico/educacional; não é advisor autônomo nem substitui aprovação humana.
JIM-LIT-0443,qa_validation_matrix.csv,137,O que é Social Media Intelligence?,[Pergunta presente na matriz de validação; resposta original deve ser consultada no arquivo de origem.],jim_architecture_communication,B05: The Mathematical Theory of Communication | B14: The Art of War | B04: Thinking in Bets,B06: Advances in Financial Machine Learning,"Claude Shannon & Warren Weaver, em The Mathematical Theory of Communication, reforça separar sinal de ruído; Sun Tzu, em The Art of War, reforça conhecer terreno e adversário; Annie Duke, em Thinking in Bets, reforça boa decisão pode ter mau resultado.",JIM é assistente analítico/educacional; não é advisor autônomo nem substitui aprovação humana.
JIM-LIT-0444,qa_validation_matrix.csv,138,O que é Market Trend?,[Pergunta presente na matriz de validação; resposta original deve ser consultada no arquivo de origem.],momentum_regime_stormguard,B01: Quantitative Momentum | B02: Chaos and Order in the Capital Markets | B06: Advances in Financial Machine Learning,B07: The Misbehavior of Markets | B03: The Man Who Solved the Market,"Wesley Gray & Jack Vogel, em Quantitative Momentum, reforça momentum como prêmio persistente porém cíclico; Edgar Peters, em Chaos and Order in the Capital Markets, reforça mercados alternam ordem e caos; Marcos López de Prado, em Advances in Financial Machine Learning, reforça backtests sofrem risco de overfitting.",Não prometer proteção ou captura de tendências; explicar sinais como leitura probabilística de regime sujeita a falso positivo/falso negativo.
JIM-LIT-0445,qa_validation_matrix.csv,139,O que é Momentum (módulo)?,[Pergunta presente na matriz de validação; resposta original deve ser consultada no arquivo de origem.],momentum_regime_stormguard,B01: Quantitative Momentum | B02: Chaos and Order in the Capital Markets | B06: Advances in Financial Machine Learning,B07: The Misbehavior of Markets | B03: The Man Who Solved the Market,"Wesley Gray & Jack Vogel, em Quantitative Momentum, reforça momentum como prêmio persistente porém cíclico; Edgar Peters, em Chaos and Order in the Capital Markets, reforça mercados alternam ordem e caos; Marcos López de Prado, em Advances in Financial Machine Learning, reforça backtests sofrem risco de overfitting.",Não prometer proteção ou captura de tendências; explicar sinais como leitura probabilística de regime sujeita a falso positivo/falso negativo.
JIM-LIT-0446,qa_validation_matrix.csv,140,O que é Sector Momentum?,[Pergunta presente na matriz de validação; resposta original deve ser consultada no arquivo de origem.],momentum_regime_stormguard,B01: Quantitative Momentum | B02: Chaos and Order in the Capital Markets | B06: Advances in Financial Machine Learning,B07: The Misbehavior of Markets | B03: The Man Who Solved the Market,"Wesley Gray & Jack Vogel, em Quantitative Momentum, reforça momentum como prêmio persistente porém cíclico; Edgar Peters, em Chaos and Order in the Capital Markets, reforça mercados alternam ordem e caos; Marcos López de Prado, em Advances in Financial Machine Learning, reforça backtests sofrem risco de overfitting.",Não prometer proteção ou captura de tendências; explicar sinais como leitura probabilística de regime sujeita a falso positivo/falso negativo.
JIM-LIT-0447,qa_validation_matrix.csv,141,O que é Not Touch List?,[Pergunta presente na matriz de validação; resposta original deve ser consultada no arquivo de origem.],jim_architecture_communication,B05: The Mathematical Theory of Communication | B14: The Art of War | B04: Thinking in Bets,B06: Advances in Financial Machine Learning,"Claude Shannon & Warren Weaver, em The Mathematical Theory of Communication, reforça separar sinal de ruído; Sun Tzu, em The Art of War, reforça conhecer terreno e adversário; Annie Duke, em Thinking in Bets, reforça boa decisão pode ter mau resultado.",JIM é assistente analítico/educacional; não é advisor autônomo nem substitui aprovação humana.
JIM-LIT-0448,qa_validation_matrix.csv,142,O que é Planning Intelligence?,[Pergunta presente na matriz de validação; resposta original deve ser consultada no arquivo de origem.],jim_architecture_communication,B05: The Mathematical Theory of Communication | B14: The Art of War | B04: Thinking in Bets,B06: Advances in Financial Machine Learning,"Claude Shannon & Warren Weaver, em The Mathematical Theory of Communication, reforça separar sinal de ruído; Sun Tzu, em The Art of War, reforça conhecer terreno e adversário; Annie Duke, em Thinking in Bets, reforça boa decisão pode ter mau resultado.",JIM é assistente analítico/educacional; não é advisor autônomo nem substitui aprovação humana.
JIM-LIT-0449,qa_validation_matrix.csv,143,O que é Client Dashboard?,[Pergunta presente na matriz de validação; resposta original deve ser consultada no arquivo de origem.],jim_architecture_communication,B05: The Mathematical Theory of Communication | B14: The Art of War | B04: Thinking in Bets,B06: Advances in Financial Machine Learning,"Claude Shannon & Warren Weaver, em The Mathematical Theory of Communication, reforça separar sinal de ruído; Sun Tzu, em The Art of War, reforça conhecer terreno e adversário; Annie Duke, em Thinking in Bets, reforça boa decisão pode ter mau resultado.",JIM é assistente analítico/educacional; não é advisor autônomo nem substitui aprovação humana.
JIM-LIT-0450,qa_validation_matrix.csv,144,O que é Portfolio Analysis?,[Pergunta presente na matriz de validação; resposta original deve ser consultada no arquivo de origem.],jim_architecture_communication,B05: The Mathematical Theory of Communication | B14: The Art of War | B04: Thinking in Bets,B06: Advances in Financial Machine Learning,"Claude Shannon & Warren Weaver, em The Mathematical Theory of Communication, reforça separar sinal de ruído; Sun Tzu, em The Art of War, reforça conhecer terreno e adversário; Annie Duke, em Thinking in Bets, reforça boa decisão pode ter mau resultado.",JIM é assistente analítico/educacional; não é advisor autônomo nem substitui aprovação humana.
JIM-LIT-0451,qa_validation_matrix.csv,145,O que é Alignment Simulator?,[Pergunta presente na matriz de validação; resposta original deve ser consultada no arquivo de origem.],jim_architecture_communication,B05: The Mathematical Theory of Communication | B14: The Art of War | B04: Thinking in Bets,B06: Advances in Financial Machine Learning,"Claude Shannon & Warren Weaver, em The Mathematical Theory of Communication, reforça separar sinal de ruído; Sun Tzu, em The Art of War, reforça conhecer terreno e adversário; Annie Duke, em Thinking in Bets, reforça boa decisão pode ter mau resultado.",JIM é assistente analítico/educacional; não é advisor autônomo nem substitui aprovação humana.
JIM-LIT-0452,qa_validation_matrix.csv,146,O que é Risk Gap?,[Pergunta presente na matriz de validação; resposta original deve ser consultada no arquivo de origem.],jim_architecture_communication,B05: The Mathematical Theory of Communication | B14: The Art of War | B04: Thinking in Bets,B06: Advances in Financial Machine Learning,"Claude Shannon & Warren Weaver, em The Mathematical Theory of Communication, reforça separar sinal de ruído; Sun Tzu, em The Art of War, reforça conhecer terreno e adversário; Annie Duke, em Thinking in Bets, reforça boa decisão pode ter mau resultado.",JIM é assistente analítico/educacional; não é advisor autônomo nem substitui aprovação humana.
JIM-LIT-0453,qa_validation_matrix.csv,147,O que é Confidence Level?,[Pergunta presente na matriz de validação; resposta original deve ser consultada no arquivo de origem.],jim_architecture_communication,B05: The Mathematical Theory of Communication | B14: The Art of War | B04: Thinking in Bets,B06: Advances in Financial Machine Learning,"Claude Shannon & Warren Weaver, em The Mathematical Theory of Communication, reforça separar sinal de ruído; Sun Tzu, em The Art of War, reforça conhecer terreno e adversário; Annie Duke, em Thinking in Bets, reforça boa decisão pode ter mau resultado.",JIM é assistente analítico/educacional; não é advisor autônomo nem substitui aprovação humana.
JIM-LIT-0454,qa_validation_matrix.csv,148,O que é Admin Terminal?,[Pergunta presente na matriz de validação; resposta original deve ser consultada no arquivo de origem.],jim_architecture_communication,B05: The Mathematical Theory of Communication | B14: The Art of War | B04: Thinking in Bets,B06: Advances in Financial Machine Learning,"Claude Shannon & Warren Weaver, em The Mathematical Theory of Communication, reforça separar sinal de ruído; Sun Tzu, em The Art of War, reforça conhecer terreno e adversário; Annie Duke, em Thinking in Bets, reforça boa decisão pode ter mau resultado.",JIM é assistente analítico/educacional; não é advisor autônomo nem substitui aprovação humana.
JIM-LIT-0455,qa_validation_matrix.csv,149,Como o DIMA deve responder quando não souber?,[Pergunta presente na matriz de validação; resposta original deve ser consultada no arquivo de origem.],jim_architecture_communication,B05: The Mathematical Theory of Communication | B14: The Art of War | B04: Thinking in Bets,B06: Advances in Financial Machine Learning,"Claude Shannon & Warren Weaver, em The Mathematical Theory of Communication, reforça separar sinal de ruído; Sun Tzu, em The Art of War, reforça conhecer terreno e adversário; Annie Duke, em Thinking in Bets, reforça boa decisão pode ter mau resultado.",JIM é assistente analítico/educacional; não é advisor autônomo nem substitui aprovação humana.
JIM-LIT-0456,qa_validation_matrix.csv,150,Como o DIMA deve encaminhar para advisor quando o usuário entra em loop?,[Pergunta presente na matriz de validação; resposta original deve ser consultada no arquivo de origem.],jim_architecture_communication,B05: The Mathematical Theory of Communication | B14: The Art of War | B04: Thinking in Bets,B06: Advances in Financial Machine Learning,"Claude Shannon & Warren Weaver, em The Mathematical Theory of Communication, reforça separar sinal de ruído; Sun Tzu, em The Art of War, reforça conhecer terreno e adversário; Annie Duke, em Thinking in Bets, reforça boa decisão pode ter mau resultado.",JIM é assistente analítico/educacional; não é advisor autônomo nem substitui aprovação humana.
JIM-LIT-0457,qa_validation_matrix.csv,G1,Qual a vantagem tributária de investir via ETP offshore?,[Pergunta presente na matriz de validação; resposta original deve ser consultada no arquivo de origem.],vehicle_tax_governance,B10: The Most Important Thing | B13: The Only Game in Town | B08: Principles for Dealing with the Changing World Order,B14: The Art of War,"Howard Marks, em The Most Important Thing, reforça risco é mais que volatilidade; Mohamed El-Erian, em The Only Game in Town, reforça bancos centrais alteram preços de ativos; Ray Dalio, em Principles for Dealing with the Changing World Order, reforça ciclos de dívida e poder moldam retornos.",Não dar aconselhamento tributário/jurídico; indicar revisão por profissional qualificado conforme jurisdição.
JIM-LIT-0458,qa_validation_matrix.csv,G2,Qual a diferença entre investir direto vs via veículo?,[Pergunta presente na matriz de validação; resposta original deve ser consultada no arquivo de origem.],vehicle_tax_governance,B10: The Most Important Thing | B13: The Only Game in Town | B08: Principles for Dealing with the Changing World Order,B14: The Art of War,"Howard Marks, em The Most Important Thing, reforça risco é mais que volatilidade; Mohamed El-Erian, em The Only Game in Town, reforça bancos centrais alteram preços de ativos; Ray Dalio, em Principles for Dealing with the Changing World Order, reforça ciclos de dívida e poder moldam retornos.",Não dar aconselhamento tributário/jurídico; indicar revisão por profissional qualificado conforme jurisdição.
JIM-LIT-0459,qa_validation_matrix.csv,G3,Como funciona a tributação de ganho de capital em ETP?,[Pergunta presente na matriz de validação; resposta original deve ser consultada no arquivo de origem.],vehicle_tax_governance,B10: The Most Important Thing | B13: The Only Game in Town | B08: Principles for Dealing with the Changing World Order,B14: The Art of War,"Howard Marks, em The Most Important Thing, reforça risco é mais que volatilidade; Mohamed El-Erian, em The Only Game in Town, reforça bancos centrais alteram preços de ativos; Ray Dalio, em Principles for Dealing with the Changing World Order, reforça ciclos de dívida e poder moldam retornos.",Não dar aconselhamento tributário/jurídico; indicar revisão por profissional qualificado conforme jurisdição.
JIM-LIT-0460,qa_validation_matrix.csv,G4,Existe diferimento fiscal?,[Pergunta presente na matriz de validação; resposta original deve ser consultada no arquivo de origem.],jim_architecture_communication,B05: The Mathematical Theory of Communication | B14: The Art of War | B04: Thinking in Bets,B06: Advances in Financial Machine Learning,"Claude Shannon & Warren Weaver, em The Mathematical Theory of Communication, reforça separar sinal de ruído; Sun Tzu, em The Art of War, reforça conhecer terreno e adversário; Annie Duke, em Thinking in Bets, reforça boa decisão pode ter mau resultado.",JIM é assistente analítico/educacional; não é advisor autônomo nem substitui aprovação humana.
JIM-LIT-0461,qa_validation_matrix.csv,G5,Como funciona o efeito de juros compostos sem tributação intermediária?,[Pergunta presente na matriz de validação; resposta original deve ser consultada no arquivo de origem.],macro_geopolitics,B08: Principles for Dealing with the Changing World Order | B13: The Only Game in Town | B09: The End of the World Is Just the Beginning,B12: World Order,"Ray Dalio, em Principles for Dealing with the Changing World Order, reforça ciclos de dívida e poder moldam retornos; Mohamed El-Erian, em The Only Game in Town, reforça bancos centrais alteram preços de ativos; Peter Zeihan, em The End of the World Is Just the Beginning, reforça demografia e cadeias globais afetam crescimento.","Usar macro como contexto, não como previsão determinística; evitar timing de mercado baseado em narrativa."
JIM-LIT-0462,qa_validation_matrix.csv,G6,Qual impacto de imposto no longo prazo?,[Pergunta presente na matriz de validação; resposta original deve ser consultada no arquivo de origem.],jim_architecture_communication,B05: The Mathematical Theory of Communication | B14: The Art of War | B04: Thinking in Bets,B06: Advances in Financial Machine Learning,"Claude Shannon & Warren Weaver, em The Mathematical Theory of Communication, reforça separar sinal de ruído; Sun Tzu, em The Art of War, reforça conhecer terreno e adversário; Annie Duke, em Thinking in Bets, reforça boa decisão pode ter mau resultado.",JIM é assistente analítico/educacional; não é advisor autônomo nem substitui aprovação humana.
JIM-LIT-0463,qa_validation_matrix.csv,G7,Como funciona sucessão patrimonial (herança)?,[Pergunta presente na matriz de validação; resposta original deve ser consultada no arquivo de origem.],jim_architecture_communication,B05: The Mathematical Theory of Communication | B14: The Art of War | B04: Thinking in Bets,B06: Advances in Financial Machine Learning,"Claude Shannon & Warren Weaver, em The Mathematical Theory of Communication, reforça separar sinal de ruído; Sun Tzu, em The Art of War, reforça conhecer terreno e adversário; Annie Duke, em Thinking in Bets, reforça boa decisão pode ter mau resultado.",JIM é assistente analítico/educacional; não é advisor autônomo nem substitui aprovação humana.
JIM-LIT-0464,qa_validation_matrix.csv,G8,ETP pode ser comparado a eurobond?,[Pergunta presente na matriz de validação; resposta original deve ser consultada no arquivo de origem.],vehicle_tax_governance,B10: The Most Important Thing | B13: The Only Game in Town | B08: Principles for Dealing with the Changing World Order,B14: The Art of War,"Howard Marks, em The Most Important Thing, reforça risco é mais que volatilidade; Mohamed El-Erian, em The Only Game in Town, reforça bancos centrais alteram preços de ativos; Ray Dalio, em Principles for Dealing with the Changing World Order, reforça ciclos de dívida e poder moldam retornos.",Não dar aconselhamento tributário/jurídico; indicar revisão por profissional qualificado conforme jurisdição.
JIM-LIT-0465,qa_validation_matrix.csv,G9,Existe risco de bitributação?,[Pergunta presente na matriz de validação; resposta original deve ser consultada no arquivo de origem.],vehicle_tax_governance,B10: The Most Important Thing | B13: The Only Game in Town | B08: Principles for Dealing with the Changing World Order,B14: The Art of War,"Howard Marks, em The Most Important Thing, reforça risco é mais que volatilidade; Mohamed El-Erian, em The Only Game in Town, reforça bancos centrais alteram preços de ativos; Ray Dalio, em Principles for Dealing with the Changing World Order, reforça ciclos de dívida e poder moldam retornos.",Não dar aconselhamento tributário/jurídico; indicar revisão por profissional qualificado conforme jurisdição.
JIM-LIT-0466,qa_validation_matrix.csv,G10,Como isso se encaixa para residente fiscal brasileiro?,[Pergunta presente na matriz de validação; resposta original deve ser consultada no arquivo de origem.],jim_architecture_communication,B05: The Mathematical Theory of Communication | B14: The Art of War | B04: Thinking in Bets,B06: Advances in Financial Machine Learning,"Claude Shannon & Warren Weaver, em The Mathematical Theory of Communication, reforça separar sinal de ruído; Sun Tzu, em The Art of War, reforça conhecer terreno e adversário; Annie Duke, em Thinking in Bets, reforça boa decisão pode ter mau resultado.",JIM é assistente analítico/educacional; não é advisor autônomo nem substitui aprovação humana.
JIM-LIT-0467,qa_validation_matrix.csv,H1,Quem pode investir em ETP?,[Pergunta presente na matriz de validação; resposta original deve ser consultada no arquivo de origem.],vehicle_tax_governance,B10: The Most Important Thing | B13: The Only Game in Town | B08: Principles for Dealing with the Changing World Order,B14: The Art of War,"Howard Marks, em The Most Important Thing, reforça risco é mais que volatilidade; Mohamed El-Erian, em The Only Game in Town, reforça bancos centrais alteram preços de ativos; Ray Dalio, em Principles for Dealing with the Changing World Order, reforça ciclos de dívida e poder moldam retornos.",Não dar aconselhamento tributário/jurídico; indicar revisão por profissional qualificado conforme jurisdição.
JIM-LIT-0468,qa_validation_matrix.csv,H2,Por que americanos não podem investir?,[Pergunta presente na matriz de validação; resposta original deve ser consultada no arquivo de origem.],jim_architecture_communication,B05: The Mathematical Theory of Communication | B14: The Art of War | B04: Thinking in Bets,B06: Advances in Financial Machine Learning,"Claude Shannon & Warren Weaver, em The Mathematical Theory of Communication, reforça separar sinal de ruído; Sun Tzu, em The Art of War, reforça conhecer terreno e adversário; Annie Duke, em Thinking in Bets, reforça boa decisão pode ter mau resultado.",JIM é assistente analítico/educacional; não é advisor autônomo nem substitui aprovação humana.
JIM-LIT-0469,qa_validation_matrix.csv,H3,Qual a diferença entre US Person e non-US?,[Pergunta presente na matriz de validação; resposta original deve ser consultada no arquivo de origem.],jim_architecture_communication,B05: The Mathematical Theory of Communication | B14: The Art of War | B04: Thinking in Bets,B06: Advances in Financial Machine Learning,"Claude Shannon & Warren Weaver, em The Mathematical Theory of Communication, reforça separar sinal de ruído; Sun Tzu, em The Art of War, reforça conhecer terreno e adversário; Annie Duke, em Thinking in Bets, reforça boa decisão pode ter mau resultado.",JIM é assistente analítico/educacional; não é advisor autônomo nem substitui aprovação humana.
JIM-LIT-0470,qa_validation_matrix.csv,H4,Por que usamos conta administrada para americanos?,[Pergunta presente na matriz de validação; resposta original deve ser consultada no arquivo de origem.],jim_architecture_communication,B05: The Mathematical Theory of Communication | B14: The Art of War | B04: Thinking in Bets,B06: Advances in Financial Machine Learning,"Claude Shannon & Warren Weaver, em The Mathematical Theory of Communication, reforça separar sinal de ruído; Sun Tzu, em The Art of War, reforça conhecer terreno e adversário; Annie Duke, em Thinking in Bets, reforça boa decisão pode ter mau resultado.",JIM é assistente analítico/educacional; não é advisor autônomo nem substitui aprovação humana.
JIM-LIT-0471,qa_validation_matrix.csv,H5,Qual o papel da RIA?,[Pergunta presente na matriz de validação; resposta original deve ser consultada no arquivo de origem.],jim_architecture_communication,B05: The Mathematical Theory of Communication | B14: The Art of War | B04: Thinking in Bets,B06: Advances in Financial Machine Learning,"Claude Shannon & Warren Weaver, em The Mathematical Theory of Communication, reforça separar sinal de ruído; Sun Tzu, em The Art of War, reforça conhecer terreno e adversário; Annie Duke, em Thinking in Bets, reforça boa decisão pode ter mau resultado.",JIM é assistente analítico/educacional; não é advisor autônomo nem substitui aprovação humana.
JIM-LIT-0472,qa_validation_matrix.csv,H6,Como funciona Reg BI nesse contexto?,[Pergunta presente na matriz de validação; resposta original deve ser consultada no arquivo de origem.],jim_architecture_communication,B05: The Mathematical Theory of Communication | B14: The Art of War | B04: Thinking in Bets,B06: Advances in Financial Machine Learning,"Claude Shannon & Warren Weaver, em The Mathematical Theory of Communication, reforça separar sinal de ruído; Sun Tzu, em The Art of War, reforça conhecer terreno e adversário; Annie Duke, em Thinking in Bets, reforça boa decisão pode ter mau resultado.",JIM é assistente analítico/educacional; não é advisor autônomo nem substitui aprovação humana.
JIM-LIT-0473,qa_validation_matrix.csv,H7,Qual a diferença entre advisory vs execution?,[Pergunta presente na matriz de validação; resposta original deve ser consultada no arquivo de origem.],jim_architecture_communication,B05: The Mathematical Theory of Communication | B14: The Art of War | B04: Thinking in Bets,B06: Advances in Financial Machine Learning,"Claude Shannon & Warren Weaver, em The Mathematical Theory of Communication, reforça separar sinal de ruído; Sun Tzu, em The Art of War, reforça conhecer terreno e adversário; Annie Duke, em Thinking in Bets, reforça boa decisão pode ter mau resultado.",JIM é assistente analítico/educacional; não é advisor autônomo nem substitui aprovação humana.
JIM-LIT-0474,qa_validation_matrix.csv,H8,Como funciona suitability vs simulation?,[Pergunta presente na matriz de validação; resposta original deve ser consultada no arquivo de origem.],risk_number_suitability,B10: The Most Important Thing | B04: Thinking in Bets | B07: The Misbehavior of Markets,B11: Antifragile,"Howard Marks, em The Most Important Thing, reforça risco é mais que volatilidade; Annie Duke, em Thinking in Bets, reforça boa decisão pode ter mau resultado; Benoit Mandelbrot, em The Misbehavior of Markets, reforça retornos têm caudas gordas.",Não tratar Risk Number como recomendação; é linguagem de alinhamento de risco e deve exigir revisão humana/suitability.
JIM-LIT-0475,qa_validation_matrix.csv,H9,O JIM pode ser considerado advisor?,[Pergunta presente na matriz de validação; resposta original deve ser consultada no arquivo de origem.],jim_architecture_communication,B05: The Mathematical Theory of Communication | B14: The Art of War | B04: Thinking in Bets,B06: Advances in Financial Machine Learning,"Claude Shannon & Warren Weaver, em The Mathematical Theory of Communication, reforça separar sinal de ruído; Sun Tzu, em The Art of War, reforça conhecer terreno e adversário; Annie Duke, em Thinking in Bets, reforça boa decisão pode ter mau resultado.",JIM é assistente analítico/educacional; não é advisor autônomo nem substitui aprovação humana.
JIM-LIT-0476,qa_validation_matrix.csv,H10,Qual limite legal da plataforma?,[Pergunta presente na matriz de validação; resposta original deve ser consultada no arquivo de origem.],jim_architecture_communication,B05: The Mathematical Theory of Communication | B14: The Art of War | B04: Thinking in Bets,B06: Advances in Financial Machine Learning,"Claude Shannon & Warren Weaver, em The Mathematical Theory of Communication, reforça separar sinal de ruído; Sun Tzu, em The Art of War, reforça conhecer terreno e adversário; Annie Duke, em Thinking in Bets, reforça boa decisão pode ter mau resultado.",JIM é assistente analítico/educacional; não é advisor autônomo nem substitui aprovação humana.
JIM-LIT-0477,qa_validation_matrix.csv,I1,Por que não investir em ETF passivo?,[Pergunta presente na matriz de validação; resposta original deve ser consultada no arquivo de origem.],jim_architecture_communication,B05: The Mathematical Theory of Communication | B14: The Art of War | B04: Thinking in Bets,B06: Advances in Financial Machine Learning,"Claude Shannon & Warren Weaver, em The Mathematical Theory of Communication, reforça separar sinal de ruído; Sun Tzu, em The Art of War, reforça conhecer terreno e adversário; Annie Duke, em Thinking in Bets, reforça boa decisão pode ter mau resultado.",JIM é assistente analítico/educacional; não é advisor autônomo nem substitui aprovação humana.
JIM-LIT-0478,qa_validation_matrix.csv,I2,Qual diferença vs hedge fund?,[Pergunta presente na matriz de validação; resposta original deve ser consultada no arquivo de origem.],jim_architecture_communication,B05: The Mathematical Theory of Communication | B14: The Art of War | B04: Thinking in Bets,B06: Advances in Financial Machine Learning,"Claude Shannon & Warren Weaver, em The Mathematical Theory of Communication, reforça separar sinal de ruído; Sun Tzu, em The Art of War, reforça conhecer terreno e adversário; Annie Duke, em Thinking in Bets, reforça boa decisão pode ter mau resultado.",JIM é assistente analítico/educacional; não é advisor autônomo nem substitui aprovação humana.
JIM-LIT-0479,qa_validation_matrix.csv,I3,Qual diferença vs asset manager tradicional?,[Pergunta presente na matriz de validação; resposta original deve ser consultada no arquivo de origem.],jim_architecture_communication,B05: The Mathematical Theory of Communication | B14: The Art of War | B04: Thinking in Bets,B06: Advances in Financial Machine Learning,"Claude Shannon & Warren Weaver, em The Mathematical Theory of Communication, reforça separar sinal de ruído; Sun Tzu, em The Art of War, reforça conhecer terreno e adversário; Annie Duke, em Thinking in Bets, reforça boa decisão pode ter mau resultado.",JIM é assistente analítico/educacional; não é advisor autônomo nem substitui aprovação humana.
JIM-LIT-0480,qa_validation_matrix.csv,I4,Qual diferença vs quant funds?,[Pergunta presente na matriz de validação; resposta original deve ser consultada no arquivo de origem.],jim_architecture_communication,B05: The Mathematical Theory of Communication | B14: The Art of War | B04: Thinking in Bets,B06: Advances in Financial Machine Learning,"Claude Shannon & Warren Weaver, em The Mathematical Theory of Communication, reforça separar sinal de ruído; Sun Tzu, em The Art of War, reforça conhecer terreno e adversário; Annie Duke, em Thinking in Bets, reforça boa decisão pode ter mau resultado.",JIM é assistente analítico/educacional; não é advisor autônomo nem substitui aprovação humana.
JIM-LIT-0481,qa_validation_matrix.csv,I5,Por que não usar portfolio 60/40?,[Pergunta presente na matriz de validação; resposta original deve ser consultada no arquivo de origem.],jim_architecture_communication,B05: The Mathematical Theory of Communication | B14: The Art of War | B04: Thinking in Bets,B06: Advances in Financial Machine Learning,"Claude Shannon & Warren Weaver, em The Mathematical Theory of Communication, reforça separar sinal de ruído; Sun Tzu, em The Art of War, reforça conhecer terreno e adversário; Annie Duke, em Thinking in Bets, reforça boa decisão pode ter mau resultado.",JIM é assistente analítico/educacional; não é advisor autônomo nem substitui aprovação humana.
JIM-LIT-0482,qa_validation_matrix.csv,I6,Como isso se compara ao S&P?,[Pergunta presente na matriz de validação; resposta original deve ser consultada no arquivo de origem.],jim_architecture_communication,B05: The Mathematical Theory of Communication | B14: The Art of War | B04: Thinking in Bets,B06: Advances in Financial Machine Learning,"Claude Shannon & Warren Weaver, em The Mathematical Theory of Communication, reforça separar sinal de ruído; Sun Tzu, em The Art of War, reforça conhecer terreno e adversário; Annie Duke, em Thinking in Bets, reforça boa decisão pode ter mau resultado.",JIM é assistente analítico/educacional; não é advisor autônomo nem substitui aprovação humana.
JIM-LIT-0483,qa_validation_matrix.csv,I7,Como isso se comporta em crise?,[Pergunta presente na matriz de validação; resposta original deve ser consultada no arquivo de origem.],jim_architecture_communication,B05: The Mathematical Theory of Communication | B14: The Art of War | B04: Thinking in Bets,B06: Advances in Financial Machine Learning,"Claude Shannon & Warren Weaver, em The Mathematical Theory of Communication, reforça separar sinal de ruído; Sun Tzu, em The Art of War, reforça conhecer terreno e adversário; Annie Duke, em Thinking in Bets, reforça boa decisão pode ter mau resultado.",JIM é assistente analítico/educacional; não é advisor autônomo nem substitui aprovação humana.
JIM-LIT-0484,qa_validation_matrix.csv,I8,Qual diferencial real do StormGuard?,[Pergunta presente na matriz de validação; resposta original deve ser consultada no arquivo de origem.],momentum_regime_stormguard,B01: Quantitative Momentum | B02: Chaos and Order in the Capital Markets | B06: Advances in Financial Machine Learning,B07: The Misbehavior of Markets | B03: The Man Who Solved the Market,"Wesley Gray & Jack Vogel, em Quantitative Momentum, reforça momentum como prêmio persistente porém cíclico; Edgar Peters, em Chaos and Order in the Capital Markets, reforça mercados alternam ordem e caos; Marcos López de Prado, em Advances in Financial Machine Learning, reforça backtests sofrem risco de overfitting.",Não prometer proteção ou captura de tendências; explicar sinais como leitura probabilística de regime sujeita a falso positivo/falso negativo.
JIM-LIT-0485,qa_validation_matrix.csv,I9,Qual diferencial do AlphaDroid?,[Pergunta presente na matriz de validação; resposta original deve ser consultada no arquivo de origem.],momentum_regime_stormguard,B01: Quantitative Momentum | B02: Chaos and Order in the Capital Markets | B06: Advances in Financial Machine Learning,B07: The Misbehavior of Markets | B03: The Man Who Solved the Market,"Wesley Gray & Jack Vogel, em Quantitative Momentum, reforça momentum como prêmio persistente porém cíclico; Edgar Peters, em Chaos and Order in the Capital Markets, reforça mercados alternam ordem e caos; Marcos López de Prado, em Advances in Financial Machine Learning, reforça backtests sofrem risco de overfitting.",Não prometer proteção ou captura de tendências; explicar sinais como leitura probabilística de regime sujeita a falso positivo/falso negativo.
JIM-LIT-0486,qa_validation_matrix.csv,I10,Isso é replicável por outro gestor?,[Pergunta presente na matriz de validação; resposta original deve ser consultada no arquivo de origem.],jim_architecture_communication,B05: The Mathematical Theory of Communication | B14: The Art of War | B04: Thinking in Bets,B06: Advances in Financial Machine Learning,"Claude Shannon & Warren Weaver, em The Mathematical Theory of Communication, reforça separar sinal de ruído; Sun Tzu, em The Art of War, reforça conhecer terreno e adversário; Annie Duke, em Thinking in Bets, reforça boa decisão pode ter mau resultado.",JIM é assistente analítico/educacional; não é advisor autônomo nem substitui aprovação humana.
JIM-LIT-0487,qa_validation_matrix.csv,J1,O que é um portfólio conservative?,[Pergunta presente na matriz de validação; resposta original deve ser consultada no arquivo de origem.],jim_architecture_communication,B05: The Mathematical Theory of Communication | B14: The Art of War | B04: Thinking in Bets,B06: Advances in Financial Machine Learning,"Claude Shannon & Warren Weaver, em The Mathematical Theory of Communication, reforça separar sinal de ruído; Sun Tzu, em The Art of War, reforça conhecer terreno e adversário; Annie Duke, em Thinking in Bets, reforça boa decisão pode ter mau resultado.",JIM é assistente analítico/educacional; não é advisor autônomo nem substitui aprovação humana.
JIM-LIT-0488,qa_validation_matrix.csv,J2,O que é balanced?,[Pergunta presente na matriz de validação; resposta original deve ser consultada no arquivo de origem.],jim_architecture_communication,B05: The Mathematical Theory of Communication | B14: The Art of War | B04: Thinking in Bets,B06: Advances in Financial Machine Learning,"Claude Shannon & Warren Weaver, em The Mathematical Theory of Communication, reforça separar sinal de ruído; Sun Tzu, em The Art of War, reforça conhecer terreno e adversário; Annie Duke, em Thinking in Bets, reforça boa decisão pode ter mau resultado.",JIM é assistente analítico/educacional; não é advisor autônomo nem substitui aprovação humana.
JIM-LIT-0489,qa_validation_matrix.csv,J3,O que é growth?,[Pergunta presente na matriz de validação; resposta original deve ser consultada no arquivo de origem.],jim_architecture_communication,B05: The Mathematical Theory of Communication | B14: The Art of War | B04: Thinking in Bets,B06: Advances in Financial Machine Learning,"Claude Shannon & Warren Weaver, em The Mathematical Theory of Communication, reforça separar sinal de ruído; Sun Tzu, em The Art of War, reforça conhecer terreno e adversário; Annie Duke, em Thinking in Bets, reforça boa decisão pode ter mau resultado.",JIM é assistente analítico/educacional; não é advisor autônomo nem substitui aprovação humana.
JIM-LIT-0490,qa_validation_matrix.csv,J4,Como o Risk Number define isso?,[Pergunta presente na matriz de validação; resposta original deve ser consultada no arquivo de origem.],risk_number_suitability,B10: The Most Important Thing | B04: Thinking in Bets | B07: The Misbehavior of Markets,B11: Antifragile,"Howard Marks, em The Most Important Thing, reforça risco é mais que volatilidade; Annie Duke, em Thinking in Bets, reforça boa decisão pode ter mau resultado; Benoit Mandelbrot, em The Misbehavior of Markets, reforça retornos têm caudas gordas.",Não tratar Risk Number como recomendação; é linguagem de alinhamento de risco e deve exigir revisão humana/suitability.
JIM-LIT-0491,qa_validation_matrix.csv,J5,Qual diferença entre income vs growth?,[Pergunta presente na matriz de validação; resposta original deve ser consultada no arquivo de origem.],jim_architecture_communication,B05: The Mathematical Theory of Communication | B14: The Art of War | B04: Thinking in Bets,B06: Advances in Financial Machine Learning,"Claude Shannon & Warren Weaver, em The Mathematical Theory of Communication, reforça separar sinal de ruído; Sun Tzu, em The Art of War, reforça conhecer terreno e adversário; Annie Duke, em Thinking in Bets, reforça boa decisão pode ter mau resultado.",JIM é assistente analítico/educacional; não é advisor autônomo nem substitui aprovação humana.
JIM-LIT-0492,qa_validation_matrix.csv,J6,Como escolher modelo adequado?,[Pergunta presente na matriz de validação; resposta original deve ser consultada no arquivo de origem.],jim_architecture_communication,B05: The Mathematical Theory of Communication | B14: The Art of War | B04: Thinking in Bets,B06: Advances in Financial Machine Learning,"Claude Shannon & Warren Weaver, em The Mathematical Theory of Communication, reforça separar sinal de ruído; Sun Tzu, em The Art of War, reforça conhecer terreno e adversário; Annie Duke, em Thinking in Bets, reforça boa decisão pode ter mau resultado.",JIM é assistente analítico/educacional; não é advisor autônomo nem substitui aprovação humana.
JIM-LIT-0493,qa_validation_matrix.csv,J7,Qual drawdown esperado por perfil?,[Pergunta presente na matriz de validação; resposta original deve ser consultada no arquivo de origem.],risk_number_suitability,B10: The Most Important Thing | B04: Thinking in Bets | B07: The Misbehavior of Markets,B11: Antifragile,"Howard Marks, em The Most Important Thing, reforça risco é mais que volatilidade; Annie Duke, em Thinking in Bets, reforça boa decisão pode ter mau resultado; Benoit Mandelbrot, em The Misbehavior of Markets, reforça retornos têm caudas gordas.",Não tratar Risk Number como recomendação; é linguagem de alinhamento de risco e deve exigir revisão humana/suitability.
JIM-LIT-0494,qa_validation_matrix.csv,J8,Qual CAGR esperado por perfil?,[Pergunta presente na matriz de validação; resposta original deve ser consultada no arquivo de origem.],risk_number_suitability,B10: The Most Important Thing | B04: Thinking in Bets | B07: The Misbehavior of Markets,B11: Antifragile,"Howard Marks, em The Most Important Thing, reforça risco é mais que volatilidade; Annie Duke, em Thinking in Bets, reforça boa decisão pode ter mau resultado; Benoit Mandelbrot, em The Misbehavior of Markets, reforça retornos têm caudas gordas.",Não tratar Risk Number como recomendação; é linguagem de alinhamento de risco e deve exigir revisão humana/suitability.
JIM-LIT-0495,qa_validation_matrix.csv,J9,Qual horizonte ideal por perfil?,[Pergunta presente na matriz de validação; resposta original deve ser consultada no arquivo de origem.],risk_number_suitability,B10: The Most Important Thing | B04: Thinking in Bets | B07: The Misbehavior of Markets,B11: Antifragile,"Howard Marks, em The Most Important Thing, reforça risco é mais que volatilidade; Annie Duke, em Thinking in Bets, reforça boa decisão pode ter mau resultado; Benoit Mandelbrot, em The Misbehavior of Markets, reforça retornos têm caudas gordas.",Não tratar Risk Number como recomendação; é linguagem de alinhamento de risco e deve exigir revisão humana/suitability.
JIM-LIT-0496,qa_validation_matrix.csv,J10,Como migrar entre perfis?,[Pergunta presente na matriz de validação; resposta original deve ser consultada no arquivo de origem.],jim_architecture_communication,B05: The Mathematical Theory of Communication | B14: The Art of War | B04: Thinking in Bets,B06: Advances in Financial Machine Learning,"Claude Shannon & Warren Weaver, em The Mathematical Theory of Communication, reforça separar sinal de ruído; Sun Tzu, em The Art of War, reforça conhecer terreno e adversário; Annie Duke, em Thinking in Bets, reforça boa decisão pode ter mau resultado.",JIM é assistente analítico/educacional; não é advisor autônomo nem substitui aprovação humana.
JIM-LIT-0497,qa_validation_matrix.csv,K1,O sistema usa alavancagem?,[Pergunta presente na matriz de validação; resposta original deve ser consultada no arquivo de origem.],jim_architecture_communication,B05: The Mathematical Theory of Communication | B14: The Art of War | B04: Thinking in Bets,B06: Advances in Financial Machine Learning,"Claude Shannon & Warren Weaver, em The Mathematical Theory of Communication, reforça separar sinal de ruído; Sun Tzu, em The Art of War, reforça conhecer terreno e adversário; Annie Duke, em Thinking in Bets, reforça boa decisão pode ter mau resultado.",JIM é assistente analítico/educacional; não é advisor autônomo nem substitui aprovação humana.
JIM-LIT-0498,qa_validation_matrix.csv,K2,O sistema faz short?,[Pergunta presente na matriz de validação; resposta original deve ser consultada no arquivo de origem.],jim_architecture_communication,B05: The Mathematical Theory of Communication | B14: The Art of War | B04: Thinking in Bets,B06: Advances in Financial Machine Learning,"Claude Shannon & Warren Weaver, em The Mathematical Theory of Communication, reforça separar sinal de ruído; Sun Tzu, em The Art of War, reforça conhecer terreno e adversário; Annie Duke, em Thinking in Bets, reforça boa decisão pode ter mau resultado.",JIM é assistente analítico/educacional; não é advisor autônomo nem substitui aprovação humana.
JIM-LIT-0499,qa_validation_matrix.csv,K3,Usa derivativos?,[Pergunta presente na matriz de validação; resposta original deve ser consultada no arquivo de origem.],jim_architecture_communication,B05: The Mathematical Theory of Communication | B14: The Art of War | B04: Thinking in Bets,B06: Advances in Financial Machine Learning,"Claude Shannon & Warren Weaver, em The Mathematical Theory of Communication, reforça separar sinal de ruído; Sun Tzu, em The Art of War, reforça conhecer terreno e adversário; Annie Duke, em Thinking in Bets, reforça boa decisão pode ter mau resultado.",JIM é assistente analítico/educacional; não é advisor autônomo nem substitui aprovação humana.
JIM-LIT-0500,qa_validation_matrix.csv,K4,Usa opções?,[Pergunta presente na matriz de validação; resposta original deve ser consultada no arquivo de origem.],jim_architecture_communication,B05: The Mathematical Theory of Communication | B14: The Art of War | B04: Thinking in Bets,B06: Advances in Financial Machine Learning,"Claude Shannon & Warren Weaver, em The Mathematical Theory of Communication, reforça separar sinal de ruído; Sun Tzu, em The Art of War, reforça conhecer terreno e adversário; Annie Duke, em Thinking in Bets, reforça boa decisão pode ter mau resultado.",JIM é assistente analítico/educacional; não é advisor autônomo nem substitui aprovação humana.
JIM-LIT-0501,qa_validation_matrix.csv,K5,Opera intraday?,[Pergunta presente na matriz de validação; resposta original deve ser consultada no arquivo de origem.],jim_architecture_communication,B05: The Mathematical Theory of Communication | B14: The Art of War | B04: Thinking in Bets,B06: Advances in Financial Machine Learning,"Claude Shannon & Warren Weaver, em The Mathematical Theory of Communication, reforça separar sinal de ruído; Sun Tzu, em The Art of War, reforça conhecer terreno e adversário; Annie Duke, em Thinking in Bets, reforça boa decisão pode ter mau resultado.",JIM é assistente analítico/educacional; não é advisor autônomo nem substitui aprovação humana.
JIM-LIT-0502,qa_validation_matrix.csv,K6,Qual frequência de trade?,[Pergunta presente na matriz de validação; resposta original deve ser consultada no arquivo de origem.],jim_architecture_communication,B05: The Mathematical Theory of Communication | B14: The Art of War | B04: Thinking in Bets,B06: Advances in Financial Machine Learning,"Claude Shannon & Warren Weaver, em The Mathematical Theory of Communication, reforça separar sinal de ruído; Sun Tzu, em The Art of War, reforça conhecer terreno e adversário; Annie Duke, em Thinking in Bets, reforça boa decisão pode ter mau resultado.",JIM é assistente analítico/educacional; não é advisor autônomo nem substitui aprovação humana.
JIM-LIT-0503,qa_validation_matrix.csv,K7,Existe market timing?,[Pergunta presente na matriz de validação; resposta original deve ser consultada no arquivo de origem.],jim_architecture_communication,B05: The Mathematical Theory of Communication | B14: The Art of War | B04: Thinking in Bets,B06: Advances in Financial Machine Learning,"Claude Shannon & Warren Weaver, em The Mathematical Theory of Communication, reforça separar sinal de ruído; Sun Tzu, em The Art of War, reforça conhecer terreno e adversário; Annie Duke, em Thinking in Bets, reforça boa decisão pode ter mau resultado.",JIM é assistente analítico/educacional; não é advisor autônomo nem substitui aprovação humana.
JIM-LIT-0504,qa_validation_matrix.csv,K8,Existe discretionary override?,[Pergunta presente na matriz de validação; resposta original deve ser consultada no arquivo de origem.],jim_architecture_communication,B05: The Mathematical Theory of Communication | B14: The Art of War | B04: Thinking in Bets,B06: Advances in Financial Machine Learning,"Claude Shannon & Warren Weaver, em The Mathematical Theory of Communication, reforça separar sinal de ruído; Sun Tzu, em The Art of War, reforça conhecer terreno e adversário; Annie Duke, em Thinking in Bets, reforça boa decisão pode ter mau resultado.",JIM é assistente analítico/educacional; não é advisor autônomo nem substitui aprovação humana.
JIM-LIT-0505,qa_validation_matrix.csv,K9,Existe risco de liquidez?,[Pergunta presente na matriz de validação; resposta original deve ser consultada no arquivo de origem.],jim_architecture_communication,B05: The Mathematical Theory of Communication | B14: The Art of War | B04: Thinking in Bets,B06: Advances in Financial Machine Learning,"Claude Shannon & Warren Weaver, em The Mathematical Theory of Communication, reforça separar sinal de ruído; Sun Tzu, em The Art of War, reforça conhecer terreno e adversário; Annie Duke, em Thinking in Bets, reforça boa decisão pode ter mau resultado.",JIM é assistente analítico/educacional; não é advisor autônomo nem substitui aprovação humana.
JIM-LIT-0506,qa_validation_matrix.csv,K10,Existe risco de execução?,[Pergunta presente na matriz de validação; resposta original deve ser consultada no arquivo de origem.],jim_architecture_communication,B05: The Mathematical Theory of Communication | B14: The Art of War | B04: Thinking in Bets,B06: Advances in Financial Machine Learning,"Claude Shannon & Warren Weaver, em The Mathematical Theory of Communication, reforça separar sinal de ruído; Sun Tzu, em The Art of War, reforça conhecer terreno e adversário; Annie Duke, em Thinking in Bets, reforça boa decisão pode ter mau resultado.",JIM é assistente analítico/educacional; não é advisor autônomo nem substitui aprovação humana.
JIM-LIT-0507,qa_validation_matrix.csv,L1,A plataforma inclui cripto?,[Pergunta presente na matriz de validação; resposta original deve ser consultada no arquivo de origem.],jim_architecture_communication,B05: The Mathematical Theory of Communication | B14: The Art of War | B04: Thinking in Bets,B06: Advances in Financial Machine Learning,"Claude Shannon & Warren Weaver, em The Mathematical Theory of Communication, reforça separar sinal de ruído; Sun Tzu, em The Art of War, reforça conhecer terreno e adversário; Annie Duke, em Thinking in Bets, reforça boa decisão pode ter mau resultado.",JIM é assistente analítico/educacional; não é advisor autônomo nem substitui aprovação humana.
JIM-LIT-0508,qa_validation_matrix.csv,L2,Cripto entra no AlphaDroid?,[Pergunta presente na matriz de validação; resposta original deve ser consultada no arquivo de origem.],momentum_regime_stormguard,B01: Quantitative Momentum | B02: Chaos and Order in the Capital Markets | B06: Advances in Financial Machine Learning,B07: The Misbehavior of Markets | B03: The Man Who Solved the Market,"Wesley Gray & Jack Vogel, em Quantitative Momentum, reforça momentum como prêmio persistente porém cíclico; Edgar Peters, em Chaos and Order in the Capital Markets, reforça mercados alternam ordem e caos; Marcos López de Prado, em Advances in Financial Machine Learning, reforça backtests sofrem risco de overfitting.",Não prometer proteção ou captura de tendências; explicar sinais como leitura probabilística de regime sujeita a falso positivo/falso negativo.
JIM-LIT-0509,qa_validation_matrix.csv,L3,Como tratar volatilidade extrema?,[Pergunta presente na matriz de validação; resposta original deve ser consultada no arquivo de origem.],performance_backtest_metrics,B06: Advances in Financial Machine Learning | B07: The Misbehavior of Markets | B10: The Most Important Thing,B11: Antifragile,"Marcos López de Prado, em Advances in Financial Machine Learning, reforça backtests sofrem risco de overfitting; Benoit Mandelbrot, em The Misbehavior of Markets, reforça retornos têm caudas gordas; Howard Marks, em The Most Important Thing, reforça risco é mais que volatilidade.","Sempre acrescentar: performance passada/backtest não garante resultado futuro; considerar custos, slippage, liquidez, impostos, overfitting e suitability."
JIM-LIT-0510,qa_validation_matrix.csv,L4,Cripto altera Risk Number?,[Pergunta presente na matriz de validação; resposta original deve ser consultada no arquivo de origem.],risk_number_suitability,B10: The Most Important Thing | B04: Thinking in Bets | B07: The Misbehavior of Markets,B11: Antifragile,"Howard Marks, em The Most Important Thing, reforça risco é mais que volatilidade; Annie Duke, em Thinking in Bets, reforça boa decisão pode ter mau resultado; Benoit Mandelbrot, em The Misbehavior of Markets, reforça retornos têm caudas gordas.",Não tratar Risk Number como recomendação; é linguagem de alinhamento de risco e deve exigir revisão humana/suitability.
JIM-LIT-0511,qa_validation_matrix.csv,L5,Pode entrar em HPC?,[Pergunta presente na matriz de validação; resposta original deve ser consultada no arquivo de origem.],momentum_regime_stormguard,B01: Quantitative Momentum | B02: Chaos and Order in the Capital Markets | B06: Advances in Financial Machine Learning,B07: The Misbehavior of Markets | B03: The Man Who Solved the Market,"Wesley Gray & Jack Vogel, em Quantitative Momentum, reforça momentum como prêmio persistente porém cíclico; Edgar Peters, em Chaos and Order in the Capital Markets, reforça mercados alternam ordem e caos; Marcos López de Prado, em Advances in Financial Machine Learning, reforça backtests sofrem risco de overfitting.",Não prometer proteção ou captura de tendências; explicar sinais como leitura probabilística de regime sujeita a falso positivo/falso negativo.
JIM-LIT-0512,qa_validation_matrix.csv,L6,Existe estratégia específica para cripto?,[Pergunta presente na matriz de validação; resposta original deve ser consultada no arquivo de origem.],jim_architecture_communication,B05: The Mathematical Theory of Communication | B14: The Art of War | B04: Thinking in Bets,B06: Advances in Financial Machine Learning,"Claude Shannon & Warren Weaver, em The Mathematical Theory of Communication, reforça separar sinal de ruído; Sun Tzu, em The Art of War, reforça conhecer terreno e adversário; Annie Duke, em Thinking in Bets, reforça boa decisão pode ter mau resultado.",JIM é assistente analítico/educacional; não é advisor autônomo nem substitui aprovação humana.
JIM-LIT-0513,qa_validation_matrix.csv,L7,Como integrar com regime?,[Pergunta presente na matriz de validação; resposta original deve ser consultada no arquivo de origem.],momentum_regime_stormguard,B01: Quantitative Momentum | B02: Chaos and Order in the Capital Markets | B06: Advances in Financial Machine Learning,B07: The Misbehavior of Markets | B03: The Man Who Solved the Market,"Wesley Gray & Jack Vogel, em Quantitative Momentum, reforça momentum como prêmio persistente porém cíclico; Edgar Peters, em Chaos and Order in the Capital Markets, reforça mercados alternam ordem e caos; Marcos López de Prado, em Advances in Financial Machine Learning, reforça backtests sofrem risco de overfitting.",Não prometer proteção ou captura de tendências; explicar sinais como leitura probabilística de regime sujeita a falso positivo/falso negativo.
JIM-LIT-0514,qa_validation_matrix.csv,L8,Existe hedge para cripto?,[Pergunta presente na matriz de validação; resposta original deve ser consultada no arquivo de origem.],jim_architecture_communication,B05: The Mathematical Theory of Communication | B14: The Art of War | B04: Thinking in Bets,B06: Advances in Financial Machine Learning,"Claude Shannon & Warren Weaver, em The Mathematical Theory of Communication, reforça separar sinal de ruído; Sun Tzu, em The Art of War, reforça conhecer terreno e adversário; Annie Duke, em Thinking in Bets, reforça boa decisão pode ter mau resultado.",JIM é assistente analítico/educacional; não é advisor autônomo nem substitui aprovação humana.
JIM-LIT-0515,qa_validation_matrix.csv,L9,Qual papel de cripto no portfólio?,[Pergunta presente na matriz de validação; resposta original deve ser consultada no arquivo de origem.],jim_architecture_communication,B05: The Mathematical Theory of Communication | B14: The Art of War | B04: Thinking in Bets,B06: Advances in Financial Machine Learning,"Claude Shannon & Warren Weaver, em The Mathematical Theory of Communication, reforça separar sinal de ruído; Sun Tzu, em The Art of War, reforça conhecer terreno e adversário; Annie Duke, em Thinking in Bets, reforça boa decisão pode ter mau resultado.",JIM é assistente analítico/educacional; não é advisor autônomo nem substitui aprovação humana.
JIM-LIT-0516,qa_validation_matrix.csv,L10,Cripto melhora ou piora o Alignment?,[Pergunta presente na matriz de validação; resposta original deve ser consultada no arquivo de origem.],jim_architecture_communication,B05: The Mathematical Theory of Communication | B14: The Art of War | B04: Thinking in Bets,B06: Advances in Financial Machine Learning,"Claude Shannon & Warren Weaver, em The Mathematical Theory of Communication, reforça separar sinal de ruído; Sun Tzu, em The Art of War, reforça conhecer terreno e adversário; Annie Duke, em Thinking in Bets, reforça boa decisão pode ter mau resultado.",JIM é assistente analítico/educacional; não é advisor autônomo nem substitui aprovação humana.
JIM-LIT-0517,qa_validation_matrix.csv,M1,Quanto estou perdendo por estar desalinhado?,[Pergunta presente na matriz de validação; resposta original deve ser consultada no arquivo de origem.],jim_architecture_communication,B05: The Mathematical Theory of Communication | B14: The Art of War | B04: Thinking in Bets,B06: Advances in Financial Machine Learning,"Claude Shannon & Warren Weaver, em The Mathematical Theory of Communication, reforça separar sinal de ruído; Sun Tzu, em The Art of War, reforça conhecer terreno e adversário; Annie Duke, em Thinking in Bets, reforça boa decisão pode ter mau resultado.",JIM é assistente analítico/educacional; não é advisor autônomo nem substitui aprovação humana.
JIM-LIT-0518,qa_validation_matrix.csv,M2,Quanto eu deveria ter hoje?,[Pergunta presente na matriz de validação; resposta original deve ser consultada no arquivo de origem.],jim_architecture_communication,B05: The Mathematical Theory of Communication | B14: The Art of War | B04: Thinking in Bets,B06: Advances in Financial Machine Learning,"Claude Shannon & Warren Weaver, em The Mathematical Theory of Communication, reforça separar sinal de ruído; Sun Tzu, em The Art of War, reforça conhecer terreno e adversário; Annie Duke, em Thinking in Bets, reforça boa decisão pode ter mau resultado.",JIM é assistente analítico/educacional; não é advisor autônomo nem substitui aprovação humana.
JIM-LIT-0519,qa_validation_matrix.csv,M3,Qual o custo de não agir?,[Pergunta presente na matriz de validação; resposta original deve ser consultada no arquivo de origem.],jim_architecture_communication,B05: The Mathematical Theory of Communication | B14: The Art of War | B04: Thinking in Bets,B06: Advances in Financial Machine Learning,"Claude Shannon & Warren Weaver, em The Mathematical Theory of Communication, reforça separar sinal de ruído; Sun Tzu, em The Art of War, reforça conhecer terreno e adversário; Annie Duke, em Thinking in Bets, reforça boa decisão pode ter mau resultado.",JIM é assistente analítico/educacional; não é advisor autônomo nem substitui aprovação humana.
JIM-LIT-0520,qa_validation_matrix.csv,M4,Quanto tempo estou atrasado?,[Pergunta presente na matriz de validação; resposta original deve ser consultada no arquivo de origem.],jim_architecture_communication,B05: The Mathematical Theory of Communication | B14: The Art of War | B04: Thinking in Bets,B06: Advances in Financial Machine Learning,"Claude Shannon & Warren Weaver, em The Mathematical Theory of Communication, reforça separar sinal de ruído; Sun Tzu, em The Art of War, reforça conhecer terreno e adversário; Annie Duke, em Thinking in Bets, reforça boa decisão pode ter mau resultado.",JIM é assistente analítico/educacional; não é advisor autônomo nem substitui aprovação humana.
JIM-LIT-0521,qa_validation_matrix.csv,M5,Qual probabilidade de falhar meu objetivo?,[Pergunta presente na matriz de validação; resposta original deve ser consultada no arquivo de origem.],jim_architecture_communication,B05: The Mathematical Theory of Communication | B14: The Art of War | B04: Thinking in Bets,B06: Advances in Financial Machine Learning,"Claude Shannon & Warren Weaver, em The Mathematical Theory of Communication, reforça separar sinal de ruído; Sun Tzu, em The Art of War, reforça conhecer terreno e adversário; Annie Duke, em Thinking in Bets, reforça boa decisão pode ter mau resultado.",JIM é assistente analítico/educacional; não é advisor autônomo nem substitui aprovação humana.
JIM-LIT-0522,qa_validation_matrix.csv,M6,Qual cenário quebra meu plano?,[Pergunta presente na matriz de validação; resposta original deve ser consultada no arquivo de origem.],jim_architecture_communication,B05: The Mathematical Theory of Communication | B14: The Art of War | B04: Thinking in Bets,B06: Advances in Financial Machine Learning,"Claude Shannon & Warren Weaver, em The Mathematical Theory of Communication, reforça separar sinal de ruído; Sun Tzu, em The Art of War, reforça conhecer terreno e adversário; Annie Duke, em Thinking in Bets, reforça boa decisão pode ter mau resultado.",JIM é assistente analítico/educacional; não é advisor autônomo nem substitui aprovação humana.
JIM-LIT-0523,qa_validation_matrix.csv,M7,Meu portfólio sobreviveria a 2008?,[Pergunta presente na matriz de validação; resposta original deve ser consultada no arquivo de origem.],jim_architecture_communication,B05: The Mathematical Theory of Communication | B14: The Art of War | B04: Thinking in Bets,B06: Advances in Financial Machine Learning,"Claude Shannon & Warren Weaver, em The Mathematical Theory of Communication, reforça separar sinal de ruído; Sun Tzu, em The Art of War, reforça conhecer terreno e adversário; Annie Duke, em Thinking in Bets, reforça boa decisão pode ter mau resultado.",JIM é assistente analítico/educacional; não é advisor autônomo nem substitui aprovação humana.
JIM-LIT-0524,qa_validation_matrix.csv,M8,Qual meu maior erro hoje?,[Pergunta presente na matriz de validação; resposta original deve ser consultada no arquivo de origem.],jim_architecture_communication,B05: The Mathematical Theory of Communication | B14: The Art of War | B04: Thinking in Bets,B06: Advances in Financial Machine Learning,"Claude Shannon & Warren Weaver, em The Mathematical Theory of Communication, reforça separar sinal de ruído; Sun Tzu, em The Art of War, reforça conhecer terreno e adversário; Annie Duke, em Thinking in Bets, reforça boa decisão pode ter mau resultado.",JIM é assistente analítico/educacional; não é advisor autônomo nem substitui aprovação humana.
JIM-LIT-0525,qa_validation_matrix.csv,M9,O que está invisível na minha carteira?,[Pergunta presente na matriz de validação; resposta original deve ser consultada no arquivo de origem.],risk_number_suitability,B10: The Most Important Thing | B04: Thinking in Bets | B07: The Misbehavior of Markets,B11: Antifragile,"Howard Marks, em The Most Important Thing, reforça risco é mais que volatilidade; Annie Duke, em Thinking in Bets, reforça boa decisão pode ter mau resultado; Benoit Mandelbrot, em The Misbehavior of Markets, reforça retornos têm caudas gordas.",Não tratar Risk Number como recomendação; é linguagem de alinhamento de risco e deve exigir revisão humana/suitability.
JIM-LIT-0526,qa_validation_matrix.csv,M10,Isso está alinhado com minha vida ou só com o mercado?,[Pergunta presente na matriz de validação; resposta original deve ser consultada no arquivo de origem.],jim_architecture_communication,B05: The Mathematical Theory of Communication | B14: The Art of War | B04: Thinking in Bets,B06: Advances in Financial Machine Learning,"Claude Shannon & Warren Weaver, em The Mathematical Theory of Communication, reforça separar sinal de ruído; Sun Tzu, em The Art of War, reforça conhecer terreno e adversário; Annie Duke, em Thinking in Bets, reforça boa decisão pode ter mau resultado.",JIM é assistente analítico/educacional; não é advisor autônomo nem substitui aprovação humana.
JIM-LIT-0527,qa_validation_matrix.csv,A1,O que significa o StormGuard estar positivo?,[Pergunta presente na matriz de validação; resposta original deve ser consultada no arquivo de origem.],momentum_regime_stormguard,B01: Quantitative Momentum | B02: Chaos and Order in the Capital Markets | B06: Advances in Financial Machine Learning,B07: The Misbehavior of Markets | B03: The Man Who Solved the Market,"Wesley Gray & Jack Vogel, em Quantitative Momentum, reforça momentum como prêmio persistente porém cíclico; Edgar Peters, em Chaos and Order in the Capital Markets, reforça mercados alternam ordem e caos; Marcos López de Prado, em Advances in Financial Machine Learning, reforça backtests sofrem risco de overfitting.",Não prometer proteção ou captura de tendências; explicar sinais como leitura probabilística de regime sujeita a falso positivo/falso negativo.
JIM-LIT-0528,qa_validation_matrix.csv,A2,O que muda quando ele vira negativo?,[Pergunta presente na matriz de validação; resposta original deve ser consultada no arquivo de origem.],jim_architecture_communication,B05: The Mathematical Theory of Communication | B14: The Art of War | B04: Thinking in Bets,B06: Advances in Financial Machine Learning,"Claude Shannon & Warren Weaver, em The Mathematical Theory of Communication, reforça separar sinal de ruído; Sun Tzu, em The Art of War, reforça conhecer terreno e adversário; Annie Duke, em Thinking in Bets, reforça boa decisão pode ter mau resultado.",JIM é assistente analítico/educacional; não é advisor autônomo nem substitui aprovação humana.
JIM-LIT-0529,qa_validation_matrix.csv,A3,Quanto tempo demora uma transição de regime?,[Pergunta presente na matriz de validação; resposta original deve ser consultada no arquivo de origem.],momentum_regime_stormguard,B01: Quantitative Momentum | B02: Chaos and Order in the Capital Markets | B06: Advances in Financial Machine Learning,B07: The Misbehavior of Markets | B03: The Man Who Solved the Market,"Wesley Gray & Jack Vogel, em Quantitative Momentum, reforça momentum como prêmio persistente porém cíclico; Edgar Peters, em Chaos and Order in the Capital Markets, reforça mercados alternam ordem e caos; Marcos López de Prado, em Advances in Financial Machine Learning, reforça backtests sofrem risco de overfitting.",Não prometer proteção ou captura de tendências; explicar sinais como leitura probabilística de regime sujeita a falso positivo/falso negativo.
JIM-LIT-0530,qa_validation_matrix.csv,A4,Quais indicadores alimentam o StormGuard?,[Pergunta presente na matriz de validação; resposta original deve ser consultada no arquivo de origem.],momentum_regime_stormguard,B01: Quantitative Momentum | B02: Chaos and Order in the Capital Markets | B06: Advances in Financial Machine Learning,B07: The Misbehavior of Markets | B03: The Man Who Solved the Market,"Wesley Gray & Jack Vogel, em Quantitative Momentum, reforça momentum como prêmio persistente porém cíclico; Edgar Peters, em Chaos and Order in the Capital Markets, reforça mercados alternam ordem e caos; Marcos López de Prado, em Advances in Financial Machine Learning, reforça backtests sofrem risco de overfitting.",Não prometer proteção ou captura de tendências; explicar sinais como leitura probabilística de regime sujeita a falso positivo/falso negativo.
JIM-LIT-0531,qa_validation_matrix.csv,A5,O StormGuard pode gerar falso positivo?,[Pergunta presente na matriz de validação; resposta original deve ser consultada no arquivo de origem.],momentum_regime_stormguard,B01: Quantitative Momentum | B02: Chaos and Order in the Capital Markets | B06: Advances in Financial Machine Learning,B07: The Misbehavior of Markets | B03: The Man Who Solved the Market,"Wesley Gray & Jack Vogel, em Quantitative Momentum, reforça momentum como prêmio persistente porém cíclico; Edgar Peters, em Chaos and Order in the Capital Markets, reforça mercados alternam ordem e caos; Marcos López de Prado, em Advances in Financial Machine Learning, reforça backtests sofrem risco de overfitting.",Não prometer proteção ou captura de tendências; explicar sinais como leitura probabilística de regime sujeita a falso positivo/falso negativo.
JIM-LIT-0532,qa_validation_matrix.csv,A6,Como o sistema diferencia ruído de sinal?,[Pergunta presente na matriz de validação; resposta original deve ser consultada no arquivo de origem.],jim_architecture_communication,B05: The Mathematical Theory of Communication | B14: The Art of War | B04: Thinking in Bets,B06: Advances in Financial Machine Learning,"Claude Shannon & Warren Weaver, em The Mathematical Theory of Communication, reforça separar sinal de ruído; Sun Tzu, em The Art of War, reforça conhecer terreno e adversário; Annie Duke, em Thinking in Bets, reforça boa decisão pode ter mau resultado.",JIM é assistente analítico/educacional; não é advisor autônomo nem substitui aprovação humana.
JIM-LIT-0533,qa_validation_matrix.csv,A7,O que acontece com a carteira em Risk-Off?,[Pergunta presente na matriz de validação; resposta original deve ser consultada no arquivo de origem.],risk_number_suitability,B10: The Most Important Thing | B04: Thinking in Bets | B07: The Misbehavior of Markets,B11: Antifragile,"Howard Marks, em The Most Important Thing, reforça risco é mais que volatilidade; Annie Duke, em Thinking in Bets, reforça boa decisão pode ter mau resultado; Benoit Mandelbrot, em The Misbehavior of Markets, reforça retornos têm caudas gordas.",Não tratar Risk Number como recomendação; é linguagem de alinhamento de risco e deve exigir revisão humana/suitability.
JIM-LIT-0534,qa_validation_matrix.csv,A8,Caixa é posição ou ausência de decisão?,[Pergunta presente na matriz de validação; resposta original deve ser consultada no arquivo de origem.],behavioral_decision,B04: Thinking in Bets | B10: The Most Important Thing | B11: Antifragile,B05: The Mathematical Theory of Communication,"Annie Duke, em Thinking in Bets, reforça boa decisão pode ter mau resultado; Howard Marks, em The Most Important Thing, reforça risco é mais que volatilidade; Nassim Nicholas Taleb, em Antifragile, reforça sistemas frágeis quebram sob stress.","Evitar aconselhamento pessoal; reforçar processo decisório, probabilidades e adequação ao perfil."
JIM-LIT-0535,qa_validation_matrix.csv,A9,Qual o custo de sair cedo demais do mercado?,[Pergunta presente na matriz de validação; resposta original deve ser consultada no arquivo de origem.],jim_architecture_communication,B05: The Mathematical Theory of Communication | B14: The Art of War | B04: Thinking in Bets,B06: Advances in Financial Machine Learning,"Claude Shannon & Warren Weaver, em The Mathematical Theory of Communication, reforça separar sinal de ruído; Sun Tzu, em The Art of War, reforça conhecer terreno e adversário; Annie Duke, em Thinking in Bets, reforça boa decisão pode ter mau resultado.",JIM é assistente analítico/educacional; não é advisor autônomo nem substitui aprovação humana.
JIM-LIT-0536,qa_validation_matrix.csv,A10,Qual o custo de entrar atrasado?,[Pergunta presente na matriz de validação; resposta original deve ser consultada no arquivo de origem.],jim_architecture_communication,B05: The Mathematical Theory of Communication | B14: The Art of War | B04: Thinking in Bets,B06: Advances in Financial Machine Learning,"Claude Shannon & Warren Weaver, em The Mathematical Theory of Communication, reforça separar sinal de ruído; Sun Tzu, em The Art of War, reforça conhecer terreno e adversário; Annie Duke, em Thinking in Bets, reforça boa decisão pode ter mau resultado.",JIM é assistente analítico/educacional; não é advisor autônomo nem substitui aprovação humana.
JIM-LIT-0537,qa_validation_matrix.csv,B1,Como o AlphaDroid escolhe setores?,[Pergunta presente na matriz de validação; resposta original deve ser consultada no arquivo de origem.],momentum_regime_stormguard,B01: Quantitative Momentum | B02: Chaos and Order in the Capital Markets | B06: Advances in Financial Machine Learning,B07: The Misbehavior of Markets | B03: The Man Who Solved the Market,"Wesley Gray & Jack Vogel, em Quantitative Momentum, reforça momentum como prêmio persistente porém cíclico; Edgar Peters, em Chaos and Order in the Capital Markets, reforça mercados alternam ordem e caos; Marcos López de Prado, em Advances in Financial Machine Learning, reforça backtests sofrem risco de overfitting.",Não prometer proteção ou captura de tendências; explicar sinais como leitura probabilística de regime sujeita a falso positivo/falso negativo.
JIM-LIT-0538,qa_validation_matrix.csv,B2,O que define 'momentum forte'?,[Pergunta presente na matriz de validação; resposta original deve ser consultada no arquivo de origem.],momentum_regime_stormguard,B01: Quantitative Momentum | B02: Chaos and Order in the Capital Markets | B06: Advances in Financial Machine Learning,B07: The Misbehavior of Markets | B03: The Man Who Solved the Market,"Wesley Gray & Jack Vogel, em Quantitative Momentum, reforça momentum como prêmio persistente porém cíclico; Edgar Peters, em Chaos and Order in the Capital Markets, reforça mercados alternam ordem e caos; Marcos López de Prado, em Advances in Financial Machine Learning, reforça backtests sofrem risco de overfitting.",Não prometer proteção ou captura de tendências; explicar sinais como leitura probabilística de regime sujeita a falso positivo/falso negativo.
JIM-LIT-0539,qa_validation_matrix.csv,B3,Qual a frequência de rotação?,[Pergunta presente na matriz de validação; resposta original deve ser consultada no arquivo de origem.],momentum_regime_stormguard,B01: Quantitative Momentum | B02: Chaos and Order in the Capital Markets | B06: Advances in Financial Machine Learning,B07: The Misbehavior of Markets | B03: The Man Who Solved the Market,"Wesley Gray & Jack Vogel, em Quantitative Momentum, reforça momentum como prêmio persistente porém cíclico; Edgar Peters, em Chaos and Order in the Capital Markets, reforça mercados alternam ordem e caos; Marcos López de Prado, em Advances in Financial Machine Learning, reforça backtests sofrem risco de overfitting.",Não prometer proteção ou captura de tendências; explicar sinais como leitura probabilística de regime sujeita a falso positivo/falso negativo.
JIM-LIT-0540,qa_validation_matrix.csv,B4,O sistema pode trocar ativos todos os dias?,[Pergunta presente na matriz de validação; resposta original deve ser consultada no arquivo de origem.],jim_architecture_communication,B05: The Mathematical Theory of Communication | B14: The Art of War | B04: Thinking in Bets,B06: Advances in Financial Machine Learning,"Claude Shannon & Warren Weaver, em The Mathematical Theory of Communication, reforça separar sinal de ruído; Sun Tzu, em The Art of War, reforça conhecer terreno e adversário; Annie Duke, em Thinking in Bets, reforça boa decisão pode ter mau resultado.",JIM é assistente analítico/educacional; não é advisor autônomo nem substitui aprovação humana.
JIM-LIT-0541,qa_validation_matrix.csv,B5,Como evitar overtrading?,[Pergunta presente na matriz de validação; resposta original deve ser consultada no arquivo de origem.],jim_architecture_communication,B05: The Mathematical Theory of Communication | B14: The Art of War | B04: Thinking in Bets,B06: Advances in Financial Machine Learning,"Claude Shannon & Warren Weaver, em The Mathematical Theory of Communication, reforça separar sinal de ruído; Sun Tzu, em The Art of War, reforça conhecer terreno e adversário; Annie Duke, em Thinking in Bets, reforça boa decisão pode ter mau resultado.",JIM é assistente analítico/educacional; não é advisor autônomo nem substitui aprovação humana.
JIM-LIT-0542,qa_validation_matrix.csv,B6,O que acontece em sideways market?,[Pergunta presente na matriz de validação; resposta original deve ser consultada no arquivo de origem.],jim_architecture_communication,B05: The Mathematical Theory of Communication | B14: The Art of War | B04: Thinking in Bets,B06: Advances in Financial Machine Learning,"Claude Shannon & Warren Weaver, em The Mathematical Theory of Communication, reforça separar sinal de ruído; Sun Tzu, em The Art of War, reforça conhecer terreno e adversário; Annie Duke, em Thinking in Bets, reforça boa decisão pode ter mau resultado.",JIM é assistente analítico/educacional; não é advisor autônomo nem substitui aprovação humana.
JIM-LIT-0543,qa_validation_matrix.csv,B7,Momentum funciona em bear market?,[Pergunta presente na matriz de validação; resposta original deve ser consultada no arquivo de origem.],momentum_regime_stormguard,B01: Quantitative Momentum | B02: Chaos and Order in the Capital Markets | B06: Advances in Financial Machine Learning,B07: The Misbehavior of Markets | B03: The Man Who Solved the Market,"Wesley Gray & Jack Vogel, em Quantitative Momentum, reforça momentum como prêmio persistente porém cíclico; Edgar Peters, em Chaos and Order in the Capital Markets, reforça mercados alternam ordem e caos; Marcos López de Prado, em Advances in Financial Machine Learning, reforça backtests sofrem risco de overfitting.",Não prometer proteção ou captura de tendências; explicar sinais como leitura probabilística de regime sujeita a falso positivo/falso negativo.
JIM-LIT-0544,qa_validation_matrix.csv,B8,Como o sistema lida com reversões?,[Pergunta presente na matriz de validação; resposta original deve ser consultada no arquivo de origem.],jim_architecture_communication,B05: The Mathematical Theory of Communication | B14: The Art of War | B04: Thinking in Bets,B06: Advances in Financial Machine Learning,"Claude Shannon & Warren Weaver, em The Mathematical Theory of Communication, reforça separar sinal de ruído; Sun Tzu, em The Art of War, reforça conhecer terreno e adversário; Annie Duke, em Thinking in Bets, reforça boa decisão pode ter mau resultado.",JIM é assistente analítico/educacional; não é advisor autônomo nem substitui aprovação humana.
JIM-LIT-0545,qa_validation_matrix.csv,B9,Existe concentração excessiva?,[Pergunta presente na matriz de validação; resposta original deve ser consultada no arquivo de origem.],jim_architecture_communication,B05: The Mathematical Theory of Communication | B14: The Art of War | B04: Thinking in Bets,B06: Advances in Financial Machine Learning,"Claude Shannon & Warren Weaver, em The Mathematical Theory of Communication, reforça separar sinal de ruído; Sun Tzu, em The Art of War, reforça conhecer terreno e adversário; Annie Duke, em Thinking in Bets, reforça boa decisão pode ter mau resultado.",JIM é assistente analítico/educacional; não é advisor autônomo nem substitui aprovação humana.
JIM-LIT-0546,qa_validation_matrix.csv,B10,Qual o limite de exposição por setor?,[Pergunta presente na matriz de validação; resposta original deve ser consultada no arquivo de origem.],jim_architecture_communication,B05: The Mathematical Theory of Communication | B14: The Art of War | B04: Thinking in Bets,B06: Advances in Financial Machine Learning,"Claude Shannon & Warren Weaver, em The Mathematical Theory of Communication, reforça separar sinal de ruído; Sun Tzu, em The Art of War, reforça conhecer terreno e adversário; Annie Duke, em Thinking in Bets, reforça boa decisão pode ter mau resultado.",JIM é assistente analítico/educacional; não é advisor autônomo nem substitui aprovação humana.
JIM-LIT-0547,qa_validation_matrix.csv,C1,O que é Alignment Score exatamente?,[Pergunta presente na matriz de validação; resposta original deve ser consultada no arquivo de origem.],jim_architecture_communication,B05: The Mathematical Theory of Communication | B14: The Art of War | B04: Thinking in Bets,B06: Advances in Financial Machine Learning,"Claude Shannon & Warren Weaver, em The Mathematical Theory of Communication, reforça separar sinal de ruído; Sun Tzu, em The Art of War, reforça conhecer terreno e adversário; Annie Duke, em Thinking in Bets, reforça boa decisão pode ter mau resultado.",JIM é assistente analítico/educacional; não é advisor autônomo nem substitui aprovação humana.
JIM-LIT-0548,qa_validation_matrix.csv,C2,Como ele é calculado?,[Pergunta presente na matriz de validação; resposta original deve ser consultada no arquivo de origem.],jim_architecture_communication,B05: The Mathematical Theory of Communication | B14: The Art of War | B04: Thinking in Bets,B06: Advances in Financial Machine Learning,"Claude Shannon & Warren Weaver, em The Mathematical Theory of Communication, reforça separar sinal de ruído; Sun Tzu, em The Art of War, reforça conhecer terreno e adversário; Annie Duke, em Thinking in Bets, reforça boa decisão pode ter mau resultado.",JIM é assistente analítico/educacional; não é advisor autônomo nem substitui aprovação humana.
JIM-LIT-0549,qa_validation_matrix.csv,C3,Qual o peso de cada variável?,[Pergunta presente na matriz de validação; resposta original deve ser consultada no arquivo de origem.],jim_architecture_communication,B05: The Mathematical Theory of Communication | B14: The Art of War | B04: Thinking in Bets,B06: Advances in Financial Machine Learning,"Claude Shannon & Warren Weaver, em The Mathematical Theory of Communication, reforça separar sinal de ruído; Sun Tzu, em The Art of War, reforça conhecer terreno e adversário; Annie Duke, em Thinking in Bets, reforça boa decisão pode ter mau resultado.",JIM é assistente analítico/educacional; não é advisor autônomo nem substitui aprovação humana.
JIM-LIT-0550,qa_validation_matrix.csv,C4,O que causa desalinhamento?,[Pergunta presente na matriz de validação; resposta original deve ser consultada no arquivo de origem.],risk_number_suitability,B10: The Most Important Thing | B04: Thinking in Bets | B07: The Misbehavior of Markets,B11: Antifragile,"Howard Marks, em The Most Important Thing, reforça risco é mais que volatilidade; Annie Duke, em Thinking in Bets, reforça boa decisão pode ter mau resultado; Benoit Mandelbrot, em The Misbehavior of Markets, reforça retornos têm caudas gordas.",Não tratar Risk Number como recomendação; é linguagem de alinhamento de risco e deve exigir revisão humana/suitability.
JIM-LIT-0551,qa_validation_matrix.csv,C5,Como medir desalinhamento ao longo do tempo?,[Pergunta presente na matriz de validação; resposta original deve ser consultada no arquivo de origem.],risk_number_suitability,B10: The Most Important Thing | B04: Thinking in Bets | B07: The Misbehavior of Markets,B11: Antifragile,"Howard Marks, em The Most Important Thing, reforça risco é mais que volatilidade; Annie Duke, em Thinking in Bets, reforça boa decisão pode ter mau resultado; Benoit Mandelbrot, em The Misbehavior of Markets, reforça retornos têm caudas gordas.",Não tratar Risk Number como recomendação; é linguagem de alinhamento de risco e deve exigir revisão humana/suitability.
JIM-LIT-0552,qa_validation_matrix.csv,C6,O desalinhamento pode ser intencional?,[Pergunta presente na matriz de validação; resposta original deve ser consultada no arquivo de origem.],risk_number_suitability,B10: The Most Important Thing | B04: Thinking in Bets | B07: The Misbehavior of Markets,B11: Antifragile,"Howard Marks, em The Most Important Thing, reforça risco é mais que volatilidade; Annie Duke, em Thinking in Bets, reforça boa decisão pode ter mau resultado; Benoit Mandelbrot, em The Misbehavior of Markets, reforça retornos têm caudas gordas.",Não tratar Risk Number como recomendação; é linguagem de alinhamento de risco e deve exigir revisão humana/suitability.
JIM-LIT-0553,qa_validation_matrix.csv,C7,O que é Return Gap?,[Pergunta presente na matriz de validação; resposta original deve ser consultada no arquivo de origem.],jim_architecture_communication,B05: The Mathematical Theory of Communication | B14: The Art of War | B04: Thinking in Bets,B06: Advances in Financial Machine Learning,"Claude Shannon & Warren Weaver, em The Mathematical Theory of Communication, reforça separar sinal de ruído; Sun Tzu, em The Art of War, reforça conhecer terreno e adversário; Annie Duke, em Thinking in Bets, reforça boa decisão pode ter mau resultado.",JIM é assistente analítico/educacional; não é advisor autônomo nem substitui aprovação humana.
JIM-LIT-0554,qa_validation_matrix.csv,C8,Como calcular o retorno necessário?,[Pergunta presente na matriz de validação; resposta original deve ser consultada no arquivo de origem.],performance_backtest_metrics,B06: Advances in Financial Machine Learning | B07: The Misbehavior of Markets | B10: The Most Important Thing,B11: Antifragile,"Marcos López de Prado, em Advances in Financial Machine Learning, reforça backtests sofrem risco de overfitting; Benoit Mandelbrot, em The Misbehavior of Markets, reforça retornos têm caudas gordas; Howard Marks, em The Most Important Thing, reforça risco é mais que volatilidade.","Sempre acrescentar: performance passada/backtest não garante resultado futuro; considerar custos, slippage, liquidez, impostos, overfitting e suitability."
JIM-LIT-0555,qa_validation_matrix.csv,C9,O que é Risk Fit Score?,[Pergunta presente na matriz de validação; resposta original deve ser consultada no arquivo de origem.],jim_architecture_communication,B05: The Mathematical Theory of Communication | B14: The Art of War | B04: Thinking in Bets,B06: Advances in Financial Machine Learning,"Claude Shannon & Warren Weaver, em The Mathematical Theory of Communication, reforça separar sinal de ruído; Sun Tzu, em The Art of War, reforça conhecer terreno e adversário; Annie Duke, em Thinking in Bets, reforça boa decisão pode ter mau resultado.",JIM é assistente analítico/educacional; não é advisor autônomo nem substitui aprovação humana.
JIM-LIT-0556,qa_validation_matrix.csv,C10,O que é Horizon Gap?,[Pergunta presente na matriz de validação; resposta original deve ser consultada no arquivo de origem.],jim_architecture_communication,B05: The Mathematical Theory of Communication | B14: The Art of War | B04: Thinking in Bets,B06: Advances in Financial Machine Learning,"Claude Shannon & Warren Weaver, em The Mathematical Theory of Communication, reforça separar sinal de ruído; Sun Tzu, em The Art of War, reforça conhecer terreno e adversário; Annie Duke, em Thinking in Bets, reforça boa decisão pode ter mau resultado.",JIM é assistente analítico/educacional; não é advisor autônomo nem substitui aprovação humana.
JIM-LIT-0557,qa_validation_matrix.csv,D1,O que acontece se eu mudar 10% para HPC22?,[Pergunta presente na matriz de validação; resposta original deve ser consultada no arquivo de origem.],momentum_regime_stormguard,B01: Quantitative Momentum | B02: Chaos and Order in the Capital Markets | B06: Advances in Financial Machine Learning,B07: The Misbehavior of Markets | B03: The Man Who Solved the Market,"Wesley Gray & Jack Vogel, em Quantitative Momentum, reforça momentum como prêmio persistente porém cíclico; Edgar Peters, em Chaos and Order in the Capital Markets, reforça mercados alternam ordem e caos; Marcos López de Prado, em Advances in Financial Machine Learning, reforça backtests sofrem risco de overfitting.",Não prometer proteção ou captura de tendências; explicar sinais como leitura probabilística de regime sujeita a falso positivo/falso negativo.
JIM-LIT-0558,qa_validation_matrix.csv,D2,Como o risco muda com essa alocação?,[Pergunta presente na matriz de validação; resposta original deve ser consultada no arquivo de origem.],jim_architecture_communication,B05: The Mathematical Theory of Communication | B14: The Art of War | B04: Thinking in Bets,B06: Advances in Financial Machine Learning,"Claude Shannon & Warren Weaver, em The Mathematical Theory of Communication, reforça separar sinal de ruído; Sun Tzu, em The Art of War, reforça conhecer terreno e adversário; Annie Duke, em Thinking in Bets, reforça boa decisão pode ter mau resultado.",JIM é assistente analítico/educacional; não é advisor autônomo nem substitui aprovação humana.
JIM-LIT-0559,qa_validation_matrix.csv,D3,Qual impacto no drawdown?,[Pergunta presente na matriz de validação; resposta original deve ser consultada no arquivo de origem.],performance_backtest_metrics,B06: Advances in Financial Machine Learning | B07: The Misbehavior of Markets | B10: The Most Important Thing,B11: Antifragile,"Marcos López de Prado, em Advances in Financial Machine Learning, reforça backtests sofrem risco de overfitting; Benoit Mandelbrot, em The Misbehavior of Markets, reforça retornos têm caudas gordas; Howard Marks, em The Most Important Thing, reforça risco é mais que volatilidade.","Sempre acrescentar: performance passada/backtest não garante resultado futuro; considerar custos, slippage, liquidez, impostos, overfitting e suitability."
JIM-LIT-0560,qa_validation_matrix.csv,D4,Qual impacto no prazo do objetivo?,[Pergunta presente na matriz de validação; resposta original deve ser consultada no arquivo de origem.],jim_architecture_communication,B05: The Mathematical Theory of Communication | B14: The Art of War | B04: Thinking in Bets,B06: Advances in Financial Machine Learning,"Claude Shannon & Warren Weaver, em The Mathematical Theory of Communication, reforça separar sinal de ruído; Sun Tzu, em The Art of War, reforça conhecer terreno e adversário; Annie Duke, em Thinking in Bets, reforça boa decisão pode ter mau resultado.",JIM é assistente analítico/educacional; não é advisor autônomo nem substitui aprovação humana.
JIM-LIT-0561,qa_validation_matrix.csv,D5,Como o sistema calcula essa simulação?,[Pergunta presente na matriz de validação; resposta original deve ser consultada no arquivo de origem.],performance_backtest_metrics,B06: Advances in Financial Machine Learning | B07: The Misbehavior of Markets | B10: The Most Important Thing,B11: Antifragile,"Marcos López de Prado, em Advances in Financial Machine Learning, reforça backtests sofrem risco de overfitting; Benoit Mandelbrot, em The Misbehavior of Markets, reforça retornos têm caudas gordas; Howard Marks, em The Most Important Thing, reforça risco é mais que volatilidade.","Sempre acrescentar: performance passada/backtest não garante resultado futuro; considerar custos, slippage, liquidez, impostos, overfitting e suitability."
JIM-LIT-0562,qa_validation_matrix.csv,D6,A simulação considera correlação?,[Pergunta presente na matriz de validação; resposta original deve ser consultada no arquivo de origem.],performance_backtest_metrics,B06: Advances in Financial Machine Learning | B07: The Misbehavior of Markets | B10: The Most Important Thing,B11: Antifragile,"Marcos López de Prado, em Advances in Financial Machine Learning, reforça backtests sofrem risco de overfitting; Benoit Mandelbrot, em The Misbehavior of Markets, reforça retornos têm caudas gordas; Howard Marks, em The Most Important Thing, reforça risco é mais que volatilidade.","Sempre acrescentar: performance passada/backtest não garante resultado futuro; considerar custos, slippage, liquidez, impostos, overfitting e suitability."
JIM-LIT-0563,qa_validation_matrix.csv,D7,Considera regime?,[Pergunta presente na matriz de validação; resposta original deve ser consultada no arquivo de origem.],momentum_regime_stormguard,B01: Quantitative Momentum | B02: Chaos and Order in the Capital Markets | B06: Advances in Financial Machine Learning,B07: The Misbehavior of Markets | B03: The Man Who Solved the Market,"Wesley Gray & Jack Vogel, em Quantitative Momentum, reforça momentum como prêmio persistente porém cíclico; Edgar Peters, em Chaos and Order in the Capital Markets, reforça mercados alternam ordem e caos; Marcos López de Prado, em Advances in Financial Machine Learning, reforça backtests sofrem risco de overfitting.",Não prometer proteção ou captura de tendências; explicar sinais como leitura probabilística de regime sujeita a falso positivo/falso negativo.
JIM-LIT-0564,qa_validation_matrix.csv,D8,Considera RAF?,[Pergunta presente na matriz de validação; resposta original deve ser consultada no arquivo de origem.],jim_architecture_communication,B05: The Mathematical Theory of Communication | B14: The Art of War | B04: Thinking in Bets,B06: Advances in Financial Machine Learning,"Claude Shannon & Warren Weaver, em The Mathematical Theory of Communication, reforça separar sinal de ruído; Sun Tzu, em The Art of War, reforça conhecer terreno e adversário; Annie Duke, em Thinking in Bets, reforça boa decisão pode ter mau resultado.",JIM é assistente analítico/educacional; não é advisor autônomo nem substitui aprovação humana.
JIM-LIT-0565,qa_validation_matrix.csv,D9,Qual a margem de erro?,[Pergunta presente na matriz de validação; resposta original deve ser consultada no arquivo de origem.],jim_architecture_communication,B05: The Mathematical Theory of Communication | B14: The Art of War | B04: Thinking in Bets,B06: Advances in Financial Machine Learning,"Claude Shannon & Warren Weaver, em The Mathematical Theory of Communication, reforça separar sinal de ruído; Sun Tzu, em The Art of War, reforça conhecer terreno e adversário; Annie Duke, em Thinking in Bets, reforça boa decisão pode ter mau resultado.",JIM é assistente analítico/educacional; não é advisor autônomo nem substitui aprovação humana.
JIM-LIT-0566,qa_validation_matrix.csv,D10,Como interpretar o resultado?,[Pergunta presente na matriz de validação; resposta original deve ser consultada no arquivo de origem.],jim_architecture_communication,B05: The Mathematical Theory of Communication | B14: The Art of War | B04: Thinking in Bets,B06: Advances in Financial Machine Learning,"Claude Shannon & Warren Weaver, em The Mathematical Theory of Communication, reforça separar sinal de ruído; Sun Tzu, em The Art of War, reforça conhecer terreno e adversário; Annie Duke, em Thinking in Bets, reforça boa decisão pode ter mau resultado.",JIM é assistente analítico/educacional; não é advisor autônomo nem substitui aprovação humana.
JIM-LIT-0567,qa_validation_matrix.csv,E1,O que mudou hoje no meu portfólio?,[Pergunta presente na matriz de validação; resposta original deve ser consultada no arquivo de origem.],jim_architecture_communication,B05: The Mathematical Theory of Communication | B14: The Art of War | B04: Thinking in Bets,B06: Advances in Financial Machine Learning,"Claude Shannon & Warren Weaver, em The Mathematical Theory of Communication, reforça separar sinal de ruído; Sun Tzu, em The Art of War, reforça conhecer terreno e adversário; Annie Duke, em Thinking in Bets, reforça boa decisão pode ter mau resultado.",JIM é assistente analítico/educacional; não é advisor autônomo nem substitui aprovação humana.
JIM-LIT-0568,qa_validation_matrix.csv,E2,Qual ativo mais impactou meu risco?,[Pergunta presente na matriz de validação; resposta original deve ser consultada no arquivo de origem.],jim_architecture_communication,B05: The Mathematical Theory of Communication | B14: The Art of War | B04: Thinking in Bets,B06: Advances in Financial Machine Learning,"Claude Shannon & Warren Weaver, em The Mathematical Theory of Communication, reforça separar sinal de ruído; Sun Tzu, em The Art of War, reforça conhecer terreno e adversário; Annie Duke, em Thinking in Bets, reforça boa decisão pode ter mau resultado.",JIM é assistente analítico/educacional; não é advisor autônomo nem substitui aprovação humana.
JIM-LIT-0569,qa_validation_matrix.csv,E3,Meu risco subiu — por quê?,[Pergunta presente na matriz de validação; resposta original deve ser consultada no arquivo de origem.],jim_architecture_communication,B05: The Mathematical Theory of Communication | B14: The Art of War | B04: Thinking in Bets,B06: Advances in Financial Machine Learning,"Claude Shannon & Warren Weaver, em The Mathematical Theory of Communication, reforça separar sinal de ruído; Sun Tzu, em The Art of War, reforça conhecer terreno e adversário; Annie Duke, em Thinking in Bets, reforça boa decisão pode ter mau resultado.",JIM é assistente analítico/educacional; não é advisor autônomo nem substitui aprovação humana.
JIM-LIT-0570,qa_validation_matrix.csv,E4,Meu retorno esperado caiu — por quê?,[Pergunta presente na matriz de validação; resposta original deve ser consultada no arquivo de origem.],performance_backtest_metrics,B06: Advances in Financial Machine Learning | B07: The Misbehavior of Markets | B10: The Most Important Thing,B11: Antifragile,"Marcos López de Prado, em Advances in Financial Machine Learning, reforça backtests sofrem risco de overfitting; Benoit Mandelbrot, em The Misbehavior of Markets, reforça retornos têm caudas gordas; Howard Marks, em The Most Important Thing, reforça risco é mais que volatilidade.","Sempre acrescentar: performance passada/backtest não garante resultado futuro; considerar custos, slippage, liquidez, impostos, overfitting e suitability."
JIM-LIT-0571,qa_validation_matrix.csv,E5,O que está fora do mandato?,[Pergunta presente na matriz de validação; resposta original deve ser consultada no arquivo de origem.],jim_architecture_communication,B05: The Mathematical Theory of Communication | B14: The Art of War | B04: Thinking in Bets,B06: Advances in Financial Machine Learning,"Claude Shannon & Warren Weaver, em The Mathematical Theory of Communication, reforça separar sinal de ruído; Sun Tzu, em The Art of War, reforça conhecer terreno e adversário; Annie Duke, em Thinking in Bets, reforça boa decisão pode ter mau resultado.",JIM é assistente analítico/educacional; não é advisor autônomo nem substitui aprovação humana.
JIM-LIT-0572,qa_validation_matrix.csv,E6,Qual o principal risco oculto hoje?,[Pergunta presente na matriz de validação; resposta original deve ser consultada no arquivo de origem.],jim_architecture_communication,B05: The Mathematical Theory of Communication | B14: The Art of War | B04: Thinking in Bets,B06: Advances in Financial Machine Learning,"Claude Shannon & Warren Weaver, em The Mathematical Theory of Communication, reforça separar sinal de ruído; Sun Tzu, em The Art of War, reforça conhecer terreno e adversário; Annie Duke, em Thinking in Bets, reforça boa decisão pode ter mau resultado.",JIM é assistente analítico/educacional; não é advisor autônomo nem substitui aprovação humana.
JIM-LIT-0573,qa_validation_matrix.csv,E7,Qual a maior fragilidade da carteira?,[Pergunta presente na matriz de validação; resposta original deve ser consultada no arquivo de origem.],risk_number_suitability,B10: The Most Important Thing | B04: Thinking in Bets | B07: The Misbehavior of Markets,B11: Antifragile,"Howard Marks, em The Most Important Thing, reforça risco é mais que volatilidade; Annie Duke, em Thinking in Bets, reforça boa decisão pode ter mau resultado; Benoit Mandelbrot, em The Misbehavior of Markets, reforça retornos têm caudas gordas.",Não tratar Risk Number como recomendação; é linguagem de alinhamento de risco e deve exigir revisão humana/suitability.
JIM-LIT-0574,qa_validation_matrix.csv,E8,Existe concentração invisível?,[Pergunta presente na matriz de validação; resposta original deve ser consultada no arquivo de origem.],jim_architecture_communication,B05: The Mathematical Theory of Communication | B14: The Art of War | B04: Thinking in Bets,B06: Advances in Financial Machine Learning,"Claude Shannon & Warren Weaver, em The Mathematical Theory of Communication, reforça separar sinal de ruído; Sun Tzu, em The Art of War, reforça conhecer terreno e adversário; Annie Duke, em Thinking in Bets, reforça boa decisão pode ter mau resultado.",JIM é assistente analítico/educacional; não é advisor autônomo nem substitui aprovação humana.
JIM-LIT-0575,qa_validation_matrix.csv,E9,Existe correlação oculta?,[Pergunta presente na matriz de validação; resposta original deve ser consultada no arquivo de origem.],jim_architecture_communication,B05: The Mathematical Theory of Communication | B14: The Art of War | B04: Thinking in Bets,B06: Advances in Financial Machine Learning,"Claude Shannon & Warren Weaver, em The Mathematical Theory of Communication, reforça separar sinal de ruído; Sun Tzu, em The Art of War, reforça conhecer terreno e adversário; Annie Duke, em Thinking in Bets, reforça boa decisão pode ter mau resultado.",JIM é assistente analítico/educacional; não é advisor autônomo nem substitui aprovação humana.
JIM-LIT-0576,qa_validation_matrix.csv,E10,O portfólio está resiliente a crise?,[Pergunta presente na matriz de validação; resposta original deve ser consultada no arquivo de origem.],jim_architecture_communication,B05: The Mathematical Theory of Communication | B14: The Art of War | B04: Thinking in Bets,B06: Advances in Financial Machine Learning,"Claude Shannon & Warren Weaver, em The Mathematical Theory of Communication, reforça separar sinal de ruído; Sun Tzu, em The Art of War, reforça conhecer terreno e adversário; Annie Duke, em Thinking in Bets, reforça boa decisão pode ter mau resultado.",JIM é assistente analítico/educacional; não é advisor autônomo nem substitui aprovação humana.
JIM-LIT-0577,qa_validation_matrix.csv,F1,O que caracteriza recomendação?,[Pergunta presente na matriz de validação; resposta original deve ser consultada no arquivo de origem.],jim_architecture_communication,B05: The Mathematical Theory of Communication | B14: The Art of War | B04: Thinking in Bets,B06: Advances in Financial Machine Learning,"Claude Shannon & Warren Weaver, em The Mathematical Theory of Communication, reforça separar sinal de ruído; Sun Tzu, em The Art of War, reforça conhecer terreno e adversário; Annie Duke, em Thinking in Bets, reforça boa decisão pode ter mau resultado.",JIM é assistente analítico/educacional; não é advisor autônomo nem substitui aprovação humana.
JIM-LIT-0578,qa_validation_matrix.csv,F2,O que o sistema pode ou não pode dizer?,[Pergunta presente na matriz de validação; resposta original deve ser consultada no arquivo de origem.],jim_architecture_communication,B05: The Mathematical Theory of Communication | B14: The Art of War | B04: Thinking in Bets,B06: Advances in Financial Machine Learning,"Claude Shannon & Warren Weaver, em The Mathematical Theory of Communication, reforça separar sinal de ruído; Sun Tzu, em The Art of War, reforça conhecer terreno e adversário; Annie Duke, em Thinking in Bets, reforça boa decisão pode ter mau resultado.",JIM é assistente analítico/educacional; não é advisor autônomo nem substitui aprovação humana.
JIM-LIT-0579,qa_validation_matrix.csv,F3,Como documentar desalinhamento?,[Pergunta presente na matriz de validação; resposta original deve ser consultada no arquivo de origem.],risk_number_suitability,B10: The Most Important Thing | B04: Thinking in Bets | B07: The Misbehavior of Markets,B11: Antifragile,"Howard Marks, em The Most Important Thing, reforça risco é mais que volatilidade; Annie Duke, em Thinking in Bets, reforça boa decisão pode ter mau resultado; Benoit Mandelbrot, em The Misbehavior of Markets, reforça retornos têm caudas gordas.",Não tratar Risk Number como recomendação; é linguagem de alinhamento de risco e deve exigir revisão humana/suitability.
JIM-LIT-0580,qa_validation_matrix.csv,F4,O que é suitability vs risk score?,[Pergunta presente na matriz de validação; resposta original deve ser consultada no arquivo de origem.],risk_number_suitability,B10: The Most Important Thing | B04: Thinking in Bets | B07: The Misbehavior of Markets,B11: Antifragile,"Howard Marks, em The Most Important Thing, reforça risco é mais que volatilidade; Annie Duke, em Thinking in Bets, reforça boa decisão pode ter mau resultado; Benoit Mandelbrot, em The Misbehavior of Markets, reforça retornos têm caudas gordas.",Não tratar Risk Number como recomendação; é linguagem de alinhamento de risco e deve exigir revisão humana/suitability.
JIM-LIT-0581,qa_validation_matrix.csv,F5,Como explicar incerteza ao cliente?,[Pergunta presente na matriz de validação; resposta original deve ser consultada no arquivo de origem.],risk_number_suitability,B10: The Most Important Thing | B04: Thinking in Bets | B07: The Misbehavior of Markets,B11: Antifragile,"Howard Marks, em The Most Important Thing, reforça risco é mais que volatilidade; Annie Duke, em Thinking in Bets, reforça boa decisão pode ter mau resultado; Benoit Mandelbrot, em The Misbehavior of Markets, reforça retornos têm caudas gordas.",Não tratar Risk Number como recomendação; é linguagem de alinhamento de risco e deve exigir revisão humana/suitability.
JIM-LIT-0582,qa_validation_matrix.csv,F6,Como evitar overpromising?,[Pergunta presente na matriz de validação; resposta original deve ser consultada no arquivo de origem.],vehicle_tax_governance,B10: The Most Important Thing | B13: The Only Game in Town | B08: Principles for Dealing with the Changing World Order,B14: The Art of War,"Howard Marks, em The Most Important Thing, reforça risco é mais que volatilidade; Mohamed El-Erian, em The Only Game in Town, reforça bancos centrais alteram preços de ativos; Ray Dalio, em Principles for Dealing with the Changing World Order, reforça ciclos de dívida e poder moldam retornos.",Não dar aconselhamento tributário/jurídico; indicar revisão por profissional qualificado conforme jurisdição.
JIM-LIT-0583,qa_validation_matrix.csv,F7,Como comunicar risco sem gerar medo?,[Pergunta presente na matriz de validação; resposta original deve ser consultada no arquivo de origem.],behavioral_decision,B04: Thinking in Bets | B10: The Most Important Thing | B11: Antifragile,B05: The Mathematical Theory of Communication,"Annie Duke, em Thinking in Bets, reforça boa decisão pode ter mau resultado; Howard Marks, em The Most Important Thing, reforça risco é mais que volatilidade; Nassim Nicholas Taleb, em Antifragile, reforça sistemas frágeis quebram sob stress.","Evitar aconselhamento pessoal; reforçar processo decisório, probabilidades e adequação ao perfil."
JIM-LIT-0584,qa_validation_matrix.csv,F8,O que deve sempre ter disclaimer?,[Pergunta presente na matriz de validação; resposta original deve ser consultada no arquivo de origem.],jim_architecture_communication,B05: The Mathematical Theory of Communication | B14: The Art of War | B04: Thinking in Bets,B06: Advances in Financial Machine Learning,"Claude Shannon & Warren Weaver, em The Mathematical Theory of Communication, reforça separar sinal de ruído; Sun Tzu, em The Art of War, reforça conhecer terreno e adversário; Annie Duke, em Thinking in Bets, reforça boa decisão pode ter mau resultado.",JIM é assistente analítico/educacional; não é advisor autônomo nem substitui aprovação humana.
JIM-LIT-0585,qa_validation_matrix.csv,F9,Quando escalar para advisor humano?,[Pergunta presente na matriz de validação; resposta original deve ser consultada no arquivo de origem.],jim_architecture_communication,B05: The Mathematical Theory of Communication | B14: The Art of War | B04: Thinking in Bets,B06: Advances in Financial Machine Learning,"Claude Shannon & Warren Weaver, em The Mathematical Theory of Communication, reforça separar sinal de ruído; Sun Tzu, em The Art of War, reforça conhecer terreno e adversário; Annie Duke, em Thinking in Bets, reforça boa decisão pode ter mau resultado.",JIM é assistente analítico/educacional; não é advisor autônomo nem substitui aprovação humana.
JIM-LIT-0586,qa_validation_matrix.csv,F10,Como auditar decisões do sistema?,[Pergunta presente na matriz de validação; resposta original deve ser consultada no arquivo de origem.],jim_architecture_communication,B05: The Mathematical Theory of Communication | B14: The Art of War | B04: Thinking in Bets,B06: Advances in Financial Machine Learning,"Claude Shannon & Warren Weaver, em The Mathematical Theory of Communication, reforça separar sinal de ruído; Sun Tzu, em The Art of War, reforça conhecer terreno e adversário; Annie Duke, em Thinking in Bets, reforça boa decisão pode ter mau resultado.",JIM é assistente analítico/educacional; não é advisor autônomo nem substitui aprovação humana.
